{
    "layer": 8,
    "name": "res_sae_variance_explained",
    "shape": "torch.Size([38400])",
    "min": -1.9602713584899902,
    "max": 0.9999285340309143,
    "mean": 0.2746286392211914,
    "std": 0.2912589907646179,
    "median": 0.2999357581138611,
    "q1": 0.13118401169776917,
    "q3": 0.45155078172683716,
    "k": 64
}