{
    "layer": 2,
    "name": "res_sae_variance_explained",
    "shape": "torch.Size([38400])",
    "min": -0.4095529317855835,
    "max": 0.9999945759773254,
    "mean": 0.9634914994239807,
    "std": 0.058551397174596786,
    "median": 0.9800654649734497,
    "q1": 0.9644078016281128,
    "q3": 0.9866807460784912,
    "k": 16
}