{
    "layer": 2,
    "name": "res_sae_variance_explained",
    "shape": "torch.Size([38400])",
    "min": -1.5603711605072021,
    "max": 0.9931373000144958,
    "mean": 0.818198025226593,
    "std": 0.16944082081317902,
    "median": 0.8643866181373596,
    "q1": 0.7798833250999451,
    "q3": 0.9160677194595337,
    "k": 1
}