{
    "layer": 8,
    "name": "res_sae_variance_explained",
    "shape": "torch.Size([38400])",
    "min": -3.7747926712036133,
    "max": 0.9999285340309143,
    "mean": -0.09338319301605225,
    "std": 0.503799319267273,
    "median": -0.05170738697052002,
    "q1": -0.3339803218841553,
    "q3": 0.21364593505859375,
    "k": 16
}