{
    "layer": 1,
    "name": "res_sae_variance_explained",
    "shape": "torch.Size([38400])",
    "min": -0.07176518440246582,
    "max": 0.9999998807907104,
    "mean": 0.9725555181503296,
    "std": 0.05789599195122719,
    "median": 0.987691342830658,
    "q1": 0.9779058694839478,
    "q3": 0.9915518164634705,
    "k": 8
}