{
    "layer": 7,
    "name": "res_sae_variance_explained",
    "shape": "torch.Size([38400])",
    "min": -10.875946998596191,
    "max": 0.999870240688324,
    "mean": -1.0189834833145142,
    "std": 1.0946985483169556,
    "median": -0.8154298067092896,
    "q1": -1.3900455236434937,
    "q3": -0.3542478680610657,
    "k": 4
}