{
    "layer": 8,
    "name": "res_sae_variance_explained",
    "shape": "torch.Size([38400])",
    "min": -6.571140289306641,
    "max": 0.999862551689148,
    "mean": -1.0049316883087158,
    "std": 0.7867340445518494,
    "median": -0.9431567192077637,
    "q1": -1.4116146564483643,
    "q3": -0.5011578798294067,
    "k": 4
}