{
    "layer": 11,
    "name": "res_sae_variance_explained",
    "shape": "torch.Size([38400])",
    "min": -4.969742298126221,
    "max": 0.9999680519104004,
    "mean": 0.5042646527290344,
    "std": 0.5215169787406921,
    "median": 0.5703520774841309,
    "q1": 0.45560234785079956,
    "q3": 0.663044810295105,
    "k": 2
}