{
    "layer": 6,
    "name": "res_sae_variance_explained",
    "shape": "torch.Size([38400])",
    "min": -8.372096061706543,
    "max": 0.9999210834503174,
    "mean": -0.24863922595977783,
    "std": 0.8941094279289246,
    "median": -0.0022661685943603516,
    "q1": -0.5058448910713196,
    "q3": 0.3014938235282898,
    "k": 4
}