{
    "layer": 7,
    "name": "res_sae_variance_explained",
    "shape": "torch.Size([38400])",
    "min": -4.09572172164917,
    "max": 0.999870240688324,
    "mean": 0.17397458851337433,
    "std": 0.46830347180366516,
    "median": 0.2737419605255127,
    "q1": 0.006138965487480164,
    "q3": 0.4613206386566162,
    "k": 32
}