{
    "layer": 1,
    "name": "res_sae_variance_explained",
    "shape": "torch.Size([38400])",
    "min": -0.2827470302581787,
    "max": 0.9999620318412781,
    "mean": 0.9562270045280457,
    "std": 0.07881151884794235,
    "median": 0.9804003834724426,
    "q1": 0.9564892053604126,
    "q3": 0.9880894422531128,
    "k": 4
}