{
    "layer": 8,
    "name": "res_sae_variance_explained",
    "shape": "torch.Size([38400])",
    "min": -8.389762878417969,
    "max": 0.9998371005058289,
    "mean": -2.234593391418457,
    "std": 1.0908517837524414,
    "median": -2.1761796474456787,
    "q1": -2.7471392154693604,
    "q3": -1.600765347480774,
    "k": 1
}