{
    "layer": 7,
    "name": "res_sae_variance_explained",
    "shape": "torch.Size([38400])",
    "min": -6.0386834144592285,
    "max": 0.999870240688324,
    "mean": -0.08079870790243149,
    "std": 0.6597316861152649,
    "median": 0.05477476119995117,
    "q1": -0.2952169179916382,
    "q3": 0.31274792551994324,
    "k": 16
}