{
    "layer": 6,
    "name": "res_sae_variance_explained",
    "shape": "torch.Size([38400])",
    "min": -1.5751643180847168,
    "max": 0.9999210834503174,
    "mean": 0.5442215800285339,
    "std": 0.2952781617641449,
    "median": 0.621678352355957,
    "q1": 0.40611976385116577,
    "q3": 0.7528039216995239,
    "k": 128
}