{
    "layer": 9,
    "name": "res_sae_variance_explained",
    "shape": "torch.Size([38400])",
    "min": -3.1197614669799805,
    "max": 0.9999479651451111,
    "mean": -0.0020442407112568617,
    "std": 0.4273948073387146,
    "median": 0.0387190580368042,
    "q1": -0.2226124405860901,
    "q3": 0.2627922296524048,
    "k": 8
}