{
    "layer": 7,
    "name": "res_sae_variance_explained",
    "shape": "torch.Size([38400])",
    "min": -12.611822128295898,
    "max": 0.999870240688324,
    "mean": -1.6477770805358887,
    "std": 1.3012423515319824,
    "median": -1.4228487014770508,
    "q1": -2.123704195022583,
    "q3": -0.8445472121238708,
    "k": 2
}