{
    "layer": 3,
    "name": "res_sae_variance_explained",
    "shape": "torch.Size([38400])",
    "min": -14.993021965026855,
    "max": 0.9998382925987244,
    "mean": 0.6939103007316589,
    "std": 1.4035370349884033,
    "median": 0.8630819320678711,
    "q1": 0.7860994338989258,
    "q3": 0.9108151197433472,
    "k": 4
}