{
    "layer": 4,
    "name": "res_sae_variance_explained",
    "shape": "torch.Size([38400])",
    "min": -20.917402267456055,
    "max": 0.9999604821205139,
    "mean": 0.12461435794830322,
    "std": 1.9209530353546143,
    "median": 0.4020463824272156,
    "q1": 0.13034139573574066,
    "q3": 0.5730522871017456,
    "k": 1
}