{
    "layer": 0,
    "name": "res_sae_variance_explained",
    "shape": "torch.Size([38400])",
    "min": 0.998219907283783,
    "max": 1.0,
    "mean": 0.9999670386314392,
    "std": 0.00012309997691772878,
    "median": 0.9999974370002747,
    "q1": 0.9999963045120239,
    "q3": 0.9999979138374329,
    "k": 64
}