{
    "layer": 4,
    "name": "res_sae_variance_explained",
    "shape": "torch.Size([38400])",
    "min": -0.7331465482711792,
    "max": 0.9999604821205139,
    "mean": 0.8518232703208923,
    "std": 0.11920230835676193,
    "median": 0.8890209794044495,
    "q1": 0.809593915939331,
    "q3": 0.9312041997909546,
    "k": 64
}