{
    "layer": 5,
    "name": "res_sae_variance_explained",
    "shape": "torch.Size([38400])",
    "min": -1.3551101684570312,
    "max": 0.99997478723526,
    "mean": 0.7408739328384399,
    "std": 0.1873142570257187,
    "median": 0.7954896688461304,
    "q1": 0.6628092527389526,
    "q3": 0.8700449466705322,
    "k": 64
}