{
    "layer": 9,
    "name": "res_sae_variance_explained",
    "shape": "torch.Size([38400])",
    "min": -3.820545196533203,
    "max": 0.9999479651451111,
    "mean": -0.34174269437789917,
    "std": 0.513197124004364,
    "median": -0.28594350814819336,
    "q1": -0.5982769727706909,
    "q3": -0.018315285444259644,
    "k": 4
}