{
    "layer": 11,
    "name": "res_sae_variance_explained",
    "shape": "torch.Size([38400])",
    "min": -1.820429801940918,
    "max": 0.9999703764915466,
    "mean": 0.6250535845756531,
    "std": 0.22967447340488434,
    "median": 0.6585590243339539,
    "q1": 0.5588662624359131,
    "q3": 0.7386412024497986,
    "k": 4
}