{
    "layer": 1,
    "name": "res_sae_variance_explained",
    "shape": "torch.Size([38400])",
    "min": -0.4765338897705078,
    "max": 0.9996868371963501,
    "mean": 0.9292604327201843,
    "std": 0.1015513464808464,
    "median": 0.9630013704299927,
    "q1": 0.92197585105896,
    "q3": 0.9793409109115601,
    "k": 2
}