{
    "layer": 11,
    "name": "res_sae_variance_explained",
    "shape": "torch.Size([38400])",
    "min": -7.741131782531738,
    "max": 0.9999680519104004,
    "mean": 0.39578360319137573,
    "std": 0.7527495622634888,
    "median": 0.48813122510910034,
    "q1": 0.3609539270401001,
    "q3": 0.5889748334884644,
    "k": 1
}