{
    "layer": 3,
    "name": "res_sae_variance_explained",
    "shape": "torch.Size([38400])",
    "min": -0.32086193561553955,
    "max": 0.9998382925987244,
    "mean": 0.9271345734596252,
    "std": 0.07150135189294815,
    "median": 0.9493939280509949,
    "q1": 0.9119371175765991,
    "q3": 0.967779278755188,
    "k": 32
}