{
    "layer": 6,
    "name": "res_sae_variance_explained",
    "shape": "torch.Size([38400])",
    "min": -4.698025226593018,
    "max": 0.9999210834503174,
    "mean": 0.3530176877975464,
    "std": 0.5070303678512573,
    "median": 0.49194473028182983,
    "q1": 0.19479911029338837,
    "q3": 0.6711746454238892,
    "k": 16
}