{
    "layer": 7,
    "name": "res_sae_variance_explained",
    "shape": "torch.Size([38400])",
    "min": -2.2948200702667236,
    "max": 0.999870240688324,
    "mean": 0.2640228271484375,
    "std": 0.37006914615631104,
    "median": 0.3408682346343994,
    "q1": 0.10213212668895721,
    "q3": 0.5006719827651978,
    "k": 99999999
}