{
    "layer": 9,
    "name": "res_sae_variance_explained",
    "shape": "torch.Size([38400])",
    "min": -1.2869346141815186,
    "max": 0.9999479651451111,
    "mean": 0.4328068494796753,
    "std": 0.25396957993507385,
    "median": 0.46069997549057007,
    "q1": 0.3005337119102478,
    "q3": 0.5986200571060181,
    "k": 32
}