{
    "layer": 9,
    "name": "res_sae_variance_explained",
    "shape": "torch.Size([38400])",
    "min": -2.2071096897125244,
    "max": 0.9999479651451111,
    "mean": 0.2567528486251831,
    "std": 0.33583441376686096,
    "median": 0.291612446308136,
    "q1": 0.08301261067390442,
    "q3": 0.4701406955718994,
    "k": 16
}