{
    "layer": 6,
    "name": "res_sae_variance_explained",
    "shape": "torch.Size([38400])",
    "min": -9.767041206359863,
    "max": 0.9999210834503174,
    "mean": -0.6680528521537781,
    "std": 1.1768670082092285,
    "median": -0.3730461597442627,
    "q1": -0.9802954196929932,
    "q3": 0.021943479776382446,
    "k": 2
}