{
    "layer": 6,
    "name": "res_sae_variance_explained",
    "shape": "torch.Size([38400])",
    "min": -10.885412216186523,
    "max": 0.999919056892395,
    "mean": -1.1355245113372803,
    "std": 1.4347890615463257,
    "median": -0.7986674308776855,
    "q1": -1.5529998540878296,
    "q3": -0.303760826587677,
    "k": 1
}