{
    "layer": 5,
    "name": "res_sae_variance_explained",
    "shape": "torch.Size([38400])",
    "min": -2.1566321849823,
    "max": 0.99997478723526,
    "mean": 0.7240395545959473,
    "std": 0.2171865701675415,
    "median": 0.7875822186470032,
    "q1": 0.6491043567657471,
    "q3": 0.865510880947113,
    "k": 32
}