{
    "layer": 8,
    "name": "res_sae_variance_explained",
    "shape": "torch.Size([38400])",
    "min": -1.7497429847717285,
    "max": 0.9999285340309143,
    "mean": 0.2829445004463196,
    "std": 0.2821471691131592,
    "median": 0.30593305826187134,
    "q1": 0.14104944467544556,
    "q3": 0.45437049865722656,
    "k": 128
}