{
    "layer": 10,
    "name": "res_sae_variance_explained",
    "shape": "torch.Size([38400])",
    "min": -0.5216141939163208,
    "max": 0.996290922164917,
    "mean": 0.6761497855186462,
    "std": 0.14472076296806335,
    "median": 0.6951907873153687,
    "q1": 0.5993781685829163,
    "q3": 0.7727550268173218,
    "k": 128
}