{
    "layer": 5,
    "name": "res_sae_variance_explained",
    "shape": "torch.Size([38400])",
    "min": -4.9284539222717285,
    "max": 0.99997478723526,
    "mean": 0.5069310665130615,
    "std": 0.4124172329902649,
    "median": 0.6202031373977661,
    "q1": 0.4002719819545746,
    "q3": 0.7511798143386841,
    "k": 8
}