{
    "layer": 0,
    "name": "res_sae_variance_explained",
    "shape": "torch.Size([38400])",
    "min": 0.9977169632911682,
    "max": 1.0,
    "mean": 0.9999619722366333,
    "std": 0.0001494055613875389,
    "median": 0.9999974370002747,
    "q1": 0.9999963045120239,
    "q3": 0.9999979138374329,
    "k": 32
}