{
    "layer": 7,
    "name": "res_sae_variance_explained",
    "shape": "torch.Size([38400])",
    "min": -8.15114688873291,
    "max": 0.999870240688324,
    "mean": -0.48665764927864075,
    "std": 0.8919035792350769,
    "median": -0.31038331985473633,
    "q1": -0.7774640321731567,
    "q3": 0.041736334562301636,
    "k": 8
}