{
    "layer": 11,
    "name": "res_sae_variance_explained",
    "shape": "torch.Size([38400])",
    "min": -0.19738638401031494,
    "max": 0.9999703764915466,
    "mean": 0.8418459296226501,
    "std": 0.07926777005195618,
    "median": 0.850567638874054,
    "q1": 0.8006432056427002,
    "q3": 0.8934374451637268,
    "k": 32
}