{
    "layer": 3,
    "name": "res_sae_variance_explained",
    "shape": "torch.Size([38400])",
    "min": -50.980194091796875,
    "max": 0.9998382925987244,
    "mean": 0.22627700865268707,
    "std": 4.5513458251953125,
    "median": 0.6978304386138916,
    "q1": 0.5551604628562927,
    "q3": 0.7806369066238403,
    "k": 1
}