{
    "layer": 0,
    "name": "res_sae_variance_explained",
    "shape": "torch.Size([38400])",
    "min": 0.9967795610427856,
    "max": 1.0,
    "mean": 0.9999312162399292,
    "std": 0.00025504286168143153,
    "median": 0.9999963641166687,
    "q1": 0.9999886751174927,
    "q3": 0.999997615814209,
    "k": 8
}