{
    "layer": 2,
    "name": "res_sae_variance_explained",
    "shape": "torch.Size([38400])",
    "min": -0.7359113693237305,
    "max": 0.9998905658721924,
    "mean": 0.9488781690597534,
    "std": 0.08626654744148254,
    "median": 0.9725965857505798,
    "q1": 0.9488318562507629,
    "q3": 0.9838958382606506,
    "k": 8
}