{
    "layer": 10,
    "name": "res_sae_variance_explained",
    "shape": "torch.Size([38400])",
    "min": -0.5582442283630371,
    "max": 0.996290922164917,
    "mean": 0.6748478412628174,
    "std": 0.14608275890350342,
    "median": 0.6945131421089172,
    "q1": 0.5976919531822205,
    "q3": 0.7725683450698853,
    "k": 64
}