{
    "layer": 5,
    "name": "res_sae_variance_explained",
    "shape": "torch.Size([38400])",
    "min": -6.080143928527832,
    "max": 0.99997478723526,
    "mean": 0.2996353805065155,
    "std": 0.5305367112159729,
    "median": 0.44583529233932495,
    "q1": 0.16086004674434662,
    "q3": 0.6185011863708496,
    "k": 4
}