{
    "layer": 0,
    "name": "res_sae_variance_explained",
    "shape": "torch.Size([38400])",
    "min": 0.995483934879303,
    "max": 0.9999951720237732,
    "mean": 0.9993866086006165,
    "std": 0.0006042056484147906,
    "median": 0.9996017217636108,
    "q1": 0.9991521835327148,
    "q3": 0.9998253583908081,
    "k": 1
}