{
    "layer": 8,
    "name": "res_sae_variance_explained",
    "shape": "torch.Size([38400])",
    "min": -7.752708435058594,
    "max": 0.999862551689148,
    "mean": -1.6033644676208496,
    "std": 0.9459889531135559,
    "median": -1.5259666442871094,
    "q1": -2.0803446769714355,
    "q3": -1.01542067527771,
    "k": 2
}