{
    "layer": 4,
    "name": "res_sae_variance_explained",
    "shape": "torch.Size([38400])",
    "min": -4.807011127471924,
    "max": 0.9999604821205139,
    "mean": 0.5807046294212341,
    "std": 0.5728145837783813,
    "median": 0.7060955762863159,
    "q1": 0.5443145036697388,
    "q3": 0.804747998714447,
    "k": 4
}