{
    "layer": 11,
    "name": "res_sae_variance_explained",
    "shape": "torch.Size([38400])",
    "min": -1.3360068798065186,
    "max": 0.9999703764915466,
    "mean": 0.7278847694396973,
    "std": 0.13454215228557587,
    "median": 0.7438088655471802,
    "q1": 0.6623469591140747,
    "q3": 0.8115713596343994,
    "k": 8
}