{
    "layer": 4,
    "name": "res_sae_variance_explained",
    "shape": "torch.Size([38400])",
    "min": -14.105805397033691,
    "max": 0.9999604821205139,
    "mean": 0.3589538633823395,
    "std": 1.3391993045806885,
    "median": 0.5686975717544556,
    "q1": 0.361426442861557,
    "q3": 0.6982826590538025,
    "k": 2
}