{
    "layer": 8,
    "name": "res_sae_variance_explained",
    "shape": "torch.Size([38400])",
    "min": -2.7471463680267334,
    "max": 0.9999285340309143,
    "mean": 0.1689499467611313,
    "std": 0.3652752637863159,
    "median": 0.20360642671585083,
    "q1": -0.006965547800064087,
    "q3": 0.39261114597320557,
    "k": 32
}