{
    "layer": 3,
    "name": "res_sae_variance_explained",
    "shape": "torch.Size([38400])",
    "min": -0.17701339721679688,
    "max": 0.9998382925987244,
    "mean": 0.928209662437439,
    "std": 0.06637208163738251,
    "median": 0.9494070410728455,
    "q1": 0.9120399951934814,
    "q3": 0.9677888751029968,
    "k": 99999999
}