{
    "layer": 1,
    "name": "res_sae_variance_explained",
    "shape": "torch.Size([38400])",
    "min": -0.6681931018829346,
    "max": 0.9975978136062622,
    "mean": 0.8910087943077087,
    "std": 0.12503787875175476,
    "median": 0.9307365417480469,
    "q1": 0.8725723624229431,
    "q3": 0.9615614414215088,
    "k": 1
}