{
    "layer": 0,
    "name": "res_sae_variance_explained",
    "shape": "torch.Size([38400])",
    "min": 0.9985639452934265,
    "max": 1.0,
    "mean": 0.9999677538871765,
    "std": 0.00011850681767100468,
    "median": 0.9999974370002747,
    "q1": 0.9999963045120239,
    "q3": 0.9999979138374329,
    "k": 99999999
}