{
    "layer": 3,
    "name": "res_sae_variance_explained",
    "shape": "torch.Size([38400])",
    "min": -1.568751335144043,
    "max": 0.9998382925987244,
    "mean": 0.8755800127983093,
    "std": 0.14486831426620483,
    "median": 0.9157233238220215,
    "q1": 0.8616107702255249,
    "q3": 0.9477599263191223,
    "k": 8
}