{
    "layer": 0,
    "name": "res_sae_variance_explained",
    "shape": "torch.Size([38400])",
    "min": 0.9961616396903992,
    "max": 0.9999994039535522,
    "mean": 0.9998437762260437,
    "std": 0.00033393397461622953,
    "median": 0.999963641166687,
    "q1": 0.9998679757118225,
    "q3": 0.9999934434890747,
    "k": 4
}