{
    "layer": 5,
    "name": "res_sae_variance_explained",
    "shape": "torch.Size([38400])",
    "min": -1.2180778980255127,
    "max": 0.99997478723526,
    "mean": 0.7413132786750793,
    "std": 0.18589277565479279,
    "median": 0.7954966425895691,
    "q1": 0.6628220081329346,
    "q3": 0.8700449466705322,
    "k": 128
}