{
    "layer": 2,
    "name": "res_sae_variance_explained",
    "shape": "torch.Size([38400])",
    "min": -1.3611993789672852,
    "max": 0.9960960745811462,
    "mean": 0.8764368891716003,
    "std": 0.1435946524143219,
    "median": 0.9180383086204529,
    "q1": 0.8526767492294312,
    "q3": 0.9527269005775452,
    "k": 2
}