{
    "layer": 9,
    "name": "res_sae_variance_explained",
    "shape": "torch.Size([38400])",
    "min": -0.7515965700149536,
    "max": 0.9999479651451111,
    "mean": 0.512222170829773,
    "std": 0.2069869488477707,
    "median": 0.5353177189826965,
    "q1": 0.40450912714004517,
    "q3": 0.6469470858573914,
    "k": 64
}