{
    "layer": 4,
    "name": "res_sae_variance_explained",
    "shape": "torch.Size([38400])",
    "min": -1.2393848896026611,
    "max": 0.9999604821205139,
    "mean": 0.8478527069091797,
    "std": 0.13064464926719666,
    "median": 0.8881813883781433,
    "q1": 0.8079068064689636,
    "q3": 0.9307326078414917,
    "k": 32
}