{
    "layer": 5,
    "name": "res_sae_variance_explained",
    "shape": "torch.Size([38400])",
    "min": -11.137353897094727,
    "max": 0.99997478723526,
    "mean": -0.29700419306755066,
    "std": 1.2039105892181396,
    "median": -0.03574573993682861,
    "q1": -0.4944285750389099,
    "q3": 0.2576417326927185,
    "k": 1
}