{
    "layer": 11,
    "name": "res_sae_variance_explained",
    "shape": "torch.Size([38400])",
    "min": 0.030243754386901855,
    "max": 0.9999703764915466,
    "mean": 0.8588625192642212,
    "std": 0.06744657456874847,
    "median": 0.8651552200317383,
    "q1": 0.8238664865493774,
    "q3": 0.9018374085426331,
    "k": 64
}