{
    "layer": 10,
    "name": "res_sae_variance_explained",
    "shape": "torch.Size([38400])",
    "min": -4.42156457901001,
    "max": 0.996290922164917,
    "mean": -0.010626126080751419,
    "std": 0.5459839105606079,
    "median": 0.08512502908706665,
    "q1": -0.17867809534072876,
    "q3": 0.2718433141708374,
    "k": 2
}