{
    "layer": 1,
    "name": "res_sae_variance_explained",
    "shape": "torch.Size([38400])",
    "min": 0.211017906665802,
    "max": 0.9999998807907104,
    "mean": 0.9794492721557617,
    "std": 0.03917429596185684,
    "median": 0.9894939661026001,
    "q1": 0.983569860458374,
    "q3": 0.9922385811805725,
    "k": 16
}