{
    "layer": 10,
    "name": "res_sae_variance_explained",
    "shape": "torch.Size([38400])",
    "min": -0.8666422367095947,
    "max": 0.996290922164917,
    "mean": 0.6451955437660217,
    "std": 0.1665792614221573,
    "median": 0.6685981750488281,
    "q1": 0.558351993560791,
    "q3": 0.7567081451416016,
    "k": 32
}