{
    "layer": 1,
    "name": "res_sae_variance_explained",
    "shape": "torch.Size([38400])",
    "min": 0.6298037767410278,
    "max": 0.9999998807907104,
    "mean": 0.9818704128265381,
    "std": 0.026054786518216133,
    "median": 0.9895592331886292,
    "q1": 0.9837363958358765,
    "q3": 0.9922626614570618,
    "k": 99999999
}