{
    "layer": 6,
    "name": "res_sae_variance_explained",
    "shape": "torch.Size([38400])",
    "min": -1.86165452003479,
    "max": 0.9999210834503174,
    "mean": 0.5424863696098328,
    "std": 0.29981088638305664,
    "median": 0.6215282082557678,
    "q1": 0.40551435947418213,
    "q3": 0.7527627348899841,
    "k": 64
}