{
    "layer": 6,
    "name": "res_sae_variance_explained",
    "shape": "torch.Size([38400])",
    "min": -6.5339436531066895,
    "max": 0.9999210834503174,
    "mean": 0.10383586585521698,
    "std": 0.6882140040397644,
    "median": 0.2923230528831482,
    "q1": -0.09653791785240173,
    "q3": 0.5282727479934692,
    "k": 8
}