{
    "layer": 0,
    "name": "res_sae_variance_explained",
    "shape": "torch.Size([38400])",
    "min": 0.9958957433700562,
    "max": 0.9999980330467224,
    "mean": 0.9996383786201477,
    "std": 0.0004632423515431583,
    "median": 0.9998180270195007,
    "q1": 0.9995244741439819,
    "q3": 0.9999426007270813,
    "k": 2
}