{
    "layer": 2,
    "name": "res_sae_variance_explained",
    "shape": "torch.Size([38400])",
    "min": 0.05434465408325195,
    "max": 0.9999945759773254,
    "mean": 0.9676156640052795,
    "std": 0.04146024212241173,
    "median": 0.9807148575782776,
    "q1": 0.9657111167907715,
    "q3": 0.9868810176849365,
    "k": 32
}