{
    "layer": 11,
    "name": "res_sae_variance_explained",
    "shape": "torch.Size([38400])",
    "min": 0.05026364326477051,
    "max": 0.9999703764915466,
    "mean": 0.8600319623947144,
    "std": 0.06614456325769424,
    "median": 0.8657822012901306,
    "q1": 0.8256872892379761,
    "q3": 0.9020707607269287,
    "k": 128
}