{
    "layer": 10,
    "name": "res_sae_variance_explained",
    "shape": "torch.Size([38400])",
    "min": -7.365211486816406,
    "max": 0.996290922164917,
    "mean": -0.24009902775287628,
    "std": 0.7618693709373474,
    "median": -0.1104590892791748,
    "q1": -0.4104005992412567,
    "q3": 0.09665092825889587,
    "k": 1
}