{
    "layer": 6,
    "name": "res_sae_variance_explained",
    "shape": "torch.Size([38400])",
    "min": -2.985539436340332,
    "max": 0.9999210834503174,
    "mean": 0.4997422397136688,
    "std": 0.3618522584438324,
    "median": 0.5985029935836792,
    "q1": 0.3625462055206299,
    "q3": 0.7396437525749207,
    "k": 32
}