{
    "layer": 11,
    "name": "res_sae_variance_explained",
    "shape": "torch.Size([38400])",
    "min": -0.7139384746551514,
    "max": 0.9999703764915466,
    "mean": 0.7971963286399841,
    "std": 0.10388772189617157,
    "median": 0.8088358044624329,
    "q1": 0.7443066835403442,
    "q3": 0.86343914270401,
    "k": 16
}