{
    "layer": 4,
    "name": "res_sae_variance_explained",
    "shape": "torch.Size([38400])",
    "min": -0.7073825597763062,
    "max": 0.9999604821205139,
    "mean": 0.8518709540367126,
    "std": 0.11899001896381378,
    "median": 0.8890209794044495,
    "q1": 0.809593915939331,
    "q3": 0.9312041997909546,
    "k": 99999999
}