{
    "layer": 4,
    "name": "res_sae_variance_explained",
    "shape": "torch.Size([38400])",
    "min": -3.59824275970459,
    "max": 0.9999604821205139,
    "mean": 0.7412977814674377,
    "std": 0.24580393731594086,
    "median": 0.8101342916488647,
    "q1": 0.6880587339401245,
    "q3": 0.8807830214500427,
    "k": 8
}