{
    "layer": 8,
    "name": "res_sae_variance_explained",
    "shape": "torch.Size([38400])",
    "min": -5.210017204284668,
    "max": 0.9999285340309143,
    "mean": -0.49098846316337585,
    "std": 0.6636755466461182,
    "median": -0.4387481212615967,
    "q1": -0.8227595090866089,
    "q3": -0.0794125497341156,
    "k": 8
}