{
    "layer": 9,
    "name": "res_sae_variance_explained",
    "shape": "torch.Size([38400])",
    "min": -5.684695720672607,
    "max": 0.9999479651451111,
    "mean": -0.7291765809059143,
    "std": 0.715751051902771,
    "median": -0.6462694406509399,
    "q1": -0.9996248483657837,
    "q3": -0.337342768907547,
    "k": 2
}