{
    "layer": 7,
    "name": "res_sae_variance_explained",
    "shape": "torch.Size([38400])",
    "min": -13.64040470123291,
    "max": 0.9998621940612793,
    "mean": -2.332148551940918,
    "std": 1.487104892730713,
    "median": -2.0975430011749268,
    "q1": -2.885545492172241,
    "q3": -1.431517243385315,
    "k": 1
}