{
    "layer": 9,
    "name": "res_sae_variance_explained",
    "shape": "torch.Size([38400])",
    "min": -0.6957685947418213,
    "max": 0.9999479651451111,
    "mean": 0.5210579633712769,
    "std": 0.19956110417842865,
    "median": 0.542468249797821,
    "q1": 0.41663187742233276,
    "q3": 0.6504502892494202,
    "k": 128
}