{
    "layer": 10,
    "name": "res_sae_variance_explained",
    "shape": "torch.Size([38400])",
    "min": -2.509030818939209,
    "max": 0.996290922164917,
    "mean": 0.22045008838176727,
    "std": 0.3414280414581299,
    "median": 0.2793511152267456,
    "q1": 0.055429548025131226,
    "q3": 0.4416637420654297,
    "k": 4
}