{
    "layer": 10,
    "name": "res_sae_variance_explained",
    "shape": "torch.Size([38400])",
    "min": -1.4084193706512451,
    "max": 0.996290922164917,
    "mean": 0.5570042729377747,
    "std": 0.21449126303195953,
    "median": 0.5870084166526794,
    "q1": 0.4476932883262634,
    "q3": 0.6971506476402283,
    "k": 16
}