{
    "layer": 10,
    "name": "res_sae_variance_explained",
    "shape": "torch.Size([38400])",
    "min": -1.9281017780303955,
    "max": 0.996290922164917,
    "mean": 0.41493427753448486,
    "std": 0.2762914299964905,
    "median": 0.45494526624679565,
    "q1": 0.2765383720397949,
    "q3": 0.5920472145080566,
    "k": 8
}