{
    "layer": 3,
    "name": "res_sae_variance_explained",
    "shape": "torch.Size([38400])",
    "min": -34.32034683227539,
    "max": 0.9998382925987244,
    "mean": 0.4597143530845642,
    "std": 3.0940639972686768,
    "median": 0.7888182997703552,
    "q1": 0.6825677156448364,
    "q3": 0.8540927171707153,
    "k": 2
}