{
    "layer": 9,
    "name": "res_sae_variance_explained",
    "shape": "torch.Size([38400])",
    "min": -8.412270545959473,
    "max": 0.9999170899391174,
    "mean": -1.1224929094314575,
    "std": 0.8941425681114197,
    "median": -1.0136277675628662,
    "q1": -1.401025652885437,
    "q3": -0.6866042613983154,
    "k": 1
}