{
    "layer": 3,
    "name": "res_sae_variance_explained",
    "shape": "torch.Size([38400])",
    "min": -0.9011025428771973,
    "max": 0.9998382925987244,
    "mean": 0.9162881374359131,
    "std": 0.09630420804023743,
    "median": 0.9439941644668579,
    "q1": 0.903644323348999,
    "q3": 0.9648071527481079,
    "k": 16
}