{
    "layer": 2,
    "name": "res_sae_variance_explained",
    "shape": "torch.Size([38400])",
    "min": 0.2353149652481079,
    "max": 0.9999945759773254,
    "mean": 0.9681280255317688,
    "std": 0.038308389484882355,
    "median": 0.9807148575782776,
    "q1": 0.9657111167907715,
    "q3": 0.9868810176849365,
    "k": 99999999
}