{
    "layer": 7,
    "name": "res_sae_variance_explained",
    "shape": "torch.Size([38400])",
    "min": -2.4221458435058594,
    "max": 0.999870240688324,
    "mean": 0.25984781980514526,
    "std": 0.3782382011413574,
    "median": 0.3392857313156128,
    "q1": 0.10027208924293518,
    "q3": 0.5002505779266357,
    "k": 64
}