{
    "layer": 5,
    "name": "res_sae_variance_explained",
    "shape": "torch.Size([38400])",
    "min": -7.043103218078613,
    "max": 0.99997478723526,
    "mean": 0.020810605958104134,
    "std": 0.8319898247718811,
    "median": 0.22243952751159668,
    "q1": -0.13145846128463745,
    "q3": 0.450436532497406,
    "k": 2
}