{
    "layer": 5,
    "name": "res_sae_variance_explained",
    "shape": "torch.Size([38400])",
    "min": -3.7748098373413086,
    "max": 0.99997478723526,
    "mean": 0.6482934355735779,
    "std": 0.3005518317222595,
    "median": 0.734080970287323,
    "q1": 0.5659220218658447,
    "q3": 0.8312951922416687,
    "k": 16
}