{
    "layer": 4,
    "name": "res_sae_variance_explained",
    "shape": "torch.Size([38400])",
    "min": -2.452401876449585,
    "max": 0.9999604821205139,
    "mean": 0.8169233798980713,
    "std": 0.17667189240455627,
    "median": 0.8687558174133301,
    "q1": 0.776233434677124,
    "q3": 0.9195103645324707,
    "k": 16
}