{
    "layer": 2,
    "name": "res_sae_variance_explained",
    "shape": "torch.Size([38400])",
    "min": -1.0992813110351562,
    "max": 0.9967480897903442,
    "mean": 0.9195311665534973,
    "std": 0.11626935750246048,
    "median": 0.9532920122146606,
    "q1": 0.9096633791923523,
    "q3": 0.9736958742141724,
    "k": 4
}