{
    "layer": 2,
    "name": "ln2_sae_mse",
    "shape": "torch.Size([128000])",
    "min": 1.1314943549223244e-05,
    "max": 0.31454935669898987,
    "mean": 0.03202012553811073,
    "std": 0.026121418923139572,
    "median": 0.024574676528573036,
    "q1": 0.016236839815974236,
    "q3": 0.03806859999895096,
    "k": 32
}