{
    "layer": 4,
    "name": "ln2_sae_mse",
    "shape": "torch.Size([128000])",
    "min": 3.1276365461962996e-06,
    "max": 0.3506610691547394,
    "mean": 0.05329078063368797,
    "std": 0.030551373958587646,
    "median": 0.04617694020271301,
    "q1": 0.03349338099360466,
    "q3": 0.06465104967355728,
    "k": 32
}