{
    "layer": 11,
    "name": "ln2_sae_mse",
    "shape": "torch.Size([128000])",
    "min": 4.470783551369095e-06,
    "max": 1.9019137620925903,
    "mean": 0.03950275108218193,
    "std": 0.045785289257764816,
    "median": 0.030597643926739693,
    "q1": 0.022465873509645462,
    "q3": 0.041520487517118454,
    "k": 32
}