{
    "layer": 8,
    "name": "ln2_sae_mse",
    "shape": "torch.Size([128000])",
    "min": 2.58895870501874e-05,
    "max": 1.327893614768982,
    "mean": 0.24195699393749237,
    "std": 0.11030590534210205,
    "median": 0.22780628502368927,
    "q1": 0.17263060808181763,
    "q3": 0.2938910126686096,
    "k": 4
}