{
    "layer": 1,
    "name": "ln2_sae_mse",
    "shape": "torch.Size([128000])",
    "min": 0.006364054977893829,
    "max": 0.8028332591056824,
    "mean": 0.10201539844274521,
    "std": 0.07426013797521591,
    "median": 0.08236954361200333,
    "q1": 0.06120654568076134,
    "q3": 0.11609543859958649,
    "k": 2
}