{
    "layer": 3,
    "name": "ln2_sae_mse",
    "shape": "torch.Size([128000])",
    "min": 0.00025874865241348743,
    "max": 0.9083738327026367,
    "mean": 0.20235642790794373,
    "std": 0.09891940653324127,
    "median": 0.18183939158916473,
    "q1": 0.13658857345581055,
    "q3": 0.24614585936069489,
    "k": 1
}