{
    "layer": 8,
    "name": "ln2_sae_mse",
    "shape": "torch.Size([128000])",
    "min": 3.9196306715894025e-06,
    "max": 0.5205938220024109,
    "mean": 0.09578646719455719,
    "std": 0.0454837791621685,
    "median": 0.08948072046041489,
    "q1": 0.0664329081773758,
    "q3": 0.11736264824867249,
    "k": 32
}