{
    "layer": 4,
    "name": "ln2_sae_mse",
    "shape": "torch.Size([128000])",
    "min": 0.000834388192743063,
    "max": 0.9629302024841309,
    "mean": 0.2550877034664154,
    "std": 0.10911595821380615,
    "median": 0.23885683715343475,
    "q1": 0.18289007246494293,
    "q3": 0.3097401559352875,
    "k": 1
}