{
    "layer": 1,
    "name": "ln2_sae_mse",
    "shape": "torch.Size([128000])",
    "min": 8.927759154175874e-06,
    "max": 0.38237321376800537,
    "mean": 0.019970396533608437,
    "std": 0.028653336688876152,
    "median": 0.011563618667423725,
    "q1": 0.00860986765474081,
    "q3": 0.01778755523264408,
    "k": 16
}