{
    "layer": 5,
    "name": "ln2_sae_mse",
    "shape": "torch.Size([128000])",
    "min": 1.4788938642595895e-06,
    "max": 0.3622227609157562,
    "mean": 0.06418555229902267,
    "std": 0.0316876657307148,
    "median": 0.057984769344329834,
    "q1": 0.043667834252119064,
    "q3": 0.07775630056858063,
    "k": 99999999
}