{
    "layer": 10,
    "name": "ln2_sae_mse",
    "shape": "torch.Size([128000])",
    "min": 9.530918418931833e-07,
    "max": 0.7408046126365662,
    "mean": 0.09515319764614105,
    "std": 0.04786503687500954,
    "median": 0.08824092149734497,
    "q1": 0.06535401195287704,
    "q3": 0.11525537073612213,
    "k": 32
}