{
    "layer": 11,
    "name": "ln2_sae_mse",
    "shape": "torch.Size([128000])",
    "min": 0.0033296977635473013,
    "max": 3.8122055530548096,
    "mean": 0.1943262666463852,
    "std": 0.3724477291107178,
    "median": 0.1133120059967041,
    "q1": 0.089323028922081,
    "q3": 0.15343622863292694,
    "k": 1
}