{
    "layer": 10,
    "name": "ln2_sae_mse",
    "shape": "torch.Size([128000])",
    "min": 9.530918418931833e-07,
    "max": 0.8622815608978271,
    "mean": 0.11988090723752975,
    "std": 0.06240171566605568,
    "median": 0.11140057444572449,
    "q1": 0.08071652054786682,
    "q3": 0.14706064760684967,
    "k": 16
}