{
    "layer": 1,
    "name": "ln2_sae_mse",
    "shape": "torch.Size([128000])",
    "min": 0.030658097937703133,
    "max": 0.9311450123786926,
    "mean": 0.18153825402259827,
    "std": 0.10010656714439392,
    "median": 0.15249517560005188,
    "q1": 0.11483681201934814,
    "q3": 0.2197725474834442,
    "k": 1
}