{
    "layer": 10,
    "name": "ln2_sae_mse",
    "shape": "torch.Size([128000])",
    "min": 1.6895945691430825e-06,
    "max": 1.2167026996612549,
    "mean": 0.16137662529945374,
    "std": 0.0838141068816185,
    "median": 0.15006981790065765,
    "q1": 0.1085948646068573,
    "q3": 0.19867780804634094,
    "k": 8
}