{
    "layer": 3,
    "name": "ln2_sae_mse",
    "shape": "torch.Size([128000])",
    "min": 8.483303099637851e-05,
    "max": 0.7136173844337463,
    "mean": 0.11060155183076859,
    "std": 0.06645561754703522,
    "median": 0.09518537670373917,
    "q1": 0.06910637766122818,
    "q3": 0.13301151990890503,
    "k": 4
}