{
    "layer": 8,
    "name": "ln2_sae_mse",
    "shape": "torch.Size([128000])",
    "min": 3.9196306715894025e-06,
    "max": 1.063988447189331,
    "mean": 0.17873112857341766,
    "std": 0.08627185225486755,
    "median": 0.16754072904586792,
    "q1": 0.12422369420528412,
    "q3": 0.2193956822156906,
    "k": 8
}