{
    "layer": 5,
    "name": "ln2_sae_mse",
    "shape": "torch.Size([128000])",
    "min": 0.0003631083818618208,
    "max": 1.0737425088882446,
    "mean": 0.306050568819046,
    "std": 0.12394478917121887,
    "median": 0.29076042771339417,
    "q1": 0.22450792789459229,
    "q3": 0.3706953525543213,
    "k": 1
}