{
    "layer": 9,
    "name": "ln2_sae_mse",
    "shape": "torch.Size([128000])",
    "min": 0.0015406551538035274,
    "max": 1.7617610692977905,
    "mean": 0.40320855379104614,
    "std": 0.16669808328151703,
    "median": 0.3790539801120758,
    "q1": 0.2986105680465698,
    "q3": 0.4774053394794464,
    "k": 1
}