{
    "layer": 7,
    "name": "ln2_sae_mse",
    "shape": "torch.Size([128000])",
    "min": 8.224724297178909e-05,
    "max": 1.2032424211502075,
    "mean": 0.22598832845687866,
    "std": 0.10103152692317963,
    "median": 0.21246515214443207,
    "q1": 0.16170339286327362,
    "q3": 0.2741519510746002,
    "k": 4
}