{
    "layer": 6,
    "name": "ln2_sae_mse",
    "shape": "torch.Size([128000])",
    "min": 0.0006635189638473094,
    "max": 1.2119406461715698,
    "mean": 0.3455878794193268,
    "std": 0.135461688041687,
    "median": 0.33039215207099915,
    "q1": 0.2572065591812134,
    "q3": 0.41646435856819153,
    "k": 1
}