{
    "layer": 1,
    "name": "ln2_sae_mse",
    "shape": "torch.Size([128000])",
    "min": 0.0004553436301648617,
    "max": 0.6847782135009766,
    "mean": 0.0526580773293972,
    "std": 0.057428162544965744,
    "median": 0.03786125406622887,
    "q1": 0.02632075361907482,
    "q3": 0.054874222725629807,
    "k": 4
}