{
    "layer": 11,
    "name": "ln2_sae_mse",
    "shape": "torch.Size([128000])",
    "min": 4.4697453631670214e-06,
    "max": 1.7552566528320312,
    "mean": 0.0725150778889656,
    "std": 0.08381759375333786,
    "median": 0.05632603541016579,
    "q1": 0.04167655482888222,
    "q3": 0.07490101456642151,
    "k": 8
}