{
    "layer": 8,
    "name": "ln2_sae_mse",
    "shape": "torch.Size([128000])",
    "min": 3.9196306715894025e-06,
    "max": 0.8215222954750061,
    "mean": 0.12849166989326477,
    "std": 0.063288614153862,
    "median": 0.1200503408908844,
    "q1": 0.08808620274066925,
    "q3": 0.15838763117790222,
    "k": 16
}