{
    "layer": 10,
    "name": "ln2_sae_mse",
    "shape": "torch.Size([128000])",
    "min": 0.000322256499202922,
    "max": 1.558632493019104,
    "mean": 0.21584342420101166,
    "std": 0.10738667100667953,
    "median": 0.20058691501617432,
    "q1": 0.1477009654045105,
    "q3": 0.2640414834022522,
    "k": 4
}