{
    "layer": 10,
    "name": "ln2_sae_mse",
    "shape": "torch.Size([128000])",
    "min": 9.530918418931833e-07,
    "max": 0.6362816691398621,
    "mean": 0.08744525909423828,
    "std": 0.042757850140333176,
    "median": 0.08087147027254105,
    "q1": 0.06113032251596451,
    "q3": 0.10485833138227463,
    "k": 128
}