{
    "layer": 6,
    "name": "ln2_sae_mse",
    "shape": "torch.Size([128000])",
    "min": 6.419946203095606e-06,
    "max": 0.3817466199398041,
    "mean": 0.07166052609682083,
    "std": 0.031970422714948654,
    "median": 0.06652820855379105,
    "q1": 0.050864849239587784,
    "q3": 0.08667290210723877,
    "k": 128
}