{
    "layer": 8,
    "name": "ln2_sae_mse",
    "shape": "torch.Size([128000])",
    "min": 0.00045548021444119513,
    "max": 1.6597957611083984,
    "mean": 0.3942877948284149,
    "std": 0.15755560994148254,
    "median": 0.3753122091293335,
    "q1": 0.29659467935562134,
    "q3": 0.4671444594860077,
    "k": 1
}