{
    "layer": 11,
    "name": "ln2_sae_mse",
    "shape": "torch.Size([128000])",
    "min": 4.470783551369095e-06,
    "max": 1.867735743522644,
    "mean": 0.03583964332938194,
    "std": 0.04279649257659912,
    "median": 0.02696908451616764,
    "q1": 0.020146481692790985,
    "q3": 0.0368252657353878,
    "k": 64
}