{
    "layer": 6,
    "name": "ln2_sae_mse",
    "shape": "torch.Size([128000])",
    "min": 6.419946203095606e-06,
    "max": 0.3817466199398041,
    "mean": 0.07166045904159546,
    "std": 0.03197025507688522,
    "median": 0.06652820855379105,
    "q1": 0.050864849239587784,
    "q3": 0.08667168021202087,
    "k": 99999999
}