{
    "layer": 7,
    "name": "ln2_sae_mse",
    "shape": "torch.Size([128000])",
    "min": 1.4336434105644003e-05,
    "max": 0.386618971824646,
    "mean": 0.08013719320297241,
    "std": 0.03385871648788452,
    "median": 0.0756475105881691,
    "q1": 0.05854548513889313,
    "q3": 0.09659131616353989,
    "k": 99999999
}