{
    "layer": 3,
    "name": "ln2_sae_mse",
    "shape": "torch.Size([128000])",
    "min": 1.5024811546027195e-05,
    "max": 0.49012473225593567,
    "mean": 0.05304906889796257,
    "std": 0.037159353494644165,
    "median": 0.043382804840803146,
    "q1": 0.02987491339445114,
    "q3": 0.06422000378370285,
    "k": 16
}