{
    "layer": 4,
    "name": "ln2_sae_mse",
    "shape": "torch.Size([128000])",
    "min": 3.2407378967036493e-06,
    "max": 0.6513897776603699,
    "mean": 0.0962497740983963,
    "std": 0.05605320259928703,
    "median": 0.08406265825033188,
    "q1": 0.060724422335624695,
    "q3": 0.11666000634431839,
    "k": 8
}