{
    "layer": 1,
    "name": "ln2_sae_mse",
    "shape": "torch.Size([128000])",
    "min": 8.927759154175874e-06,
    "max": 0.29733210802078247,
    "mean": 0.017323637381196022,
    "std": 0.020921343937516212,
    "median": 0.010880458168685436,
    "q1": 0.008238078095018864,
    "q3": 0.016095701605081558,
    "k": 32
}