{
    "layer": 9,
    "name": "ln2_sae_mse",
    "shape": "torch.Size([128000])",
    "min": 4.206527137284866e-06,
    "max": 0.4765882194042206,
    "mean": 0.08541303873062134,
    "std": 0.0397416315972805,
    "median": 0.07971244305372238,
    "q1": 0.060172948986291885,
    "q3": 0.10350744426250458,
    "k": 64
}