{
    "layer": 5,
    "name": "ln2_sae_mse",
    "shape": "torch.Size([128000])",
    "min": 1.478888293604541e-06,
    "max": 0.771144688129425,
    "mean": 0.12397953867912292,
    "std": 0.06690705567598343,
    "median": 0.11051028221845627,
    "q1": 0.08152317255735397,
    "q3": 0.14993278682231903,
    "k": 8
}