{
    "layer": 7,
    "name": "ln2_sae_mse",
    "shape": "torch.Size([128000])",
    "min": 1.433485795132583e-05,
    "max": 0.8206221461296082,
    "mean": 0.1658998727798462,
    "std": 0.0787663608789444,
    "median": 0.15483863651752472,
    "q1": 0.11570755392313004,
    "q3": 0.20231078565120697,
    "k": 8
}