{
    "layer": 7,
    "name": "ln2_sae_mse",
    "shape": "torch.Size([128000])",
    "min": 1.4336434105644003e-05,
    "max": 0.386618971824646,
    "mean": 0.08013646304607391,
    "std": 0.03385733813047409,
    "median": 0.07564789056777954,
    "q1": 0.05854548513889313,
    "q3": 0.09658966213464737,
    "k": 128
}