{
    "layer": 8,
    "name": "ln2_sae_mse",
    "shape": "torch.Size([128000])",
    "min": 3.9196306715894025e-06,
    "max": 0.47309303283691406,
    "mean": 0.082160584628582,
    "std": 0.03585083410143852,
    "median": 0.07755651324987411,
    "q1": 0.05924701690673828,
    "q3": 0.09954450279474258,
    "k": 99999999
}