{
    "layer": 6,
    "name": "ln2_sae_mse",
    "shape": "torch.Size([128000])",
    "min": 6.419946203095606e-06,
    "max": 0.5451158881187439,
    "mean": 0.10260093957185745,
    "std": 0.05323231592774391,
    "median": 0.0927727147936821,
    "q1": 0.06846704334020615,
    "q3": 0.12477700412273407,
    "k": 16
}