{
    "layer": 7,
    "name": "ln2_sae_mse",
    "shape": "torch.Size([128000])",
    "min": 1.4336434105644003e-05,
    "max": 0.5670085549354553,
    "mean": 0.11920147389173508,
    "std": 0.057809289544820786,
    "median": 0.11073248833417892,
    "q1": 0.08227649331092834,
    "q3": 0.14576838910579681,
    "k": 16
}