{
    "layer": 0,
    "name": "ln2_sae_mse",
    "shape": "torch.Size([128000])",
    "min": 2.3879174477769993e-05,
    "max": 0.3549719750881195,
    "mean": 0.00643901526927948,
    "std": 0.01788545399904251,
    "median": 0.0017604948952794075,
    "q1": 0.0011003602994605899,
    "q3": 0.0033671464771032333,
    "k": 32
}