{
    "layer": 7,
    "name": "ln2_sae_mse",
    "shape": "torch.Size([128000])",
    "min": 0.0012728172587230802,
    "max": 1.5865283012390137,
    "mean": 0.37841883301734924,
    "std": 0.1465657353401184,
    "median": 0.36275219917297363,
    "q1": 0.285780668258667,
    "q3": 0.4512942433357239,
    "k": 1
}