{
    "layer": 11,
    "name": "ln2_sae_mse",
    "shape": "torch.Size([128000])",
    "min": 4.470783551369095e-06,
    "max": 1.8677574396133423,
    "mean": 0.03569624572992325,
    "std": 0.04320279881358147,
    "median": 0.026744350790977478,
    "q1": 0.02001417987048626,
    "q3": 0.0365542396903038,
    "k": 128
}