{
    "layer": 8,
    "name": "ln2_sae_mse",
    "shape": "torch.Size([128000])",
    "min": 3.9196306715894025e-06,
    "max": 0.47309303283691406,
    "mean": 0.08215785026550293,
    "std": 0.035846322774887085,
    "median": 0.07755272835493088,
    "q1": 0.05924680456519127,
    "q3": 0.09954579174518585,
    "k": 128
}