{
    "layer": 10,
    "name": "ln2_sae_mse",
    "shape": "torch.Size([128000])",
    "min": 9.530918418931833e-07,
    "max": 0.6362816691398621,
    "mean": 0.08744747936725616,
    "std": 0.04276469349861145,
    "median": 0.0808739885687828,
    "q1": 0.06113068386912346,
    "q3": 0.10485714673995972,
    "k": 99999999
}