{
    "layer": 8,
    "name": "ln2_sae_mse",
    "shape": "torch.Size([128000])",
    "min": 0.00010245901648886502,
    "max": 1.4815987348556519,
    "mean": 0.3146565556526184,
    "std": 0.13375218212604523,
    "median": 0.29854199290275574,
    "q1": 0.23059877753257751,
    "q3": 0.37809503078460693,
    "k": 2
}