{
    "layer": 1,
    "name": "ln2_sae_mse",
    "shape": "torch.Size([128000])",
    "min": 8.927759154175874e-06,
    "max": 0.5300951600074768,
    "mean": 0.029255593195557594,
    "std": 0.04225417971611023,
    "median": 0.017370743677020073,
    "q1": 0.012089313007891178,
    "q3": 0.027637960389256477,
    "k": 8
}