{
    "layer": 4,
    "name": "ln2_sae_mse",
    "shape": "torch.Size([128000])",
    "min": 5.0532384193502367e-05,
    "max": 0.7307119369506836,
    "mean": 0.1385759562253952,
    "std": 0.07268836349248886,
    "median": 0.12411052733659744,
    "q1": 0.09232835471630096,
    "q3": 0.16720837354660034,
    "k": 4
}