{
    "layer": 9,
    "name": "ln2_sae_mse",
    "shape": "torch.Size([128000])",
    "min": 0.0003351370105519891,
    "max": 1.672184944152832,
    "mean": 0.32718130946159363,
    "std": 0.1419631540775299,
    "median": 0.3083358705043793,
    "q1": 0.23755930364131927,
    "q3": 0.3935258090496063,
    "k": 2
}