{
    "layer": 0,
    "name": "ln2_sae_mse",
    "shape": "torch.Size([128000])",
    "min": 2.3879174477769993e-05,
    "max": 0.22486986219882965,
    "mean": 0.004684511572122574,
    "std": 0.010034945793449879,
    "median": 0.001635762513615191,
    "q1": 0.001068711862899363,
    "q3": 0.0028899060562253,
    "k": 128
}