{
    "layer": 3,
    "name": "ln2_sae_mse",
    "shape": "torch.Size([128000])",
    "min": 0.0001070265207090415,
    "max": 0.8261642456054688,
    "mean": 0.15125992894172668,
    "std": 0.08199481666088104,
    "median": 0.13355796039104462,
    "q1": 0.09808223694562912,
    "q3": 0.18246735632419586,
    "k": 2
}