{
    "layer": 0,
    "name": "ln2_sae_mse",
    "shape": "torch.Size([128000])",
    "min": 0.0035917183849960566,
    "max": 0.784369707107544,
    "mean": 0.06200617179274559,
    "std": 0.0723886787891388,
    "median": 0.03990422561764717,
    "q1": 0.01893523894250393,
    "q3": 0.07888708263635635,
    "k": 4
}