{
    "layer": 10,
    "name": "ln2_sae_mse",
    "shape": "torch.Size([128000])",
    "min": 9.530918418931833e-07,
    "max": 0.6370286345481873,
    "mean": 0.0875912755727768,
    "std": 0.04284736514091492,
    "median": 0.08104263991117477,
    "q1": 0.06118466705083847,
    "q3": 0.10508289188146591,
    "k": 64
}