{
    "layer": 0,
    "name": "ln2_sae_mse",
    "shape": "torch.Size([128000])",
    "min": 2.3879174477769993e-05,
    "max": 0.22486986219882965,
    "mean": 0.004683289676904678,
    "std": 0.010029960423707962,
    "median": 0.001635679043829441,
    "q1": 0.001068711862899363,
    "q3": 0.002889712108299136,
    "k": 99999999
}