{
    "layer": 5,
    "name": "ln2_sae_mse",
    "shape": "torch.Size([128000])",
    "min": 1.4788938642595895e-06,
    "max": 0.37326037883758545,
    "mean": 0.06836606562137604,
    "std": 0.03669089078903198,
    "median": 0.06049168109893799,
    "q1": 0.04502245783805847,
    "q3": 0.08219586312770844,
    "k": 32
}