{
    "layer": 0,
    "name": "ln2_sae_mse",
    "shape": "torch.Size([128000])",
    "min": 0.014173444360494614,
    "max": 1.0038443803787231,
    "mean": 0.24284160137176514,
    "std": 0.18032823503017426,
    "median": 0.18278484046459198,
    "q1": 0.09191016852855682,
    "q3": 0.3699638843536377,
    "k": 1
}