{
    "layer": 10,
    "name": "ln2_sae_mse",
    "shape": "torch.Size([128000])",
    "min": 0.0012041067238897085,
    "max": 1.8991789817810059,
    "mean": 0.3417249023914337,
    "std": 0.154182568192482,
    "median": 0.3168785274028778,
    "q1": 0.2436855435371399,
    "q3": 0.40885913372039795,
    "k": 1
}