{
    "layer": 2,
    "name": "ln2_sae_mse",
    "shape": "torch.Size([128000])",
    "min": 0.005080120172351599,
    "max": 0.8285877704620361,
    "mean": 0.14390872418880463,
    "std": 0.07681988179683685,
    "median": 0.1281820386648178,
    "q1": 0.09922097623348236,
    "q3": 0.16529226303100586,
    "k": 2
}