{
    "layer": 0,
    "name": "ln2_sae_mse",
    "shape": "torch.Size([128000])",
    "min": 2.3879174477769993e-05,
    "max": 0.6708399653434753,
    "mean": 0.019804703071713448,
    "std": 0.05420508235692978,
    "median": 0.004821151029318571,
    "q1": 0.0026459884829819202,
    "q3": 0.0105506656691432,
    "k": 8
}