{
    "layer": 10,
    "name": "ln2_sae_mse",
    "shape": "torch.Size([128000])",
    "min": 0.0006412439979612827,
    "max": 1.7336010932922363,
    "mean": 0.27802741527557373,
    "std": 0.13116978108882904,
    "median": 0.25838616490364075,
    "q1": 0.194746732711792,
    "q3": 0.3369661569595337,
    "k": 2
}