{
    "layer": 9,
    "name": "ln2_sae_mse",
    "shape": "torch.Size([128000])",
    "min": 4.206527137284866e-06,
    "max": 0.47384557127952576,
    "mean": 0.08400068432092667,
    "std": 0.03854072839021683,
    "median": 0.07856938987970352,
    "q1": 0.059583865106105804,
    "q3": 0.10151476413011551,
    "k": 128
}