{
    "layer": 2,
    "name": "ln2_sae_mse",
    "shape": "torch.Size([128000])",
    "min": 1.1314943549223244e-05,
    "max": 0.2595425844192505,
    "mean": 0.030815044417977333,
    "std": 0.02383521944284439,
    "median": 0.02403450571000576,
    "q1": 0.015996117144823074,
    "q3": 0.036862149834632874,
    "k": 64
}