{
    "layer": 2,
    "name": "ln2_sae_mse",
    "shape": "torch.Size([128000])",
    "min": 1.1314943549223244e-05,
    "max": 0.2595425844192505,
    "mean": 0.030809704214334488,
    "std": 0.023818252608180046,
    "median": 0.024031447246670723,
    "q1": 0.015994954854249954,
    "q3": 0.036857109516859055,
    "k": 128
}