{
    "layer": 4,
    "name": "ln2_sae_mse",
    "shape": "torch.Size([128000])",
    "min": 0.000231891855946742,
    "max": 0.8465893268585205,
    "mean": 0.1913204938173294,
    "std": 0.0902460590004921,
    "median": 0.17567284405231476,
    "q1": 0.13297811150550842,
    "q3": 0.23107168078422546,
    "k": 2
}