{
    "layer": 5,
    "name": "ln2_sae_mse",
    "shape": "torch.Size([128000])",
    "min": 2.1825389922014438e-05,
    "max": 0.857064425945282,
    "mean": 0.1734420210123062,
    "std": 0.08557546138763428,
    "median": 0.15809650719165802,
    "q1": 0.11884447932243347,
    "q3": 0.20932349562644958,
    "k": 4
}