{
    "layer": 7,
    "name": "ln2_sae_mse",
    "shape": "torch.Size([128000])",
    "min": 0.00034977414179593325,
    "max": 1.449759840965271,
    "mean": 0.2969478368759155,
    "std": 0.12328502535820007,
    "median": 0.2820930778980255,
    "q1": 0.2172134816646576,
    "q3": 0.35885336995124817,
    "k": 2
}