{
    "layer": 9,
    "name": "ln2_sae_mse",
    "shape": "torch.Size([128000])",
    "min": 4.206527137284866e-06,
    "max": 0.5633653402328491,
    "mean": 0.10053529590368271,
    "std": 0.04896050691604614,
    "median": 0.09370575100183487,
    "q1": 0.06919403374195099,
    "q3": 0.12316228449344635,
    "k": 32
}