{
    "layer": 9,
    "name": "ln2_sae_mse",
    "shape": "torch.Size([128000])",
    "min": 6.771981588826748e-06,
    "max": 1.1560381650924683,
    "mean": 0.18847233057022095,
    "std": 0.09076230973005295,
    "median": 0.17693078517913818,
    "q1": 0.13129034638404846,
    "q3": 0.2308497428894043,
    "k": 8
}