{
    "layer": 0,
    "name": "ln2_sae_mse",
    "shape": "torch.Size([128000])",
    "min": 0.00792402122169733,
    "max": 0.9160091876983643,
    "mean": 0.14943575859069824,
    "std": 0.11566998809576035,
    "median": 0.10988092422485352,
    "q1": 0.05243159085512161,
    "q3": 0.23061415553092957,
    "k": 2
}