{
    "layer": 3,
    "name": "ln2_sae_mse",
    "shape": "torch.Size([128000])",
    "min": 1.793755109247286e-05,
    "max": 0.6269070506095886,
    "mean": 0.07643232494592667,
    "std": 0.05070861428976059,
    "median": 0.06463950872421265,
    "q1": 0.045331697911024094,
    "q3": 0.09216593950986862,
    "k": 8
}