{
    "layer": 3,
    "name": "ln2_sae_mse",
    "shape": "torch.Size([128000])",
    "min": 1.5024811546027195e-05,
    "max": 0.28577494621276855,
    "mean": 0.0430445559322834,
    "std": 0.026300877332687378,
    "median": 0.03653480485081673,
    "q1": 0.025760414078831673,
    "q3": 0.05255168676376343,
    "k": 64
}