{
    "layer": 7,
    "name": "ln2_sae_mse",
    "shape": "torch.Size([128000])",
    "min": 1.4336434105644003e-05,
    "max": 0.3868015706539154,
    "mean": 0.08043509721755981,
    "std": 0.03434913232922554,
    "median": 0.0757564902305603,
    "q1": 0.058560848236083984,
    "q3": 0.09682348370552063,
    "k": 64
}