{
    "layer": 2,
    "name": "ln2_sae_mse",
    "shape": "torch.Size([128000])",
    "min": 0.024068059399724007,
    "max": 0.9122899174690247,
    "mean": 0.19888529181480408,
    "std": 0.09152448922395706,
    "median": 0.17757679522037506,
    "q1": 0.14029787480831146,
    "q3": 0.22907285392284393,
    "k": 1
}