{
    "layer": 11,
    "name": "ln2_sae_mse",
    "shape": "torch.Size([128000])",
    "min": 0.0007845756481401622,
    "max": 3.823455810546875,
    "mean": 0.16339218616485596,
    "std": 0.36183592677116394,
    "median": 0.09410197287797928,
    "q1": 0.07261808216571808,
    "q3": 0.12657029926776886,
    "k": 2
}