{
    "layer": 2,
    "name": "ln2_sae_mse",
    "shape": "torch.Size([128000])",
    "min": 1.1314943549223244e-05,
    "max": 0.43517109751701355,
    "mean": 0.040924813598394394,
    "std": 0.03736449405550957,
    "median": 0.029338562861084938,
    "q1": 0.018631504848599434,
    "q3": 0.04912103712558746,
    "k": 16
}