{
    "layer": 3,
    "name": "ln2_sae_mse",
    "shape": "torch.Size([128000])",
    "min": 1.5024811546027195e-05,
    "max": 0.28577494621276855,
    "mean": 0.04303881898522377,
    "std": 0.02628656104207039,
    "median": 0.03653192147612572,
    "q1": 0.025760024785995483,
    "q3": 0.05255071446299553,
    "k": 128
}