{
    "layer": 3,
    "name": "ln2_sae_mse",
    "shape": "torch.Size([128000])",
    "min": 1.5024811546027195e-05,
    "max": 0.390120267868042,
    "mean": 0.04412141069769859,
    "std": 0.028210531920194626,
    "median": 0.037009574472904205,
    "q1": 0.026015013456344604,
    "q3": 0.05350092798471451,
    "k": 32
}