{
    "layer": 4,
    "name": "ln2_sae_mse",
    "shape": "torch.Size([128000])",
    "min": 3.1276365461962996e-06,
    "max": 0.30177924036979675,
    "mean": 0.051845401525497437,
    "std": 0.02802360989153385,
    "median": 0.04560220614075661,
    "q1": 0.03316446766257286,
    "q3": 0.06357838958501816,
    "k": 64
}