{
    "layer": 1,
    "name": "ln2_sae_mse",
    "shape": "torch.Size([128000])",
    "min": 8.927759154175874e-06,
    "max": 0.24466490745544434,
    "mean": 0.016988668590784073,
    "std": 0.019673483446240425,
    "median": 0.010804053395986557,
    "q1": 0.008195659145712852,
    "q3": 0.015944596379995346,
    "k": 99999999
}