{
    "layer": 9,
    "name": "ln2_sae_mse",
    "shape": "torch.Size([128000])",
    "min": 4.206527137284866e-06,
    "max": 0.8271220326423645,
    "mean": 0.13561688363552094,
    "std": 0.06717082113027573,
    "median": 0.12683551013469696,
    "q1": 0.09280137717723846,
    "q3": 0.16697750985622406,
    "k": 16
}