{
    "layer": 2,
    "name": "ln2_sae_mse",
    "shape": "torch.Size([128000])",
    "min": 0.0012664806563407183,
    "max": 0.6743369698524475,
    "mean": 0.10131332278251648,
    "std": 0.0646989494562149,
    "median": 0.09002789109945297,
    "q1": 0.06242116540670395,
    "q3": 0.1207655817270279,
    "k": 4
}