{
    "layer": 5,
    "name": "ln2_sae_mse",
    "shape": "torch.Size([128000])",
    "min": 9.455272083869204e-05,
    "max": 0.9600915908813477,
    "mean": 0.23428717255592346,
    "std": 0.10429133474826813,
    "median": 0.2189207226037979,
    "q1": 0.16661761701107025,
    "q3": 0.2825937867164612,
    "k": 2
}