{
    "layer": 8,
    "name": "ln2_sae_mse",
    "shape": "torch.Size([128000])",
    "min": 3.9196306715894025e-06,
    "max": 0.47407102584838867,
    "mean": 0.08295140415430069,
    "std": 0.03674314171075821,
    "median": 0.07806982845067978,
    "q1": 0.05943588539958,
    "q3": 0.10051212459802628,
    "k": 64
}