{
    "layer": 6,
    "name": "ln2_sae_mse",
    "shape": "torch.Size([128000])",
    "min": 6.419946203095606e-06,
    "max": 0.37878790497779846,
    "mean": 0.0718144103884697,
    "std": 0.03233882039785385,
    "median": 0.06651807576417923,
    "q1": 0.05085906386375427,
    "q3": 0.08670838922262192,
    "k": 64
}