{
    "layer": 7,
    "name": "ln2_sae_mse",
    "shape": "torch.Size([128000])",
    "min": 1.4336434105644003e-05,
    "max": 0.435474157333374,
    "mean": 0.09002503007650375,
    "std": 0.04173062741756439,
    "median": 0.08371550589799881,
    "q1": 0.06327775120735168,
    "q3": 0.10914742201566696,
    "k": 32
}