{
    "layer": 4,
    "name": "ln2_sae_mse",
    "shape": "torch.Size([128000])",
    "min": 3.1276365461962996e-06,
    "max": 0.30166465044021606,
    "mean": 0.051830947399139404,
    "std": 0.02798295021057129,
    "median": 0.04559909924864769,
    "q1": 0.0331646129488945,
    "q3": 0.06357136368751526,
    "k": 99999999
}