{
    "layer": 11,
    "name": "ln2_sae_mse",
    "shape": "torch.Size([128000])",
    "min": 4.470783551369095e-06,
    "max": 1.7700786590576172,
    "mean": 0.051404569298028946,
    "std": 0.058980029076337814,
    "median": 0.040450308471918106,
    "q1": 0.029501276090741158,
    "q3": 0.05432460084557533,
    "k": 16
}