{
    "layer": 0,
    "name": "ln2_sae_mse",
    "shape": "torch.Size([128000])",
    "min": 2.3879174477769993e-05,
    "max": 0.5003926157951355,
    "mean": 0.010857075452804565,
    "std": 0.03501543402671814,
    "median": 0.0020651668310165405,
    "q1": 0.001186656765639782,
    "q3": 0.004486187361180782,
    "k": 16
}