{
    "layer": 2,
    "name": "ln2_sae_mse",
    "shape": "torch.Size([128000])",
    "min": 1.6946951291174628e-05,
    "max": 0.5709894299507141,
    "mean": 0.06594441831111908,
    "std": 0.051440346986055374,
    "median": 0.05442173406481743,
    "q1": 0.03373144194483757,
    "q3": 0.08211834728717804,
    "k": 8
}