{
    "layer": 9,
    "name": "ln2_sae_mse",
    "shape": "torch.Size([128000])",
    "min": 5.4565327445743605e-05,
    "max": 1.4379898309707642,
    "mean": 0.25398850440979004,
    "std": 0.11603179574012756,
    "median": 0.2393178790807724,
    "q1": 0.18093538284301758,
    "q3": 0.30858176946640015,
    "k": 4
}