{
    "layer": 5,
    "name": "ln2_sae_mse",
    "shape": "torch.Size([128000])",
    "min": 1.4788938642595895e-06,
    "max": 0.3625950813293457,
    "mean": 0.06428977102041245,
    "std": 0.03193545714020729,
    "median": 0.058000970631837845,
    "q1": 0.043676361441612244,
    "q3": 0.07778967171907425,
    "k": 64
}