{
    "layer": 0,
    "name": "ln2_sae_mse",
    "shape": "torch.Size([128000])",
    "min": 2.3879174477769993e-05,
    "max": 0.22751952707767487,
    "mean": 0.004841917660087347,
    "std": 0.010698260739445686,
    "median": 0.0016489364206790924,
    "q1": 0.0010720361024141312,
    "q3": 0.002943618455901742,
    "k": 64
}