{
    "layer": 6,
    "name": "ln2_sae_mse",
    "shape": "torch.Size([128000])",
    "min": 6.419946203095606e-06,
    "max": 0.4115218222141266,
    "mean": 0.07821298390626907,
    "std": 0.03851992264389992,
    "median": 0.07109320163726807,
    "q1": 0.0534483976662159,
    "q3": 0.09457658976316452,
    "k": 32
}