{
    "layer": 6,
    "name": "ln2_sae_mse",
    "shape": "torch.Size([128000])",
    "min": 5.110514393891208e-05,
    "max": 0.9426442980766296,
    "mean": 0.20068524777889252,
    "std": 0.09368299692869186,
    "median": 0.18610964715480804,
    "q1": 0.1405002325773239,
    "q3": 0.24276825785636902,
    "k": 4
}