{
    "layer": 4,
    "name": "ln2_sae_mse",
    "shape": "torch.Size([128000])",
    "min": 3.1276365461962996e-06,
    "max": 0.46828046441078186,
    "mean": 0.06621415168046951,
    "std": 0.04083484411239624,
    "median": 0.056569118052721024,
    "q1": 0.04022986814379692,
    "q3": 0.08037851005792618,
    "k": 16
}