{
    "layer": 6,
    "name": "ln2_sae_mse",
    "shape": "torch.Size([128000])",
    "min": 9.467608833801933e-06,
    "max": 0.7007216811180115,
    "mean": 0.14476001262664795,
    "std": 0.07276435941457748,
    "median": 0.13225524127483368,
    "q1": 0.09838572144508362,
    "q3": 0.17576606571674347,
    "k": 8
}