{
    "layer": 5,
    "name": "ln2_sae_mse",
    "shape": "torch.Size([128000])",
    "min": 1.4788938642595895e-06,
    "max": 0.5902932286262512,
    "mean": 0.08778733760118484,
    "std": 0.04948495328426361,
    "median": 0.07730299234390259,
    "q1": 0.05642278492450714,
    "q3": 0.10604139417409897,
    "k": 16
}