{
    "layer": 11,
    "name": "ln2_sae_mse",
    "shape": "torch.Size([128000])",
    "min": 0.0001828807726269588,
    "max": 3.7511606216430664,
    "mean": 0.1306687593460083,
    "std": 0.34298163652420044,
    "median": 0.07539241015911102,
    "q1": 0.057106971740722656,
    "q3": 0.10063894838094711,
    "k": 4
}