{
    "layer": 9,
    "name": "ln2_sae_mse",
    "shape": "torch.Size([128000])",
    "min": 4.206527137284866e-06,
    "max": 0.47377291321754456,
    "mean": 0.0840037539601326,
    "std": 0.03854682296514511,
    "median": 0.07857010513544083,
    "q1": 0.059585973620414734,
    "q3": 0.10152003169059753,
    "k": 99999999
}