{
    "layer": 1,
    "name": "ln2_sae_mse",
    "shape": "torch.Size([128000])",
    "min": 8.927759154175874e-06,
    "max": 0.24466490745544434,
    "mean": 0.01699153706431389,
    "std": 0.01968584768474102,
    "median": 0.010804853402078152,
    "q1": 0.00819593295454979,
    "q3": 0.01594737358391285,
    "k": 64
}