{
    "layer": 6,
    "name": "ln2_sae_mse",
    "shape": "torch.Size([128000])",
    "min": 0.0001534303737571463,
    "max": 1.0930594205856323,
    "mean": 0.2680613696575165,
    "std": 0.11457165330648422,
    "median": 0.2529238760471344,
    "q1": 0.19304953515529633,
    "q3": 0.32435187697410583,
    "k": 2
}