{
    "layer": 2,
    "name": "ln2_sae_err_norms",
    "shape": "torch.Size([128000])",
    "min": 0.09321950376033783,
    "max": 14.118382453918457,
    "mean": 4.586879730224609,
    "std": 1.619383692741394,
    "median": 4.296062469482422,
    "q1": 3.5048716068267822,
    "q3": 5.3203630447387695,
    "k": 99999999
}