{
    "layer": 11,
    "name": "ln2_sae_err_norms",
    "shape": "torch.Size([128000])",
    "min": 0.05859660357236862,
    "max": 36.87031936645508,
    "mean": 5.863001823425293,
    "std": 2.2591946125030518,
    "median": 5.573673248291016,
    "q1": 4.759934902191162,
    "q3": 6.459202766418457,
    "k": 16
}