{
    "layer": 8,
    "name": "ln2_sae_err_norms",
    "shape": "torch.Size([128000])",
    "min": 0.05486598610877991,
    "max": 19.99540138244629,
    "mean": 8.317941665649414,
    "std": 2.0918636322021484,
    "median": 8.289824485778809,
    "q1": 7.142861843109131,
    "q3": 9.493919372558594,
    "k": 32
}