{
    "layer": 11,
    "name": "ln2_sae_err_norms",
    "shape": "torch.Size([128000])",
    "min": 0.05859660357236862,
    "max": 37.87397003173828,
    "mean": 4.873743057250977,
    "std": 1.9134716987609863,
    "median": 4.532070159912109,
    "q1": 3.9205727577209473,
    "q3": 5.298458099365234,
    "k": 128
}