{
    "layer": 0,
    "name": "ln2_sae_err_norms",
    "shape": "torch.Size([128000])",
    "min": 0.13542231917381287,
    "max": 19.603609085083008,
    "mean": 1.928785800933838,
    "std": 2.1489663124084473,
    "median": 1.259384036064148,
    "q1": 0.9546477794647217,
    "q3": 1.856176733970642,
    "k": 16
}