{
    "layer": 7,
    "name": "ln2_sae_err_norms",
    "shape": "torch.Size([128000])",
    "min": 0.10492459684610367,
    "max": 25.104537963867188,
    "mean": 10.946189880371094,
    "std": 2.7553799152374268,
    "median": 10.904864311218262,
    "q1": 9.426738739013672,
    "q3": 12.464937210083008,
    "k": 8
}