{
    "layer": 8,
    "name": "ln2_sae_err_norms",
    "shape": "torch.Size([128000])",
    "min": 0.28051474690437317,
    "max": 33.732295989990234,
    "mean": 15.167613983154297,
    "std": 3.4058468341827393,
    "median": 15.142003059387207,
    "q1": 13.307886123657227,
    "q3": 17.040451049804688,
    "k": 2
}