{
    "layer": 8,
    "name": "ln2_sae_err_norms",
    "shape": "torch.Size([128000])",
    "min": 0.05486598610877991,
    "max": 19.061359405517578,
    "mean": 7.734105587005615,
    "std": 1.8118939399719238,
    "median": 7.717732906341553,
    "q1": 6.745495796203613,
    "q3": 8.743578910827637,
    "k": 99999999
}