{
    "layer": 1,
    "name": "ln2_sae_err_norms",
    "shape": "torch.Size([128000])",
    "min": 0.08280409872531891,
    "max": 13.707758903503418,
    "mean": 3.3058876991271973,
    "std": 1.4554800987243652,
    "median": 2.880540370941162,
    "q1": 2.5088376998901367,
    "q3": 3.49934983253479,
    "k": 128
}