{
    "layer": 5,
    "name": "ln2_sae_err_norms",
    "shape": "torch.Size([128000])",
    "min": 0.12946775555610657,
    "max": 25.65590476989746,
    "mean": 11.18492317199707,
    "std": 2.8462324142456055,
    "median": 11.018988609313965,
    "q1": 9.553667068481445,
    "q3": 12.679134368896484,
    "k": 4
}