{
    "layer": 3,
    "name": "ln2_sae_err_norms",
    "shape": "torch.Size([128000])",
    "min": 0.10741999745368958,
    "max": 19.401437759399414,
    "mean": 6.06797981262207,
    "std": 1.9802366495132446,
    "median": 5.772173881530762,
    "q1": 4.789982795715332,
    "q3": 7.022888660430908,
    "k": 16
}