{
    "layer": 6,
    "name": "ln2_sae_err_norms",
    "shape": "torch.Size([128000])",
    "min": 0.07021764665842056,
    "max": 17.122539520263672,
    "mean": 7.2194743156433105,
    "std": 1.7071764469146729,
    "median": 7.147983074188232,
    "q1": 6.250136375427246,
    "q3": 8.158666610717773,
    "k": 99999999
}