{
    "layer": 7,
    "name": "ln2_sae_err_norms",
    "shape": "torch.Size([128000])",
    "min": 0.10493036359548569,
    "max": 18.28781509399414,
    "mean": 8.076976776123047,
    "std": 1.9752734899520874,
    "median": 8.01832389831543,
    "q1": 6.971177101135254,
    "q3": 9.155611038208008,
    "k": 32
}