{
    "layer": 7,
    "name": "ln2_sae_err_norms",
    "shape": "torch.Size([128000])",
    "min": 0.10493036359548569,
    "max": 17.231464385986328,
    "mean": 7.649870872497559,
    "std": 1.739212155342102,
    "median": 7.622157573699951,
    "q1": 6.705440521240234,
    "q3": 8.61290454864502,
    "k": 99999999
}