{
    "layer": 1,
    "name": "ln2_sae_err_norms",
    "shape": "torch.Size([128000])",
    "min": 0.5913576483726501,
    "max": 22.932720184326172,
    "mean": 5.883236885070801,
    "std": 2.4143261909484863,
    "median": 5.392350196838379,
    "q1": 4.496035575866699,
    "q3": 6.491795063018799,
    "k": 4
}