{
    "layer": 5,
    "name": "ln2_sae_err_norms",
    "shape": "torch.Size([128000])",
    "min": 0.033701490610837936,
    "max": 16.931154251098633,
    "mean": 6.995182037353516,
    "std": 1.8901299238204956,
    "median": 6.815982341766357,
    "q1": 5.880241870880127,
    "q3": 7.945213794708252,
    "k": 32
}