{
    "layer": 1,
    "name": "ln2_sae_err_norms",
    "shape": "torch.Size([128000])",
    "min": 0.08280409872531891,
    "max": 15.111289024353027,
    "mean": 3.3263139724731445,
    "std": 1.4967317581176758,
    "median": 2.8907077312469482,
    "q1": 2.515321731567383,
    "q3": 3.515892505645752,
    "k": 32
}