{
    "layer": 2,
    "name": "ln2_sae_err_norms",
    "shape": "torch.Size([128000])",
    "min": 0.09321950376033783,
    "max": 18.281450271606445,
    "mean": 5.197293758392334,
    "std": 2.102004051208496,
    "median": 4.746789932250977,
    "q1": 3.7827231884002686,
    "q3": 6.142064571380615,
    "k": 16
}