{
    "layer": 6,
    "name": "ln2_sae_err_norms",
    "shape": "torch.Size([128000])",
    "min": 0.7138505578041077,
    "max": 30.50853157043457,
    "mean": 15.946924209594727,
    "std": 3.332749366760254,
    "median": 15.929255485534668,
    "q1": 14.05470085144043,
    "q3": 17.884201049804688,
    "k": 1
}