{
    "layer": 10,
    "name": "ln2_sae_err_norms",
    "shape": "torch.Size([128000])",
    "min": 0.027055026963353157,
    "max": 25.73387336730957,
    "mean": 9.268841743469238,
    "std": 2.4813647270202637,
    "median": 9.249629020690918,
    "q1": 7.8733906745910645,
    "q3": 10.62744426727295,
    "k": 16
}