{
    "layer": 9,
    "name": "ln2_sae_err_norms",
    "shape": "torch.Size([128000])",
    "min": 0.05683847889304161,
    "max": 19.07505226135254,
    "mean": 7.807319164276123,
    "std": 1.886974573135376,
    "median": 7.768001079559326,
    "q1": 6.764763832092285,
    "q3": 8.829914093017578,
    "k": 99999999
}