{
    "layer": 0,
    "name": "ln2_sae_err_norms",
    "shape": "torch.Size([128000])",
    "min": 3.2992734909057617,
    "max": 27.76603126525879,
    "mean": 12.750685691833496,
    "std": 4.891070365905762,
    "median": 11.848154067993164,
    "q1": 8.401607513427734,
    "q3": 16.856224060058594,
    "k": 1
}