{
    "layer": 6,
    "name": "ln2_sae_err_norms",
    "shape": "torch.Size([128000])",
    "min": 0.07021764665842056,
    "max": 17.777759552001953,
    "mean": 7.51180362701416,
    "std": 1.9079835414886475,
    "median": 7.389153003692627,
    "q1": 6.406899929046631,
    "q3": 8.52260684967041,
    "k": 32
}