{
    "layer": 8,
    "name": "ln2_sae_err_norms",
    "shape": "torch.Size([128000])",
    "min": 0.05486598610877991,
    "max": 19.081050872802734,
    "mean": 7.766822814941406,
    "std": 1.839339256286621,
    "median": 7.743231296539307,
    "q1": 6.75623893737793,
    "q3": 8.785972595214844,
    "k": 64
}