{
    "layer": 10,
    "name": "ln2_sae_err_norms",
    "shape": "torch.Size([128000])",
    "min": 0.7017658948898315,
    "max": 36.48843002319336,
    "mean": 14.204769134521484,
    "std": 3.427777051925659,
    "median": 14.086894035339355,
    "q1": 12.229697227478027,
    "q3": 16.086952209472656,
    "k": 2
}