{
    "layer": 0,
    "name": "ln2_sae_err_norms",
    "shape": "torch.Size([128000])",
    "min": 0.13542231917381287,
    "max": 13.141539573669434,
    "mean": 1.4916573762893677,
    "std": 1.1716116666793823,
    "median": 1.1208325624465942,
    "q1": 0.9059638977050781,
    "q3": 1.489781141281128,
    "k": 128
}