{
    "layer": 0,
    "name": "ln2_sae_err_norms",
    "shape": "torch.Size([128000])",
    "min": 0.13542231917381287,
    "max": 13.141539573669434,
    "mean": 1.4915403127670288,
    "std": 1.1713600158691406,
    "median": 1.120803952217102,
    "q1": 0.9059638977050781,
    "q3": 1.4897311925888062,
    "k": 99999999
}