{
    "layer": 7,
    "name": "ln2_sae_err_norms",
    "shape": "torch.Size([128000])",
    "min": 0.10493036359548569,
    "max": 20.867738723754883,
    "mean": 9.269410133361816,
    "std": 2.3716702461242676,
    "median": 9.221851348876953,
    "q1": 7.94911003112793,
    "q3": 10.580648422241211,
    "k": 16
}