{
    "layer": 8,
    "name": "ln2_sae_err_norms",
    "shape": "torch.Size([128000])",
    "min": 0.05486598610877991,
    "max": 28.58571434020996,
    "mean": 11.352118492126465,
    "std": 2.897411584854126,
    "median": 11.34333610534668,
    "q1": 9.767486572265625,
    "q3": 12.980596542358398,
    "k": 8
}