{
    "layer": 2,
    "name": "ln2_sae_err_norms",
    "shape": "torch.Size([128000])",
    "min": 0.09321950376033783,
    "max": 14.118382453918457,
    "mean": 4.587157726287842,
    "std": 1.619863748550415,
    "median": 4.296335697174072,
    "q1": 3.5049989223480225,
    "q3": 5.32072639465332,
    "k": 64
}