{
    "layer": 4,
    "name": "ln2_sae_err_norms",
    "shape": "torch.Size([128000])",
    "min": 0.049888744950294495,
    "max": 22.366657257080078,
    "mean": 8.268383979797363,
    "std": 2.3566274642944336,
    "median": 8.034931182861328,
    "q1": 6.829082012176514,
    "q3": 9.46545696258545,
    "k": 8
}