{
    "layer": 7,
    "name": "ln2_sae_err_norms",
    "shape": "torch.Size([128000])",
    "min": 0.10493036359548569,
    "max": 17.231464385986328,
    "mean": 7.649842262268066,
    "std": 1.7391753196716309,
    "median": 7.622176647186279,
    "q1": 6.705440521240234,
    "q3": 8.612831115722656,
    "k": 128
}