{
    "layer": 10,
    "name": "ln2_sae_err_norms",
    "shape": "torch.Size([128000])",
    "min": 0.4974866807460785,
    "max": 34.59811782836914,
    "mean": 12.472347259521484,
    "std": 3.1950552463531494,
    "median": 12.411718368530273,
    "q1": 10.650555610656738,
    "q3": 14.240219116210938,
    "k": 4
}