{
    "layer": 5,
    "name": "ln2_sae_err_norms",
    "shape": "torch.Size([128000])",
    "min": 0.033701490610837936,
    "max": 16.687511444091797,
    "mean": 6.807892799377441,
    "std": 1.7398747205734253,
    "median": 6.674184799194336,
    "q1": 5.791669845581055,
    "q3": 7.729325294494629,
    "k": 64
}