{
    "layer": 2,
    "name": "ln2_sae_err_norms",
    "shape": "torch.Size([128000])",
    "min": 0.9862338304519653,
    "max": 22.75721549987793,
    "mean": 8.459981918334961,
    "std": 2.49748158454895,
    "median": 8.315132141113281,
    "q1": 6.923832893371582,
    "q3": 9.630575180053711,
    "k": 4
}