{
    "layer": 2,
    "name": "ln2_sae_err_norms",
    "shape": "torch.Size([128000])",
    "min": 1.9752296209335327,
    "max": 25.226085662841797,
    "mean": 10.222400665283203,
    "std": 2.454484462738037,
    "median": 9.921884536743164,
    "q1": 8.72935962677002,
    "q3": 11.266963005065918,
    "k": 2
}