{
    "layer": 9,
    "name": "ln2_sae_err_norms",
    "shape": "torch.Size([128000])",
    "min": 0.0721171423792839,
    "max": 29.796598434448242,
    "mean": 11.659968376159668,
    "std": 2.965121269226074,
    "median": 11.656879425048828,
    "q1": 10.041463851928711,
    "q3": 13.3151273727417,
    "k": 8
}