{
    "layer": 4,
    "name": "ln2_sae_err_norms",
    "shape": "torch.Size([128000])",
    "min": 0.04901045560836792,
    "max": 18.964160919189453,
    "mean": 6.833834171295166,
    "std": 2.0374529361724854,
    "median": 6.5912885665893555,
    "q1": 5.558465480804443,
    "q3": 7.856888294219971,
    "k": 16
}