{
    "layer": 11,
    "name": "ln2_sae_err_norms",
    "shape": "torch.Size([128000])",
    "min": 0.05859660357236862,
    "max": 37.87375259399414,
    "mean": 4.887138843536377,
    "std": 1.9080742597579956,
    "median": 4.551072120666504,
    "q1": 3.9335098266601562,
    "q3": 5.318063735961914,
    "k": 64
}