{
    "layer": 2,
    "name": "ln2_sae_err_norms",
    "shape": "torch.Size([128000])",
    "min": 4.299333572387695,
    "max": 26.469579696655273,
    "mean": 12.09764289855957,
    "std": 2.528041124343872,
    "median": 11.678140640258789,
    "q1": 10.380209922790527,
    "q3": 13.263782501220703,
    "k": 1
}