{
    "layer": 10,
    "name": "ln2_sae_err_norms",
    "shape": "torch.Size([128000])",
    "min": 0.036022335290908813,
    "max": 30.568408966064453,
    "mean": 10.754070281982422,
    "std": 2.8787665367126465,
    "median": 10.735623359680176,
    "q1": 9.132407188415527,
    "q3": 12.352511405944824,
    "k": 8
}