{
    "layer": 5,
    "name": "ln2_sae_err_norms",
    "shape": "torch.Size([128000])",
    "min": 0.26947447657585144,
    "max": 27.15419578552246,
    "mean": 13.059430122375488,
    "std": 3.0633206367492676,
    "median": 12.966538429260254,
    "q1": 11.312044143676758,
    "q3": 14.732006072998047,
    "k": 2
}