{
    "layer": 4,
    "name": "ln2_sae_err_norms",
    "shape": "torch.Size([128000])",
    "min": 0.04901045560836792,
    "max": 15.223877906799316,
    "mean": 6.089353561401367,
    "std": 1.654408574104309,
    "median": 5.917980670928955,
    "q1": 5.046812057495117,
    "q3": 6.987718105316162,
    "k": 64
}