{
    "layer": 10,
    "name": "ln2_sae_err_norms",
    "shape": "torch.Size([128000])",
    "min": 0.9616413116455078,
    "max": 38.19122314453125,
    "mean": 15.799327850341797,
    "std": 3.5813450813293457,
    "median": 15.60008716583252,
    "q1": 13.680295944213867,
    "q3": 17.72015380859375,
    "k": 1
}