{
    "layer": 1,
    "name": "ln2_sae_err_norms",
    "shape": "torch.Size([128000])",
    "min": 0.08280409872531891,
    "max": 17.136587142944336,
    "mean": 3.498656749725342,
    "std": 1.7597415447235107,
    "median": 2.980077028274536,
    "q1": 2.5714545249938965,
    "q3": 3.6960577964782715,
    "k": 16
}