{
    "layer": 9,
    "name": "ln2_sae_err_norms",
    "shape": "torch.Size([128000])",
    "min": 0.5073314905166626,
    "max": 35.836265563964844,
    "mean": 15.458463668823242,
    "std": 3.5087318420410156,
    "median": 15.388371467590332,
    "q1": 13.507240295410156,
    "q3": 17.384700775146484,
    "k": 2
}