{
    "layer": 10,
    "name": "ln2_sae_err_norms",
    "shape": "torch.Size([128000])",
    "min": 0.027055026963353157,
    "max": 22.10575294494629,
    "mean": 7.949665546417236,
    "std": 1.9901790618896484,
    "median": 7.880944728851318,
    "q1": 6.85186767578125,
    "q3": 8.973917961120605,
    "k": 128
}