{
    "layer": 10,
    "name": "ln2_sae_err_norms",
    "shape": "torch.Size([128000])",
    "min": 0.027055026963353157,
    "max": 22.118724822998047,
    "mean": 7.955957412719727,
    "std": 1.9932060241699219,
    "median": 7.889280796051025,
    "q1": 6.854912281036377,
    "q3": 8.983521461486816,
    "k": 64
}