{
    "layer": 7,
    "name": "ln2_sae_err_norms",
    "shape": "torch.Size([128000])",
    "min": 0.2513282299041748,
    "max": 30.398853302001953,
    "mean": 12.815476417541504,
    "std": 3.0533039569854736,
    "median": 12.773927688598633,
    "q1": 11.143976211547852,
    "q3": 14.510296821594238,
    "k": 4
}