{
    "layer": 7,
    "name": "ln2_sae_err_norms",
    "shape": "torch.Size([128000])",
    "min": 0.10493036359548569,
    "max": 17.235532760620117,
    "mean": 7.661475658416748,
    "std": 1.7538416385650635,
    "median": 7.627645969390869,
    "q1": 6.706320285797119,
    "q3": 8.623249053955078,
    "k": 64
}