{
    "layer": 9,
    "name": "ln2_sae_err_norms",
    "shape": "torch.Size([128000])",
    "min": 0.05683847889304161,
    "max": 19.076513290405273,
    "mean": 7.807199001312256,
    "std": 1.8868474960327148,
    "median": 7.767965793609619,
    "q1": 6.764644145965576,
    "q3": 8.82968521118164,
    "k": 128
}