{
    "layer": 4,
    "name": "ln2_sae_err_norms",
    "shape": "torch.Size([128000])",
    "min": 0.1969996690750122,
    "max": 23.689380645751953,
    "mean": 9.980020523071289,
    "std": 2.612581968307495,
    "median": 9.763036727905273,
    "q1": 8.420699119567871,
    "q3": 11.33207893371582,
    "k": 4
}