{
    "layer": 2,
    "name": "ln2_sae_err_norms",
    "shape": "torch.Size([128000])",
    "min": 0.11408443748950958,
    "max": 20.940866470336914,
    "mean": 6.6921563148498535,
    "std": 2.420827627182007,
    "median": 6.464974403381348,
    "q1": 5.089768886566162,
    "q3": 7.941466331481934,
    "k": 8
}