{
    "layer": 8,
    "name": "ln2_sae_err_norms",
    "shape": "torch.Size([128000])",
    "min": 0.05486598610877991,
    "max": 25.118303298950195,
    "mean": 9.613346099853516,
    "std": 2.503044843673706,
    "median": 9.60201358795166,
    "q1": 8.224974632263184,
    "q3": 11.029129981994629,
    "k": 16
}