{
    "layer": 3,
    "name": "ln2_sae_err_norms",
    "shape": "torch.Size([128000])",
    "min": 0.11737138032913208,
    "max": 21.94230079650879,
    "mean": 7.316241264343262,
    "std": 2.2743523120880127,
    "median": 7.0457892417907715,
    "q1": 5.900402069091797,
    "q3": 8.413290023803711,
    "k": 8
}