{
    "layer": 9,
    "name": "ln2_sae_err_norms",
    "shape": "torch.Size([128000])",
    "min": 1.0877605676651,
    "max": 36.78358840942383,
    "mean": 17.215524673461914,
    "std": 3.645538091659546,
    "median": 17.062047958374023,
    "q1": 15.143741607666016,
    "q3": 19.14803695678711,
    "k": 1
}