{
    "layer": 9,
    "name": "ln2_sae_err_norms",
    "shape": "torch.Size([128000])",
    "min": 0.2047099620103836,
    "max": 33.23215866088867,
    "mean": 13.576971054077148,
    "std": 3.2755351066589355,
    "median": 13.557143211364746,
    "q1": 11.788061141967773,
    "q3": 15.39450454711914,
    "k": 4
}