{
    "layer": 3,
    "name": "ln2_sae_err_norms",
    "shape": "torch.Size([128000])",
    "min": 0.44577905535697937,
    "max": 26.412708282470703,
    "mean": 12.117338180541992,
    "std": 2.9291505813598633,
    "median": 11.817472457885742,
    "q1": 10.242071151733398,
    "q3": 13.74918270111084,
    "k": 1
}