{
    "layer": 3,
    "name": "ln2_sae_err_norms",
    "shape": "torch.Size([128000])",
    "min": 0.10741999745368958,
    "max": 14.814693450927734,
    "mean": 5.512513637542725,
    "std": 1.634143590927124,
    "median": 5.297049522399902,
    "q1": 4.447920799255371,
    "q3": 6.352928161621094,
    "k": 64
}