{
    "layer": 0,
    "name": "ln2_sae_err_norms",
    "shape": "torch.Size([128000])",
    "min": 0.13542231917381287,
    "max": 16.51116180419922,
    "mean": 1.6311450004577637,
    "std": 1.5114719867706299,
    "median": 1.1627812385559082,
    "q1": 0.9192805290222168,
    "q3": 1.6080946922302246,
    "k": 32
}