{
    "layer": 3,
    "name": "ln2_sae_err_norms",
    "shape": "torch.Size([128000])",
    "min": 0.25524842739105225,
    "max": 23.410642623901367,
    "mean": 8.864571571350098,
    "std": 2.5221850872039795,
    "median": 8.549992561340332,
    "q1": 7.28516960144043,
    "q3": 10.10706901550293,
    "k": 4
}