{
    "layer": 6,
    "name": "ln2_sae_err_norms",
    "shape": "torch.Size([128000])",
    "min": 0.07021764665842056,
    "max": 17.05605697631836,
    "mean": 7.225100517272949,
    "std": 1.7179667949676514,
    "median": 7.147439002990723,
    "q1": 6.249781131744385,
    "q3": 8.160394668579102,
    "k": 64
}