{
    "layer": 3,
    "name": "ln2_sae_err_norms",
    "shape": "torch.Size([128000])",
    "min": 0.10741999745368958,
    "max": 17.309314727783203,
    "mean": 5.56820011138916,
    "std": 1.6971780061721802,
    "median": 5.331355571746826,
    "q1": 4.469846725463867,
    "q3": 6.41004753112793,
    "k": 32
}