{
    "layer": 10,
    "name": "ln2_sae_err_norms",
    "shape": "torch.Size([128000])",
    "min": 0.027055026963353157,
    "max": 23.852418899536133,
    "mean": 8.277993202209473,
    "std": 2.133661985397339,
    "median": 8.232194900512695,
    "q1": 7.084622859954834,
    "q3": 9.40830135345459,
    "k": 32
}