{
    "layer": 11,
    "name": "ln2_sae_err_norms",
    "shape": "torch.Size([128000])",
    "min": 0.37476983666419983,
    "max": 53.67393493652344,
    "mean": 8.573922157287598,
    "std": 5.180896282196045,
    "median": 7.60929536819458,
    "q1": 6.622549057006836,
    "q3": 8.791513442993164,
    "k": 4
}