{
    "layer": 8,
    "name": "ln2_sae_err_norms",
    "shape": "torch.Size([128000])",
    "min": 0.14100781083106995,
    "max": 31.934656143188477,
    "mean": 13.252263069152832,
    "std": 3.1938345432281494,
    "median": 13.22706413269043,
    "q1": 11.514351844787598,
    "q3": 15.023591041564941,
    "k": 4
}