{
    "layer": 6,
    "name": "ln2_sae_err_norms",
    "shape": "torch.Size([128000])",
    "min": 0.07021764665842056,
    "max": 20.460912704467773,
    "mean": 8.576662063598633,
    "std": 2.288761854171753,
    "median": 8.440938949584961,
    "q1": 7.251392364501953,
    "q3": 9.789215087890625,
    "k": 16
}