{
    "layer": 10,
    "name": "ln2_sae_err_norms",
    "shape": "torch.Size([128000])",
    "min": 0.027055026963353157,
    "max": 22.10575294494629,
    "mean": 7.949738502502441,
    "std": 1.9903137683868408,
    "median": 7.881067276000977,
    "q1": 6.8518877029418945,
    "q3": 8.97386646270752,
    "k": 99999999
}