{
    "layer": 6,
    "name": "ln2_sae_err_norms",
    "shape": "torch.Size([128000])",
    "min": 0.08527088165283203,
    "max": 23.198150634765625,
    "mean": 10.202357292175293,
    "std": 2.662264347076416,
    "median": 10.07829475402832,
    "q1": 8.69253921508789,
    "q3": 11.618448257446289,
    "k": 8
}