{
    "layer": 0,
    "name": "ln2_sae_err_norms",
    "shape": "torch.Size([128000])",
    "min": 2.4669106006622314,
    "max": 26.523481369018555,
    "mean": 9.932746887207031,
    "std": 4.013391971588135,
    "median": 9.186324119567871,
    "q1": 6.3456645011901855,
    "q3": 13.308330535888672,
    "k": 2
}