{
    "layer": 1,
    "name": "ln2_sae_err_norms",
    "shape": "torch.Size([128000])",
    "min": 0.08280409872531891,
    "max": 13.707758903503418,
    "mean": 3.306060314178467,
    "std": 1.4558440446853638,
    "median": 2.8806469440460205,
    "q1": 2.5088794231414795,
    "q3": 3.499654769897461,
    "k": 64
}