{
    "layer": 5,
    "name": "ln2_sae_err_norms",
    "shape": "torch.Size([128000])",
    "min": 0.033701490610837936,
    "max": 16.67894172668457,
    "mean": 6.80388069152832,
    "std": 1.732553482055664,
    "median": 6.673253059387207,
    "q1": 5.791105270385742,
    "q3": 7.727666854858398,
    "k": 99999999
}