{
    "layer": 8,
    "name": "ln2_sae_err_norms",
    "shape": "torch.Size([128000])",
    "min": 0.5914463996887207,
    "max": 35.70326614379883,
    "mean": 17.035140991210938,
    "std": 3.5520524978637695,
    "median": 16.977624893188477,
    "q1": 15.092538833618164,
    "q3": 18.941143035888672,
    "k": 1
}