{
    "layer": 11,
    "name": "ln2_sae_err_norms",
    "shape": "torch.Size([128000])",
    "min": 0.7762435674667358,
    "max": 54.188690185546875,
    "mean": 9.733582496643066,
    "std": 5.544622421264648,
    "median": 8.501194953918457,
    "q1": 7.467977523803711,
    "q3": 9.859310150146484,
    "k": 2
}