{
    "layer": 9,
    "name": "ln2_sae_err_norms",
    "shape": "torch.Size([128000])",
    "min": 0.05683847889304161,
    "max": 19.131641387939453,
    "mean": 7.867493152618408,
    "std": 1.9234849214553833,
    "median": 7.8242669105529785,
    "q1": 6.798001766204834,
    "q3": 8.915924072265625,
    "k": 64
}