{
    "layer": 1,
    "name": "ln2_sae_err_norms",
    "shape": "torch.Size([128000])",
    "min": 0.08280409872531891,
    "max": 20.17704200744629,
    "mean": 4.226216793060303,
    "std": 2.1464908123016357,
    "median": 3.652496576309204,
    "q1": 3.047063112258911,
    "q3": 4.607163429260254,
    "k": 8
}