{
    "layer": 2,
    "name": "ln2_sae_err_norms",
    "shape": "torch.Size([128000])",
    "min": 0.09321950376033783,
    "max": 15.542648315429688,
    "mean": 4.658509254455566,
    "std": 1.6999322175979614,
    "median": 4.34434700012207,
    "q1": 3.531273603439331,
    "q3": 5.407095909118652,
    "k": 32
}