{
    "layer": 5,
    "name": "ln2_sae_err_norms",
    "shape": "torch.Size([128000])",
    "min": 0.03370142728090286,
    "max": 24.33596420288086,
    "mean": 9.412281036376953,
    "std": 2.573965311050415,
    "median": 9.212594032287598,
    "q1": 7.91263484954834,
    "q3": 10.730720520019531,
    "k": 8
}