{
    "layer": 11,
    "name": "ln2_sae_err_norms",
    "shape": "torch.Size([128000])",
    "min": 1.599127173423767,
    "max": 54.10890579223633,
    "mean": 10.781432151794434,
    "std": 5.744871616363525,
    "median": 9.328644752502441,
    "q1": 8.282516479492188,
    "q3": 10.855368614196777,
    "k": 1
}