{
    "layer": 3,
    "name": "ln2_sae_err_norms",
    "shape": "torch.Size([128000])",
    "min": 0.2866990864276886,
    "max": 25.189167022705078,
    "mean": 10.426692008972168,
    "std": 2.7297956943511963,
    "median": 10.127808570861816,
    "q1": 8.679121971130371,
    "q3": 11.837860107421875,
    "k": 2
}