{
    "layer": 6,
    "name": "ln2_sae_err_norms",
    "shape": "torch.Size([128000])",
    "min": 0.19811297953128815,
    "max": 26.906333923339844,
    "mean": 12.057310104370117,
    "std": 2.9576284885406494,
    "median": 11.955425262451172,
    "q1": 10.387693405151367,
    "q3": 13.654523849487305,
    "k": 4
}