{
    "layer": 0,
    "name": "ln2_sae_err_norms",
    "shape": "torch.Size([128000])",
    "min": 0.13542231917381287,
    "max": 13.21873664855957,
    "mean": 1.5062352418899536,
    "std": 1.2041012048721313,
    "median": 1.1253368854522705,
    "q1": 0.9073718786239624,
    "q3": 1.503562092781067,
    "k": 64
}