{
    "layer": 8,
    "name": "ln2_sae_err_norms",
    "shape": "torch.Size([128000])",
    "min": 0.05486598610877991,
    "max": 19.061359405517578,
    "mean": 7.734001636505127,
    "std": 1.8117612600326538,
    "median": 7.7175445556640625,
    "q1": 6.7454833984375,
    "q3": 8.743635177612305,
    "k": 128
}