{
    "layer": 7,
    "name": "ln2_sae_err_norms",
    "shape": "torch.Size([128000])",
    "min": 0.5182919502258301,
    "max": 33.367881774902344,
    "mean": 14.74179458618164,
    "std": 3.276506185531616,
    "median": 14.718950271606445,
    "q1": 12.91588020324707,
    "q3": 16.601184844970703,
    "k": 2
}