{
    "layer": 1,
    "name": "ln2_sae_err_norms",
    "shape": "torch.Size([128000])",
    "min": 4.852362155914307,
    "max": 26.741716384887695,
    "mean": 11.452815055847168,
    "std": 2.8730576038360596,
    "median": 10.822028160095215,
    "q1": 9.391201972961426,
    "q3": 12.991740226745605,
    "k": 1
}