{
    "layer": 0,
    "name": "ln2_sae_err_norms",
    "shape": "torch.Size([128000])",
    "min": 1.6608550548553467,
    "max": 24.54375648498535,
    "mean": 6.183767795562744,
    "std": 3.0629780292510986,
    "median": 5.535923004150391,
    "q1": 3.813431978225708,
    "q3": 7.783654689788818,
    "k": 4
}