{
    "layer": 4,
    "name": "ln2_sae_err_norms",
    "shape": "torch.Size([128000])",
    "min": 0.422010600566864,
    "max": 25.498640060424805,
    "mean": 11.785033226013184,
    "std": 2.8367559909820557,
    "median": 11.61536693572998,
    "q1": 10.105799674987793,
    "q3": 13.321525573730469,
    "k": 2
}