{
    "layer": 0,
    "name": "ln2_sae_err_norms",
    "shape": "torch.Size([128000])",
    "min": 0.13542231917381287,
    "max": 22.698129653930664,
    "mean": 2.785398006439209,
    "std": 2.729766845703125,
    "median": 1.9242255687713623,
    "q1": 1.4255242347717285,
    "q3": 2.8465611934661865,
    "k": 8
}