{
    "layer": 11,
    "name": "ln2_sae_err_norms",
    "shape": "torch.Size([128000])",
    "min": 0.05859660357236862,
    "max": 38.21870803833008,
    "mean": 5.142515659332275,
    "std": 1.9729869365692139,
    "median": 4.847575664520264,
    "q1": 4.153768062591553,
    "q3": 5.646922588348389,
    "k": 32
}