{
    "layer": 6,
    "name": "ln2_sae_err_norms",
    "shape": "torch.Size([128000])",
    "min": 0.34327033162117004,
    "max": 28.973602294921875,
    "mean": 13.991582870483398,
    "std": 3.179126501083374,
    "median": 13.937200546264648,
    "q1": 12.176290512084961,
    "q3": 15.78297233581543,
    "k": 2
}