{
    "layer": 1,
    "name": "ln2_sae_err_norms",
    "shape": "torch.Size([128000])",
    "min": 2.2107903957366943,
    "max": 24.830947875976562,
    "mean": 8.477177619934082,
    "std": 2.546632766723633,
    "median": 7.953603744506836,
    "q1": 6.856138229370117,
    "q3": 9.442525863647461,
    "k": 2
}