{
    "layer": 4,
    "name": "ln2_sae_err_norms",
    "shape": "torch.Size([128000])",
    "min": 0.8005061745643616,
    "max": 27.194307327270508,
    "mean": 13.663810729980469,
    "std": 3.0344133377075195,
    "median": 13.54407787322998,
    "q1": 11.851564407348633,
    "q3": 15.423373222351074,
    "k": 1
}