{
    "layer": 4,
    "name": "ln2_sae_err_norms",
    "shape": "torch.Size([128000])",
    "min": 0.04901045560836792,
    "max": 16.41059684753418,
    "mean": 6.157857418060303,
    "std": 1.7343955039978027,
    "median": 5.9551568031311035,
    "q1": 5.071776390075684,
    "q3": 7.046418190002441,
    "k": 32
}