{
    "layer": 5,
    "name": "ln2_sae_err_norms",
    "shape": "torch.Size([128000])",
    "min": 0.5280787944793701,
    "max": 28.716445922851562,
    "mean": 14.983855247497559,
    "std": 3.245150566101074,
    "median": 14.943360328674316,
    "q1": 13.130958557128906,
    "q3": 16.872879028320312,
    "k": 1
}