{
    "layer": 11,
    "name": "ln2_sae_err_norms",
    "shape": "torch.Size([128000])",
    "min": 0.05858979746699333,
    "max": 36.71562576293945,
    "mean": 6.945195198059082,
    "std": 2.7305490970611572,
    "median": 6.577111721038818,
    "q1": 5.657525539398193,
    "q3": 7.584456443786621,
    "k": 8
}