{
    "layer": 9,
    "name": "ln2_sae_err_norms",
    "shape": "torch.Size([128000])",
    "min": 0.05683847889304161,
    "max": 20.80059051513672,
    "mean": 8.512935638427734,
    "std": 2.177400588989258,
    "median": 8.483278274536133,
    "q1": 7.289788722991943,
    "q3": 9.725668907165527,
    "k": 32
}