{
    "layer": 5,
    "name": "ln2_sae_err_norms",
    "shape": "torch.Size([128000])",
    "min": 0.033701490610837936,
    "max": 21.29190444946289,
    "mean": 7.901390552520752,
    "std": 2.233548402786255,
    "median": 7.705108642578125,
    "q1": 6.582757472991943,
    "q3": 9.024398803710938,
    "k": 16
}