{
    "layer": 7,
    "name": "ln2_sae_err_norms",
    "shape": "torch.Size([128000])",
    "min": 0.9886979460716248,
    "max": 34.90635681152344,
    "mean": 16.694740295410156,
    "std": 3.4512925148010254,
    "median": 16.691125869750977,
    "q1": 14.814842224121094,
    "q3": 18.617034912109375,
    "k": 1
}