{
    "layer": 9,
    "name": "ln2_sae_err_norms",
    "shape": "torch.Size([128000])",
    "min": 0.05683847889304161,
    "max": 25.203763961791992,
    "mean": 9.87498950958252,
    "std": 2.5765137672424316,
    "median": 9.869633674621582,
    "q1": 8.442241668701172,
    "q3": 11.324254035949707,
    "k": 16
}