{
    "layer": 3,
    "name": "ln2_sae_err_norms",
    "shape": "torch.Size([128000])",
    "min": 0.10741999745368958,
    "max": 14.814693450927734,
    "mean": 5.5122389793396,
    "std": 1.6337250471115112,
    "median": 5.296840190887451,
    "q1": 4.447886943817139,
    "q3": 6.352869510650635,
    "k": 128
}