{
    "layer": 6,
    "name": "ln2_sae_err_norms",
    "shape": "torch.Size([128000])",
    "min": 0.07021764665842056,
    "max": 17.122539520263672,
    "mean": 7.219476222991943,
    "std": 1.7071808576583862,
    "median": 7.147983074188232,
    "q1": 6.250136375427246,
    "q3": 8.158723831176758,
    "k": 128
}