{
    "layer": 4,
    "name": "ln2_sae_err_norms",
    "shape": "torch.Size([128000])",
    "min": 0.04901045560836792,
    "max": 15.220987319946289,
    "mean": 6.0887651443481445,
    "std": 1.653218150138855,
    "median": 5.917778968811035,
    "q1": 5.046823024749756,
    "q3": 6.987331867218018,
    "k": 99999999
}