{
    "layer": 5,
    "name": "res_sae_mse",
    "shape": "torch.Size([12, 38400])",
    "min": 9.74100771600206e-07,
    "max": 14.135628700256348,
    "mean": 1.0138028860092163,
    "std": 1.453908085823059,
    "median": 0.4049842655658722,
    "q1": 0.08831357955932617,
    "q3": 1.2585550546646118
}