{
    "layer": 5,
    "name": "ln2_sae_variance_explained",
    "shape": "torch.Size([12, 38400])",
    "min": -2.3320837020874023,
    "max": 0.9999927282333374,
    "mean": 0.6307706832885742,
    "std": 0.326362282037735,
    "median": 0.6940783262252808,
    "q1": 0.4465055763721466,
    "q3": 0.9112086296081543
}