{
    "layer": 5,
    "name": "ln2_sae_mse",
    "shape": "torch.Size([38400])",
    "min": 1.478888293604541e-06,
    "max": 0.5830792188644409,
    "mean": 0.11983455717563629,
    "std": 0.06323903799057007,
    "median": 0.10803068429231644,
    "q1": 0.07947726547718048,
    "q3": 0.1453074961900711,
    "k": 8
}