{
    "layer": 4,
    "name": "ln2_sae_mse",
    "shape": "torch.Size([38400])",
    "min": 3.1276360914489487e-06,
    "max": 0.26018860936164856,
    "mean": 0.04994555935263634,
    "std": 0.026573818176984787,
    "median": 0.04421690106391907,
    "q1": 0.03213457763195038,
    "q3": 0.06119092181324959,
    "k": 99999999
}