{
    "layer": 7,
    "name": "ln2_sae_mse",
    "shape": "torch.Size([38400])",
    "min": 1.4336434105644003e-05,
    "max": 0.5670085549354553,
    "mean": 0.11534833163022995,
    "std": 0.05525185540318489,
    "median": 0.1080004945397377,
    "q1": 0.0799642950296402,
    "q3": 0.14155623316764832,
    "k": 16
}