{
    "layer": 11,
    "name": "ln2_sae_mse",
    "shape": "torch.Size([38400])",
    "min": 0.0001828807726269588,
    "max": 3.7511606216430664,
    "mean": 0.1293509155511856,
    "std": 0.34384018182754517,
    "median": 0.0748334676027298,
    "q1": 0.05659931153059006,
    "q3": 0.09945418685674667,
    "k": 4
}