{
    "layer": 4,
    "name": "ln2_sae_mse",
    "shape": "torch.Size([38400])",
    "min": 3.2407451726612635e-06,
    "max": 0.5271342992782593,
    "mean": 0.09299694001674652,
    "std": 0.05280282348394394,
    "median": 0.08202923089265823,
    "q1": 0.05924128741025925,
    "q3": 0.11276483535766602,
    "k": 8
}