{
    "layer": 5,
    "name": "ln2_sae_mse",
    "shape": "torch.Size([38400])",
    "min": 1.4788938642595895e-06,
    "max": 0.279572069644928,
    "mean": 0.061828117817640305,
    "std": 0.029829280450940132,
    "median": 0.05628465116024017,
    "q1": 0.04250866547226906,
    "q3": 0.07507050782442093,
    "k": 99999999
}