{
    "layer": 4,
    "name": "ln2_sae_mse",
    "shape": "torch.Size([38400])",
    "min": 0.000834388192743063,
    "max": 0.9230170845985413,
    "mean": 0.25019600987434387,
    "std": 0.10566645860671997,
    "median": 0.2351776510477066,
    "q1": 0.1800324022769928,
    "q3": 0.3038896322250366,
    "k": 1
}