{
    "layer": 9,
    "name": "ln2_sae_mse",
    "shape": "torch.Size([38400])",
    "min": 4.206541689200094e-06,
    "max": 0.5633653402328491,
    "mean": 0.09803418815135956,
    "std": 0.047476813197135925,
    "median": 0.09196128696203232,
    "q1": 0.0676368921995163,
    "q3": 0.12072619795799255,
    "k": 32
}