{
    "layer": 9,
    "name": "ln2_sae_mse",
    "shape": "torch.Size([38400])",
    "min": 0.0015406551538035274,
    "max": 1.7617610692977905,
    "mean": 0.39706698060035706,
    "std": 0.16429555416107178,
    "median": 0.3737935721874237,
    "q1": 0.29550015926361084,
    "q3": 0.46842488646507263,
    "k": 1
}