{
    "layer": 3,
    "name": "ln2_sae_mse",
    "shape": "torch.Size([38400])",
    "min": 1.5024811546027195e-05,
    "max": 0.28122928738594055,
    "mean": 0.04225863888859749,
    "std": 0.02628348581492901,
    "median": 0.03580142930150032,
    "q1": 0.02533278614282608,
    "q3": 0.051323458552360535,
    "k": 32
}