{
    "layer": 2,
    "name": "ln2_sae_mse",
    "shape": "torch.Size([38400])",
    "min": 1.1315004485368263e-05,
    "max": 0.24873752892017365,
    "mean": 0.029533836990594864,
    "std": 0.02255946584045887,
    "median": 0.023211658000946045,
    "q1": 0.015536325983703136,
    "q3": 0.035233575850725174,
    "k": 64
}