{
    "layer": 7,
    "name": "ln2_sae_mse",
    "shape": "torch.Size([38400])",
    "min": 0.00034977414179593325,
    "max": 1.225894570350647,
    "mean": 0.29120469093322754,
    "std": 0.11885987967252731,
    "median": 0.27769458293914795,
    "q1": 0.2139514684677124,
    "q3": 0.35305705666542053,
    "k": 2
}