{
    "layer": 11,
    "name": "ln2_sae_mse",
    "shape": "torch.Size([38400])",
    "min": 0.0007845761720091105,
    "max": 3.823455810546875,
    "mean": 0.16168133914470673,
    "std": 0.36234328150749207,
    "median": 0.0933438166975975,
    "q1": 0.07190841436386108,
    "q3": 0.12481695413589478,
    "k": 2
}