{
    "layer": 2,
    "name": "ln2_sae_mse",
    "shape": "torch.Size([38400])",
    "min": 1.1315004485368263e-05,
    "max": 0.24873752892017365,
    "mean": 0.02953210473060608,
    "std": 0.02255256101489067,
    "median": 0.023211658000946045,
    "q1": 0.015536325983703136,
    "q3": 0.035235218703746796,
    "k": 99999999
}