{
    "layer": 1,
    "name": "ln2_sae_mse",
    "shape": "torch.Size([38400])",
    "min": 0.030658075585961342,
    "max": 0.8885350227355957,
    "mean": 0.17779505252838135,
    "std": 0.0968368798494339,
    "median": 0.14994671940803528,
    "q1": 0.1129164844751358,
    "q3": 0.21538865566253662,
    "k": 1
}