{
    "layer": 9,
    "name": "ln2_sae_mse",
    "shape": "torch.Size([38400])",
    "min": 4.206541689200094e-06,
    "max": 0.4765882194042206,
    "mean": 0.08311281353235245,
    "std": 0.03822501376271248,
    "median": 0.0782027319073677,
    "q1": 0.058831386268138885,
    "q3": 0.10110647976398468,
    "k": 64
}