{
    "layer": 8,
    "name": "ln2_sae_mse",
    "shape": "torch.Size([38400])",
    "min": 0.00010245901648886502,
    "max": 1.4405598640441895,
    "mean": 0.3088492453098297,
    "std": 0.12943455576896667,
    "median": 0.2942450940608978,
    "q1": 0.22707082331180573,
    "q3": 0.3729022443294525,
    "k": 2
}