{
    "layer": 11,
    "name": "ln2_sae_mse",
    "shape": "torch.Size([38400])",
    "min": 0.004594940226525068,
    "max": 3.8122053146362305,
    "mean": 0.1922614723443985,
    "std": 0.372964471578598,
    "median": 0.11201006919145584,
    "q1": 0.088470458984375,
    "q3": 0.1512340009212494,
    "k": 1
}