{
    "layer": 4,
    "name": "ln2_sae_mse",
    "shape": "torch.Size([38400])",
    "min": 3.1276360914489487e-06,
    "max": 0.26018860936164856,
    "mean": 0.0499543696641922,
    "std": 0.026600459590554237,
    "median": 0.04422855004668236,
    "q1": 0.03213372081518173,
    "q3": 0.06117852404713631,
    "k": 64
}