{
    "layer": 2,
    "name": "ln2_sae_mse",
    "shape": "torch.Size([38400])",
    "min": 0.0012664786772802472,
    "max": 0.6743369698524475,
    "mean": 0.09903983026742935,
    "std": 0.06217345967888832,
    "median": 0.08871713280677795,
    "q1": 0.061015911400318146,
    "q3": 0.11866043508052826,
    "k": 4
}