{
    "layer": 4,
    "name": "ln2_sae_mse",
    "shape": "torch.Size([38400])",
    "min": 5.053264248999767e-05,
    "max": 0.6697037816047668,
    "mean": 0.13470426201820374,
    "std": 0.06915906071662903,
    "median": 0.12152540683746338,
    "q1": 0.0905708521604538,
    "q3": 0.1623087227344513,
    "k": 4
}