{
    "layer": 6,
    "name": "ln2_sae_mse",
    "shape": "torch.Size([38400])",
    "min": 0.0001534303737571463,
    "max": 0.960273802280426,
    "mean": 0.26241445541381836,
    "std": 0.1108354851603508,
    "median": 0.24879907071590424,
    "q1": 0.18925809860229492,
    "q3": 0.31818097829818726,
    "k": 2
}