{
    "layer": 10,
    "name": "ln2_sae_mse",
    "shape": "torch.Size([38400])",
    "min": 1.6896019587875344e-06,
    "max": 1.2167026996612549,
    "mean": 0.15769271552562714,
    "std": 0.08316434174776077,
    "median": 0.14734630286693573,
    "q1": 0.10552645474672318,
    "q3": 0.19527238607406616,
    "k": 8
}