{
    "layer": 9,
    "name": "ln2_sae_mse",
    "shape": "torch.Size([38400])",
    "min": 6.77204434396117e-06,
    "max": 1.1560381650924683,
    "mean": 0.1843027025461197,
    "std": 0.08871254324913025,
    "median": 0.17363522946834564,
    "q1": 0.12864306569099426,
    "q3": 0.22716224193572998,
    "k": 8
}