{
    "layer": 3,
    "name": "ln2_sae_mse",
    "shape": "torch.Size([38400])",
    "min": 8.483467536279932e-05,
    "max": 0.6741488575935364,
    "mean": 0.10768221318721771,
    "std": 0.06297004222869873,
    "median": 0.09325660020112991,
    "q1": 0.06816663593053818,
    "q3": 0.1298079490661621,
    "k": 4
}