{
    "layer": 9,
    "name": "ln2_sae_mse",
    "shape": "torch.Size([38400])",
    "min": 4.206541689200094e-06,
    "max": 0.47384557127952576,
    "mean": 0.0817081555724144,
    "std": 0.03703492507338524,
    "median": 0.07700973749160767,
    "q1": 0.058274418115615845,
    "q3": 0.0992158055305481,
    "k": 128
}