{
    "layer": 8,
    "name": "ln2_sae_mse",
    "shape": "torch.Size([38400])",
    "min": 0.00045548021444119513,
    "max": 1.6086868047714233,
    "mean": 0.3886783719062805,
    "std": 0.1528286635875702,
    "median": 0.3715726137161255,
    "q1": 0.2936308979988098,
    "q3": 0.46095243096351624,
    "k": 1
}