{
    "layer": 0,
    "name": "ln2_sae_mse",
    "shape": "torch.Size([38400])",
    "min": 0.016017744317650795,
    "max": 1.0038443803787231,
    "mean": 0.24250371754169464,
    "std": 0.18009857833385468,
    "median": 0.1823214739561081,
    "q1": 0.09197019040584564,
    "q3": 0.3694608509540558,
    "k": 1
}