{
    "layer": 10,
    "name": "ln2_sae_mse",
    "shape": "torch.Size([38400])",
    "min": 0.0003222566738259047,
    "max": 1.558632493019104,
    "mean": 0.21109387278556824,
    "std": 0.10675133764743805,
    "median": 0.19690631330013275,
    "q1": 0.14433759450912476,
    "q3": 0.2587971091270447,
    "k": 4
}