{
    "layer": 6,
    "name": "ln2_sae_mse",
    "shape": "torch.Size([38400])",
    "min": 9.467608833801933e-06,
    "max": 0.7007216811180115,
    "mean": 0.14035047590732574,
    "std": 0.06966650485992432,
    "median": 0.1292867213487625,
    "q1": 0.09572871029376984,
    "q3": 0.17110872268676758,
    "k": 8
}