{
    "layer": 0,
    "name": "ln2_sae_mse",
    "shape": "torch.Size([38400])",
    "min": 2.387904532952234e-05,
    "max": 0.4481487274169922,
    "mean": 0.009958847425878048,
    "std": 0.032642655074596405,
    "median": 0.001955206273123622,
    "q1": 0.0011325152590870857,
    "q3": 0.00411967234686017,
    "k": 16
}