{
    "layer": 11,
    "name": "ln2_sae_mse",
    "shape": "torch.Size([38400])",
    "min": 4.4697453631670214e-06,
    "max": 1.7173813581466675,
    "mean": 0.07137840241193771,
    "std": 0.0867844820022583,
    "median": 0.055934492498636246,
    "q1": 0.04129195958375931,
    "q3": 0.07427063584327698,
    "k": 8
}