{
    "layer": 10,
    "name": "ln2_sae_mse",
    "shape": "torch.Size([38400])",
    "min": 9.530902502774552e-07,
    "max": 0.6362816691398621,
    "mean": 0.08500219881534576,
    "std": 0.04143492877483368,
    "median": 0.07938648015260696,
    "q1": 0.059771619737148285,
    "q3": 0.10223132371902466,
    "k": 128
}