{
    "layer": 2,
    "name": "ln2_sae_mse",
    "shape": "torch.Size([38400])",
    "min": 0.025012051686644554,
    "max": 0.9122899174690247,
    "mean": 0.19631929695606232,
    "std": 0.08905495703220367,
    "median": 0.17551906406879425,
    "q1": 0.13908299803733826,
    "q3": 0.2259136587381363,
    "k": 1
}