{
    "layer": 6,
    "name": "ln2_sae_mse",
    "shape": "torch.Size([38400])",
    "min": 6.419937562895939e-06,
    "max": 0.5451158881187439,
    "mean": 0.09914883971214294,
    "std": 0.05089523270726204,
    "median": 0.09026464074850082,
    "q1": 0.06647202372550964,
    "q3": 0.12094776332378387,
    "k": 16
}