{
    "layer": 3,
    "name": "ln2_sae_mse",
    "shape": "torch.Size([38400])",
    "min": 1.5024811546027195e-05,
    "max": 0.37643781304359436,
    "mean": 0.05061136931180954,
    "std": 0.034427009522914886,
    "median": 0.041855718940496445,
    "q1": 0.029086479917168617,
    "q3": 0.0611790269613266,
    "k": 16
}