{
    "layer": 10,
    "name": "ln2_sae_mse",
    "shape": "torch.Size([38400])",
    "min": 0.0012041067238897085,
    "max": 1.8991789817810059,
    "mean": 0.33538973331451416,
    "std": 0.15206868946552277,
    "median": 0.3113623857498169,
    "q1": 0.23994280397891998,
    "q3": 0.3998629152774811,
    "k": 1
}