{
    "layer": 2,
    "name": "ln2_sae_mse",
    "shape": "torch.Size([38400])",
    "min": 1.1315004485368263e-05,
    "max": 0.27805954217910767,
    "mean": 0.030626729130744934,
    "std": 0.024660825729370117,
    "median": 0.023696251213550568,
    "q1": 0.01576782390475273,
    "q3": 0.03625217452645302,
    "k": 32
}