{
    "layer": 8,
    "name": "ln2_sae_mse",
    "shape": "torch.Size([38400])",
    "min": 3.919628852599999e-06,
    "max": 0.9330547451972961,
    "mean": 0.17426198720932007,
    "std": 0.08313208818435669,
    "median": 0.16454410552978516,
    "q1": 0.12150821089744568,
    "q3": 0.21520300209522247,
    "k": 8
}