{
    "layer": 1,
    "name": "ln2_sae_mse",
    "shape": "torch.Size([38400])",
    "min": 0.006364054977893829,
    "max": 0.7267069220542908,
    "mean": 0.09859748929738998,
    "std": 0.07076328992843628,
    "median": 0.08004629611968994,
    "q1": 0.05981355533003807,
    "q3": 0.11211796849966049,
    "k": 2
}