{
    "layer": 8,
    "name": "ln2_sae_mse",
    "shape": "torch.Size([38400])",
    "min": 2.58895870501874e-05,
    "max": 1.187820553779602,
    "mean": 0.236659437417984,
    "std": 0.10649428516626358,
    "median": 0.22414535284042358,
    "q1": 0.16909180581569672,
    "q3": 0.2891225516796112,
    "k": 4
}