{
    "layer": 11,
    "name": "ln2_sae_mse",
    "shape": "torch.Size([38400])",
    "min": 4.470783551369095e-06,
    "max": 1.2631142139434814,
    "mean": 0.03466430678963661,
    "std": 0.04215334355831146,
    "median": 0.02646004594862461,
    "q1": 0.019828885793685913,
    "q3": 0.035881705582141876,
    "k": 64
}