{
    "layer": 6,
    "name": "ln2_sae_mse",
    "shape": "torch.Size([38400])",
    "min": 6.419937562895939e-06,
    "max": 0.30408287048339844,
    "mean": 0.06944820284843445,
    "std": 0.03068775124847889,
    "median": 0.06487637758255005,
    "q1": 0.04953932762145996,
    "q3": 0.08417634665966034,
    "k": 128
}