{
    "layer": 8,
    "name": "ln2_sae_mse",
    "shape": "torch.Size([38400])",
    "min": 3.919628852599999e-06,
    "max": 0.3356892764568329,
    "mean": 0.08090987056493759,
    "std": 0.03547437861561775,
    "median": 0.07658389955759048,
    "q1": 0.058114465326070786,
    "q3": 0.09855540841817856,
    "k": 64
}