{
    "layer": 10,
    "name": "ln2_sae_mse",
    "shape": "torch.Size([38400])",
    "min": 9.530902502774552e-07,
    "max": 0.7408046126365662,
    "mean": 0.09271756559610367,
    "std": 0.046779386699199677,
    "median": 0.08680012077093124,
    "q1": 0.06366263329982758,
    "q3": 0.11271144449710846,
    "k": 32
}