{
    "layer": 0,
    "name": "ln2_sae_mse",
    "shape": "torch.Size([38400])",
    "min": 2.387904532952234e-05,
    "max": 0.15856559574604034,
    "mean": 0.004396576900035143,
    "std": 0.009524960070848465,
    "median": 0.0015770107274875045,
    "q1": 0.0010338184656575322,
    "q3": 0.002713908441364765,
    "k": 128
}