{
    "layer": 9,
    "name": "ln2_sae_mse",
    "shape": "torch.Size([38400])",
    "min": 4.206541689200094e-06,
    "max": 0.7824406027793884,
    "mean": 0.13242414593696594,
    "std": 0.06532126665115356,
    "median": 0.12434002012014389,
    "q1": 0.09053833037614822,
    "q3": 0.16397802531719208,
    "k": 16
}