{
    "layer": 0,
    "name": "ln2_sae_mse",
    "shape": "torch.Size([38400])",
    "min": 2.387904532952234e-05,
    "max": 0.5751923322677612,
    "mean": 0.018677912652492523,
    "std": 0.05163276568055153,
    "median": 0.004583291243761778,
    "q1": 0.0025385795161128044,
    "q3": 0.009889841079711914,
    "k": 8
}