{
    "layer": 5,
    "name": "ln2_sae_mse",
    "shape": "torch.Size([38400])",
    "min": 1.4788938642595895e-06,
    "max": 0.27983781695365906,
    "mean": 0.06190630421042442,
    "std": 0.030015161260962486,
    "median": 0.056289952248334885,
    "q1": 0.0425090566277504,
    "q3": 0.075083889067173,
    "k": 64
}