{
    "layer": 5,
    "name": "ln2_sae_mse",
    "shape": "torch.Size([38400])",
    "min": 9.455272083869204e-05,
    "max": 0.9212843775749207,
    "mean": 0.2290719598531723,
    "std": 0.10050405561923981,
    "median": 0.21547622978687286,
    "q1": 0.16399411857128143,
    "q3": 0.2769154906272888,
    "k": 2
}