{
    "layer": 2,
    "name": "ln2_sae_mse",
    "shape": "torch.Size([38400])",
    "min": 1.1315004485368263e-05,
    "max": 0.3959615230560303,
    "mean": 0.03888833522796631,
    "std": 0.03521297499537468,
    "median": 0.02805892936885357,
    "q1": 0.01803956925868988,
    "q3": 0.04632439464330673,
    "k": 16
}