{
    "layer": 10,
    "name": "ln2_sae_mse",
    "shape": "torch.Size([38400])",
    "min": 9.530902502774552e-07,
    "max": 0.6362816691398621,
    "mean": 0.085004061460495,
    "std": 0.04144121706485748,
    "median": 0.0793902575969696,
    "q1": 0.05977308005094528,
    "q3": 0.10223132371902466,
    "k": 99999999
}