{
    "layer": 1,
    "name": "ln2_sae_mse",
    "shape": "torch.Size([38400])",
    "min": 8.927738235797733e-06,
    "max": 0.24466490745544434,
    "mean": 0.016220759600400925,
    "std": 0.01893683522939682,
    "median": 0.010488958097994328,
    "q1": 0.00803130492568016,
    "q3": 0.015166865661740303,
    "k": 128
}