{
    "layer": 7,
    "name": "ln2_sae_mse",
    "shape": "torch.Size([38400])",
    "min": 8.224724297178909e-05,
    "max": 0.9709667563438416,
    "mean": 0.22042429447174072,
    "std": 0.09683434665203094,
    "median": 0.20856206119060516,
    "q1": 0.15852688252925873,
    "q3": 0.2687363028526306,
    "k": 4
}