{
    "layer": 3,
    "name": "ln2_sae_mse",
    "shape": "torch.Size([38400])",
    "min": 1.793761839508079e-05,
    "max": 0.5237923860549927,
    "mean": 0.07394973933696747,
    "std": 0.04753870517015457,
    "median": 0.0631539449095726,
    "q1": 0.0446162149310112,
    "q3": 0.08930531144142151,
    "k": 8
}