{
    "layer": 6,
    "name": "ln2_sae_mse",
    "shape": "torch.Size([38400])",
    "min": 6.419937562895939e-06,
    "max": 0.3047988712787628,
    "mean": 0.06957676261663437,
    "std": 0.03099772520363331,
    "median": 0.06486444920301437,
    "q1": 0.04953782632946968,
    "q3": 0.08417833596467972,
    "k": 64
}