{
    "layer": 1,
    "name": "ln2_sae_mse",
    "shape": "torch.Size([38400])",
    "min": 0.0004553436301648617,
    "max": 0.5791941285133362,
    "mean": 0.05026484280824661,
    "std": 0.054287515580654144,
    "median": 0.03654707595705986,
    "q1": 0.025437742471694946,
    "q3": 0.05261114612221718,
    "k": 4
}