{
    "layer": 11,
    "name": "ln2_sae_mse",
    "shape": "torch.Size([38400])",
    "min": 4.470783551369095e-06,
    "max": 1.263044834136963,
    "mean": 0.03455401584506035,
    "std": 0.04321175068616867,
    "median": 0.026211736723780632,
    "q1": 0.0197101142257452,
    "q3": 0.035575952380895615,
    "k": 99999999
}