{
    "layer": 5,
    "name": "ln2_sae_mse",
    "shape": "torch.Size([38400])",
    "min": 0.0003631083818618208,
    "max": 1.0131016969680786,
    "mean": 0.30103009939193726,
    "std": 0.12056037783622742,
    "median": 0.28676509857177734,
    "q1": 0.2215913087129593,
    "q3": 0.36514702439308167,
    "k": 1
}