{
    "layer": 1,
    "name": "ln2_sae_mse",
    "shape": "torch.Size([38400])",
    "min": 8.927738235797733e-06,
    "max": 0.3336617946624756,
    "mean": 0.01885369047522545,
    "std": 0.026936041191220284,
    "median": 0.011187857948243618,
    "q1": 0.008425532840192318,
    "q3": 0.016685210168361664,
    "k": 16
}