{
    "layer": 8,
    "name": "ln2_sae_mse",
    "shape": "torch.Size([38400])",
    "min": 3.919628852599999e-06,
    "max": 0.3384151756763458,
    "mean": 0.0801548957824707,
    "std": 0.034594353288412094,
    "median": 0.07604741305112839,
    "q1": 0.05793654918670654,
    "q3": 0.0976085215806961,
    "k": 128
}