{
    "layer": 7,
    "name": "ln2_sae_mse",
    "shape": "torch.Size([38400])",
    "min": 0.0012728172587230802,
    "max": 1.3990763425827026,
    "mean": 0.37297478318214417,
    "std": 0.14219267666339874,
    "median": 0.35919058322906494,
    "q1": 0.2832663953304291,
    "q3": 0.44496461749076843,
    "k": 1
}