{
    "layer": 11,
    "name": "ln2_sae_mse",
    "shape": "torch.Size([38400])",
    "min": 4.470783551369095e-06,
    "max": 1.3022748231887817,
    "mean": 0.038365717977285385,
    "std": 0.04592296853661537,
    "median": 0.030194595456123352,
    "q1": 0.022094720974564552,
    "q3": 0.04059901088476181,
    "k": 32
}