{
    "layer": 5,
    "name": "ln2_sae_mse",
    "shape": "torch.Size([38400])",
    "min": 2.1825389922014438e-05,
    "max": 0.7736995816230774,
    "mean": 0.1685958057641983,
    "std": 0.08155965805053711,
    "median": 0.15502704679965973,
    "q1": 0.1165991723537445,
    "q3": 0.20388928055763245,
    "k": 4
}