{
    "layer": 11,
    "name": "ln2_sae_mse",
    "shape": "torch.Size([38400])",
    "min": 4.470783551369095e-06,
    "max": 1.548012375831604,
    "mean": 0.05047373101115227,
    "std": 0.06227373704314232,
    "median": 0.040126439183950424,
    "q1": 0.02908278815448284,
    "q3": 0.05351662263274193,
    "k": 16
}