{
    "layer": 8,
    "name": "ln2_sae_mse",
    "shape": "torch.Size([38400])",
    "min": 3.919628852599999e-06,
    "max": 0.7115249633789062,
    "mean": 0.12510961294174194,
    "std": 0.06109518185257912,
    "median": 0.11772514134645462,
    "q1": 0.0857820063829422,
    "q3": 0.15531688928604126,
    "k": 16
}