{
    "layer": 0,
    "name": "ln2_sae_mse",
    "shape": "torch.Size([38400])",
    "min": 0.0035917183849960566,
    "max": 0.7297866344451904,
    "mean": 0.060926731675863266,
    "std": 0.07028699666261673,
    "median": 0.03926417604088783,
    "q1": 0.01842397265136242,
    "q3": 0.07869270443916321,
    "k": 4
}