{
    "layer": 8,
    "name": "ln2_sae_mse",
    "shape": "torch.Size([38400])",
    "min": 3.919628852599999e-06,
    "max": 0.338401198387146,
    "mean": 0.08015571534633636,
    "std": 0.034593697637319565,
    "median": 0.07604741305112839,
    "q1": 0.05793654918670654,
    "q3": 0.09761086106300354,
    "k": 99999999
}