{
    "layer": 10,
    "name": "ln2_sae_mse",
    "shape": "torch.Size([38400])",
    "min": 0.0006412439979612827,
    "max": 1.7336010932922363,
    "mean": 0.2721249461174011,
    "std": 0.12956443428993225,
    "median": 0.25365155935287476,
    "q1": 0.19088351726531982,
    "q3": 0.3297981023788452,
    "k": 2
}