{
    "layer": 6,
    "name": "ln2_sae_mse",
    "shape": "torch.Size([38400])",
    "min": 0.0006635189638473094,
    "max": 1.2119406461715698,
    "mean": 0.3399289846420288,
    "std": 0.1319221705198288,
    "median": 0.3264034390449524,
    "q1": 0.25333231687545776,
    "q3": 0.409739226102829,
    "k": 1
}