{
    "layer": 6,
    "name": "ln2_sae_mse",
    "shape": "torch.Size([38400])",
    "min": 6.419937562895939e-06,
    "max": 0.3850966989994049,
    "mean": 0.07569032907485962,
    "std": 0.03681382164359093,
    "median": 0.06937486678361893,
    "q1": 0.05210823938250542,
    "q3": 0.09170708805322647,
    "k": 32
}