{
    "layer": 9,
    "name": "ln2_sae_mse",
    "shape": "torch.Size([38400])",
    "min": 5.4565327445743605e-05,
    "max": 1.4378166198730469,
    "mean": 0.24880070984363556,
    "std": 0.11380130797624588,
    "median": 0.23526926338672638,
    "q1": 0.177621990442276,
    "q3": 0.3026665151119232,
    "k": 4
}