{
    "layer": 4,
    "name": "ln2_sae_mse",
    "shape": "torch.Size([38400])",
    "min": 3.1276360914489487e-06,
    "max": 0.4044020175933838,
    "mean": 0.06374729424715042,
    "std": 0.03836633265018463,
    "median": 0.05505731701850891,
    "q1": 0.039070092141628265,
    "q3": 0.07778481394052505,
    "k": 16
}