{
    "layer": 1,
    "name": "ln2_sae_mse",
    "shape": "torch.Size([38400])",
    "min": 8.927738235797733e-06,
    "max": 0.24466490745544434,
    "mean": 0.016221895813941956,
    "std": 0.018942274153232574,
    "median": 0.010488980449736118,
    "q1": 0.00803130492568016,
    "q3": 0.015168190002441406,
    "k": 64
}