{
    "layer": 9,
    "name": "ln2_sae_mse",
    "shape": "torch.Size([38400])",
    "min": 0.0003351370105519891,
    "max": 1.601208209991455,
    "mean": 0.3209895193576813,
    "std": 0.13928276300430298,
    "median": 0.303365021944046,
    "q1": 0.23380334675312042,
    "q3": 0.3851293921470642,
    "k": 2
}