{
    "layer": 4,
    "name": "ln2_sae_mse",
    "shape": "torch.Size([38400])",
    "min": 0.000231891855946742,
    "max": 0.8425628542900085,
    "mean": 0.18664948642253876,
    "std": 0.08672267198562622,
    "median": 0.1722530722618103,
    "q1": 0.13026955723762512,
    "q3": 0.22550013661384583,
    "k": 2
}