{
    "layer": 7,
    "name": "ln2_sae_mse",
    "shape": "torch.Size([38400])",
    "min": 1.4336434105644003e-05,
    "max": 0.32463839650154114,
    "mean": 0.07776942849159241,
    "std": 0.03253709524869919,
    "median": 0.073924720287323,
    "q1": 0.05712180584669113,
    "q3": 0.09400224685668945,
    "k": 99999999
}