{
    "layer": 4,
    "name": "ln2_sae_mse",
    "shape": "torch.Size([38400])",
    "min": 3.1276360914489487e-06,
    "max": 0.28948840498924255,
    "mean": 0.051265619695186615,
    "std": 0.028744414448738098,
    "median": 0.044837892055511475,
    "q1": 0.03248659521341324,
    "q3": 0.062204595655202866,
    "k": 32
}