{
    "layer": 1,
    "name": "ln2_sae_mse",
    "shape": "torch.Size([38400])",
    "min": 8.927738235797733e-06,
    "max": 0.4793078601360321,
    "mean": 0.02758111245930195,
    "std": 0.0398477241396904,
    "median": 0.01666378416121006,
    "q1": 0.011734124273061752,
    "q3": 0.025979824364185333,
    "k": 8
}