{
    "layer": 6,
    "name": "ln2_sae_mse",
    "shape": "torch.Size([38400])",
    "min": 5.110514393891208e-05,
    "max": 0.8633632063865662,
    "mean": 0.19550298154354095,
    "std": 0.08999671787023544,
    "median": 0.1823112517595291,
    "q1": 0.13757123053073883,
    "q3": 0.23747161030769348,
    "k": 4
}