{
    "layer": 0,
    "name": "ln2_sae_mse",
    "shape": "torch.Size([38400])",
    "min": 2.387904532952234e-05,
    "max": 0.15856559574604034,
    "mean": 0.004396011587232351,
    "std": 0.009522773325443268,
    "median": 0.001576961949467659,
    "q1": 0.0010338184656575322,
    "q3": 0.002713634166866541,
    "k": 99999999
}