{
    "layer": 7,
    "name": "ln2_sae_mse",
    "shape": "torch.Size([38400])",
    "min": 1.433485795132583e-05,
    "max": 0.7353264689445496,
    "mean": 0.16110099852085114,
    "std": 0.07531305402517319,
    "median": 0.15153689682483673,
    "q1": 0.1130986288189888,
    "q3": 0.19740188121795654,
    "k": 8
}