{
    "layer": 8,
    "name": "ln2_sae_mse",
    "shape": "torch.Size([38400])",
    "min": 3.919628852599999e-06,
    "max": 0.4655105769634247,
    "mean": 0.09334594011306763,
    "std": 0.044035639613866806,
    "median": 0.08768919110298157,
    "q1": 0.06468560546636581,
    "q3": 0.11501681804656982,
    "k": 32
}