{
    "layer": 7,
    "name": "ln2_sae_mse",
    "shape": "torch.Size([38400])",
    "min": 1.4336434105644003e-05,
    "max": 0.3257189095020294,
    "mean": 0.07802201807498932,
    "std": 0.03294310346245766,
    "median": 0.07400248199701309,
    "q1": 0.05716705694794655,
    "q3": 0.09428109228610992,
    "k": 64
}