{
    "layer": 2,
    "name": "ln2_sae_mse",
    "shape": "torch.Size([38400])",
    "min": 1.6947176845860668e-05,
    "max": 0.5709894299507141,
    "mean": 0.06392376869916916,
    "std": 0.049209754914045334,
    "median": 0.05300259217619896,
    "q1": 0.0327845998108387,
    "q3": 0.0797610729932785,
    "k": 8
}