{
    "layer": 0,
    "name": "ln2_sae_mse",
    "shape": "torch.Size([38400])",
    "min": 2.387904532952234e-05,
    "max": 0.28667786717414856,
    "mean": 0.0058732423931360245,
    "std": 0.016286559402942657,
    "median": 0.0016741369618102908,
    "q1": 0.0010561274830251932,
    "q3": 0.003120822599157691,
    "k": 32
}