{
    "layer": 3,
    "name": "ln2_sae_mse",
    "shape": "torch.Size([38400])",
    "min": 0.00025874905986711383,
    "max": 0.8601816296577454,
    "mean": 0.1982719451189041,
    "std": 0.0956897884607315,
    "median": 0.1783074140548706,
    "q1": 0.1346421092748642,
    "q3": 0.24126756191253662,
    "k": 1
}