{
    "layer": 10,
    "name": "ln2_sae_mse",
    "shape": "torch.Size([38400])",
    "min": 9.530902502774552e-07,
    "max": 0.8622815608978271,
    "mean": 0.1170206069946289,
    "std": 0.06123822182416916,
    "median": 0.10963749140501022,
    "q1": 0.07858601212501526,
    "q3": 0.1447877287864685,
    "k": 16
}