{
    "layer": 3,
    "name": "ln2_sae_mse",
    "shape": "torch.Size([38400])",
    "min": 1.5024811546027195e-05,
    "max": 0.26159176230430603,
    "mean": 0.04140817001461983,
    "std": 0.024854624643921852,
    "median": 0.035421598702669144,
    "q1": 0.025090975686907768,
    "q3": 0.05057676136493683,
    "k": 64
}