{
    "layer": 9,
    "name": "ln2_sae_mse",
    "shape": "torch.Size([38400])",
    "min": 4.206541689200094e-06,
    "max": 0.47377291321754456,
    "mean": 0.08171190321445465,
    "std": 0.0370405912399292,
    "median": 0.07700973749160767,
    "q1": 0.058275267481803894,
    "q3": 0.09921716898679733,
    "k": 99999999
}