{
    "layer": 5,
    "name": "ln2_sae_mse",
    "shape": "torch.Size([38400])",
    "min": 1.4788938642595895e-06,
    "max": 0.34187135100364685,
    "mean": 0.06570766121149063,
    "std": 0.03435596078634262,
    "median": 0.05870197340846062,
    "q1": 0.04378698021173477,
    "q3": 0.07933418452739716,
    "k": 32
}