{
    "layer": 2,
    "name": "ln2_sae_mse",
    "shape": "torch.Size([38400])",
    "min": 0.005080120172351599,
    "max": 0.8285877704620361,
    "mean": 0.1412593126296997,
    "std": 0.07400213927030563,
    "median": 0.12645696103572845,
    "q1": 0.09815210849046707,
    "q3": 0.16268733143806458,
    "k": 2
}