{
    "layer": 1,
    "name": "ln2_sae_mse",
    "shape": "torch.Size([38400])",
    "min": 8.927738235797733e-06,
    "max": 0.2461552768945694,
    "mean": 0.016465095803141594,
    "std": 0.019865507259964943,
    "median": 0.010544516146183014,
    "q1": 0.008065692149102688,
    "q3": 0.015236337669193745,
    "k": 32
}