{
    "layer": 0,
    "name": "ln2_sae_mse",
    "shape": "torch.Size([38400])",
    "min": 0.009334833361208439,
    "max": 0.8412742018699646,
    "mean": 0.14830456674098969,
    "std": 0.11462810635566711,
    "median": 0.10939504951238632,
    "q1": 0.0515979528427124,
    "q3": 0.2297404408454895,
    "k": 2
}