{
    "layer": 7,
    "name": "ln2_sae_mse",
    "shape": "torch.Size([38400])",
    "min": 1.4336434105644003e-05,
    "max": 0.435474157333374,
    "mean": 0.08705435693264008,
    "std": 0.039882294833660126,
    "median": 0.08167252689599991,
    "q1": 0.06153831630945206,
    "q3": 0.10591442883014679,
    "k": 32
}