{
    "layer": 10,
    "name": "ln2_sae_mse",
    "shape": "torch.Size([38400])",
    "min": 9.530902502774552e-07,
    "max": 0.6370286345481873,
    "mean": 0.08514755219221115,
    "std": 0.041473835706710815,
    "median": 0.07954356074333191,
    "q1": 0.05981314927339554,
    "q3": 0.10244127362966537,
    "k": 64
}