{
    "layer": 3,
    "name": "ln2_sae_mse",
    "shape": "torch.Size([38400])",
    "min": 0.0001070278012775816,
    "max": 0.7914974093437195,
    "mean": 0.1474340558052063,
    "std": 0.07810256630182266,
    "median": 0.13060171902179718,
    "q1": 0.09677805751562119,
    "q3": 0.17746037244796753,
    "k": 2
}