{
    "layer": 0,
    "name": "ln2_sae_mse",
    "shape": "torch.Size([38400])",
    "min": 2.387904532952234e-05,
    "max": 0.18769370019435883,
    "mean": 0.004517273046076298,
    "std": 0.010105684399604797,
    "median": 0.0015843849396333098,
    "q1": 0.0010353131219744682,
    "q3": 0.0027503983583301306,
    "k": 64
}