{
    "layer": 5,
    "name": "ln2_sae_mse",
    "shape": "torch.Size([38400])",
    "min": 1.4788938642595895e-06,
    "max": 0.4473446309566498,
    "mean": 0.08458741754293442,
    "std": 0.046512018889188766,
    "median": 0.07521407306194305,
    "q1": 0.05498652160167694,
    "q3": 0.10247589647769928,
    "k": 16
}