{
    "layer": 0,
    "name": "res_sae_err_norms",
    "shape": "torch.Size([128000])",
    "min": 0.06286901980638504,
    "max": 5.563675403594971,
    "mean": 0.7803198099136353,
    "std": 0.8166607022285461,
    "median": 0.5151103138923645,
    "q1": 0.21120762825012207,
    "q3": 0.967915952205658,
    "k": 4
}