{
    "layer": 1,
    "name": "res_sae_err_norms",
    "shape": "torch.Size([128000])",
    "min": 0.7253066897392273,
    "max": 34.071250915527344,
    "mean": 6.329809665679932,
    "std": 3.406620502471924,
    "median": 5.261514186859131,
    "q1": 4.445071220397949,
    "q3": 6.765130996704102,
    "k": 99999999
}