{
    "layer": 8,
    "name": "res_sae_err_norms",
    "shape": "torch.Size([128000])",
    "min": 0.35191529989242554,
    "max": 63.975433349609375,
    "mean": 28.108745574951172,
    "std": 6.543101787567139,
    "median": 27.863117218017578,
    "q1": 24.24125862121582,
    "q3": 31.959848403930664,
    "k": 99999999
}