{
    "layer": 11,
    "name": "res_sae_err_norms",
    "shape": "torch.Size([128000])",
    "min": 0.9325716495513916,
    "max": 2153.912109375,
    "mean": 120.46256256103516,
    "std": 181.3541717529297,
    "median": 105.5890884399414,
    "q1": 94.8021469116211,
    "q3": 115.7771987915039,
    "k": 2
}