{
    "layer": 5,
    "name": "res_sae_err_norms",
    "shape": "torch.Size([128000])",
    "min": 0.22957579791545868,
    "max": 51.004905700683594,
    "mean": 17.00104522705078,
    "std": 5.3372931480407715,
    "median": 16.231769561767578,
    "q1": 13.45906925201416,
    "q3": 19.70907211303711,
    "k": 32
}