{
    "layer": 2,
    "name": "res_sae_err_norms",
    "shape": "torch.Size([128000])",
    "min": 2.434890031814575,
    "max": 38.29434585571289,
    "mean": 7.869555473327637,
    "std": 3.7904982566833496,
    "median": 6.679635047912598,
    "q1": 5.402360439300537,
    "q3": 9.013238906860352,
    "k": 32
}