{
    "layer": 4,
    "name": "res_sae_err_norms",
    "shape": "torch.Size([128000])",
    "min": 0.27778369188308716,
    "max": 2318.08349609375,
    "mean": 48.639225006103516,
    "std": 201.5325469970703,
    "median": 29.60609245300293,
    "q1": 25.593246459960938,
    "q3": 35.05304718017578,
    "k": 1
}