{
    "layer": 7,
    "name": "res_sae_err_norms",
    "shape": "torch.Size([128000])",
    "min": 0.3541255295276642,
    "max": 2467.353759765625,
    "mean": 68.47732543945312,
    "std": 213.10166931152344,
    "median": 48.55082702636719,
    "q1": 43.18217086791992,
    "q3": 55.581932067871094,
    "k": 1
}