{
    "layer": 3,
    "name": "res_sae_err_norms",
    "shape": "torch.Size([128000])",
    "min": 0.5206968784332275,
    "max": 1767.8980712890625,
    "mean": 34.59214782714844,
    "std": 153.9554443359375,
    "median": 19.6868839263916,
    "q1": 16.43134307861328,
    "q3": 24.09258460998535,
    "k": 2
}