{
    "layer": 4,
    "name": "res_sae_err_norms",
    "shape": "torch.Size([128000])",
    "min": 0.27778369188308716,
    "max": 61.88022232055664,
    "mean": 18.491798400878906,
    "std": 7.46630334854126,
    "median": 17.116003036499023,
    "q1": 13.8414945602417,
    "q3": 21.183218002319336,
    "k": 8
}