{
    "layer": 10,
    "name": "res_sae_err_norms",
    "shape": "torch.Size([128000])",
    "min": 4.529117584228516,
    "max": 97.14142608642578,
    "mean": 46.72119140625,
    "std": 9.567991256713867,
    "median": 46.64179992675781,
    "q1": 41.6570930480957,
    "q3": 51.67892837524414,
    "k": 64
}