{
    "layer": 10,
    "name": "res_sae_err_norms",
    "shape": "torch.Size([128000])",
    "min": 4.529117584228516,
    "max": 116.67935180664062,
    "mean": 54.168617248535156,
    "std": 11.753191947937012,
    "median": 54.49298858642578,
    "q1": 47.71626281738281,
    "q3": 60.99790573120117,
    "k": 16
}