{
    "layer": 8,
    "name": "res_sae_err_norms",
    "shape": "torch.Size([128000])",
    "min": 0.35191529989242554,
    "max": 2109.6689453125,
    "mean": 69.2933120727539,
    "std": 181.38404846191406,
    "median": 52.36754608154297,
    "q1": 46.3909912109375,
    "q3": 59.66485595703125,
    "k": 2
}