{
    "layer": 11,
    "name": "res_sae_err_norms",
    "shape": "torch.Size([128000])",
    "min": 0.9325716495513916,
    "max": 134.2556915283203,
    "mean": 60.86170196533203,
    "std": 13.137322425842285,
    "median": 61.964012145996094,
    "q1": 54.53788757324219,
    "q3": 68.89608764648438,
    "k": 32
}