{
    "layer": 2,
    "name": "res_sae_err_norms",
    "shape": "torch.Size([128000])",
    "min": 2.874262809753418,
    "max": 54.66717529296875,
    "mean": 9.655046463012695,
    "std": 5.588346004486084,
    "median": 8.114599227905273,
    "q1": 6.0372209548950195,
    "q3": 11.168312072753906,
    "k": 8
}