{
    "layer": 5,
    "name": "res_sae_err_norms",
    "shape": "torch.Size([128000])",
    "min": 0.22957579791545868,
    "max": 2262.1875,
    "mean": 53.667564392089844,
    "std": 196.15199279785156,
    "median": 35.25775146484375,
    "q1": 30.90042495727539,
    "q3": 40.96614456176758,
    "k": 1
}