{
    "layer": 4,
    "name": "res_sae_err_norms",
    "shape": "torch.Size([128000])",
    "min": 0.27778369188308716,
    "max": 1193.193359375,
    "mean": 31.245365142822266,
    "std": 103.34768676757812,
    "median": 20.974899291992188,
    "q1": 17.415851593017578,
    "q3": 25.540416717529297,
    "k": 4
}