{
    "layer": 10,
    "name": "res_sae_err_norms",
    "shape": "torch.Size([128000])",
    "min": 4.529117584228516,
    "max": 1160.3446044921875,
    "mean": 79.76334381103516,
    "std": 96.83800506591797,
    "median": 72.00629425048828,
    "q1": 63.728397369384766,
    "q3": 80.09180450439453,
    "k": 4
}