{
    "layer": 5,
    "name": "res_sae_err_norms",
    "shape": "torch.Size([128000])",
    "min": 0.22957579791545868,
    "max": 68.06040954589844,
    "mean": 22.645488739013672,
    "std": 7.254845142364502,
    "median": 21.638994216918945,
    "q1": 18.120515823364258,
    "q3": 26.01011848449707,
    "k": 8
}