{
    "layer": 4,
    "name": "res_sae_err_norms",
    "shape": "torch.Size([128000])",
    "min": 0.27778369188308716,
    "max": 44.083160400390625,
    "mean": 13.85891342163086,
    "std": 4.541693687438965,
    "median": 13.072732925415039,
    "q1": 10.610709190368652,
    "q3": 16.31601333618164,
    "k": 99999999
}