{
    "layer": 10,
    "name": "res_sae_err_norms",
    "shape": "torch.Size([128000])",
    "min": 4.529117584228516,
    "max": 2043.2447509765625,
    "mean": 95.75981140136719,
    "std": 173.36618041992188,
    "median": 81.10908508300781,
    "q1": 72.64286804199219,
    "q3": 89.37647247314453,
    "k": 2
}