{
    "layer": 1,
    "name": "res_sae_err_norms",
    "shape": "torch.Size([128000])",
    "min": 0.7253066897392273,
    "max": 34.234222412109375,
    "mean": 6.330010414123535,
    "std": 3.407681465148926,
    "median": 5.261514186859131,
    "q1": 4.445071220397949,
    "q3": 6.765130996704102,
    "k": 64
}