{
    "layer": 1,
    "name": "res_sae_err_norms",
    "shape": "torch.Size([128000])",
    "min": 0.8295038342475891,
    "max": 57.768577575683594,
    "mean": 9.460029602050781,
    "std": 6.096835136413574,
    "median": 7.413811206817627,
    "q1": 5.581201553344727,
    "q3": 11.339460372924805,
    "k": 4
}