{
    "layer": 1,
    "name": "res_sae_err_norms",
    "shape": "torch.Size([128000])",
    "min": 4.033437728881836,
    "max": 107.22817993164062,
    "mean": 16.21532440185547,
    "std": 11.077614784240723,
    "median": 13.710952758789062,
    "q1": 10.195328712463379,
    "q3": 18.844547271728516,
    "k": 1
}