{
    "layer": 1,
    "name": "res_sae_err_norms",
    "shape": "torch.Size([128000])",
    "min": 0.7253066897392273,
    "max": 37.748390197753906,
    "mean": 6.353196620941162,
    "std": 3.512904644012451,
    "median": 5.261514186859131,
    "q1": 4.445071220397949,
    "q3": 6.765130996704102,
    "k": 32
}