{
    "layer": 9,
    "name": "res_sae_err_norms",
    "shape": "torch.Size([128000])",
    "min": 0.30782434344291687,
    "max": 188.45025634765625,
    "mean": 51.11084747314453,
    "std": 16.369556427001953,
    "median": 50.04283905029297,
    "q1": 43.67544174194336,
    "q3": 56.781898498535156,
    "k": 8
}