{
    "layer": 11,
    "name": "res_sae_err_norms",
    "shape": "torch.Size([128000])",
    "min": 0.9325716495513916,
    "max": 178.56317138671875,
    "mean": 79.97442626953125,
    "std": 17.405471801757812,
    "median": 81.63532257080078,
    "q1": 71.75928497314453,
    "q3": 90.70389556884766,
    "k": 8
}