{
    "layer": 2,
    "name": "res_sae_err_norms",
    "shape": "torch.Size([128000])",
    "min": 2.9041786193847656,
    "max": 233.301513671875,
    "mean": 13.90835952758789,
    "std": 20.510360717773438,
    "median": 10.558721542358398,
    "q1": 7.708437919616699,
    "q3": 14.844843864440918,
    "k": 4
}