{
    "layer": 6,
    "name": "res_sae_err_norms",
    "shape": "torch.Size([128000])",
    "min": 0.33565589785575867,
    "max": 66.09990692138672,
    "mean": 23.19467544555664,
    "std": 7.231480121612549,
    "median": 22.31525421142578,
    "q1": 18.5098819732666,
    "q3": 26.897247314453125,
    "k": 16
}