{
    "layer": 5,
    "name": "res_sae_err_norms",
    "shape": "torch.Size([128000])",
    "min": 0.22957579791545868,
    "max": 47.8237190246582,
    "mean": 16.56009292602539,
    "std": 4.887218475341797,
    "median": 15.94324016571045,
    "q1": 13.228836059570312,
    "q3": 19.29543685913086,
    "k": 64
}