{
    "layer": 11,
    "name": "res_sae_err_norms",
    "shape": "torch.Size([128000])",
    "min": 0.9325716495513916,
    "max": 118.32058715820312,
    "mean": 57.78435134887695,
    "std": 11.930578231811523,
    "median": 58.63376998901367,
    "q1": 52.133670806884766,
    "q3": 64.92400360107422,
    "k": 64
}