{
    "layer": 6,
    "name": "res_sae_err_norms",
    "shape": "torch.Size([128000])",
    "min": 0.33565589785575867,
    "max": 60.13357925415039,
    "mean": 20.54193687438965,
    "std": 6.038865089416504,
    "median": 19.83039093017578,
    "q1": 16.52362060546875,
    "q3": 23.763187408447266,
    "k": 32
}