{
    "layer": 2,
    "name": "res_sae_err_norms",
    "shape": "torch.Size([128000])",
    "min": 2.434890031814575,
    "max": 35.14421463012695,
    "mean": 7.839827537536621,
    "std": 3.67195725440979,
    "median": 6.679357528686523,
    "q1": 5.402360439300537,
    "q3": 9.013238906860352,
    "k": 99999999
}