{
    "layer": 5,
    "name": "res_sae_err_norms",
    "shape": "torch.Size([128000])",
    "min": 0.22957579791545868,
    "max": 878.2848510742188,
    "mean": 33.739784240722656,
    "std": 75.32923126220703,
    "median": 25.993173599243164,
    "q1": 22.26528549194336,
    "q3": 30.827430725097656,
    "k": 4
}