{
    "layer": 5,
    "name": "res_sae_err_norms",
    "shape": "torch.Size([128000])",
    "min": 0.22957579791545868,
    "max": 47.80033493041992,
    "mean": 16.549488067626953,
    "std": 4.8607659339904785,
    "median": 15.94264030456543,
    "q1": 13.228836059570312,
    "q3": 19.294050216674805,
    "k": 99999999
}