{
    "layer": 0,
    "name": "res_sae_err_norms",
    "shape": "torch.Size([128000])",
    "min": 0.02735159732401371,
    "max": 4.434944152832031,
    "mean": 0.27627453207969666,
    "std": 0.49061712622642517,
    "median": 0.12680351734161377,
    "q1": 0.11383260786533356,
    "q3": 0.15807639062404633,
    "k": 32
}