{
    "layer": 8,
    "name": "res_sae_err_norms",
    "shape": "torch.Size([128000])",
    "min": 0.35191529989242554,
    "max": 85.93317413330078,
    "mean": 40.23019027709961,
    "std": 10.276103973388672,
    "median": 39.642696380615234,
    "q1": 34.28884506225586,
    "q3": 45.829524993896484,
    "k": 8
}