{
    "layer": 7,
    "name": "res_sae_err_norms",
    "shape": "torch.Size([128000])",
    "min": 0.3436371088027954,
    "max": 63.014888763427734,
    "mean": 24.779733657836914,
    "std": 6.420698642730713,
    "median": 24.133800506591797,
    "q1": 20.660457611083984,
    "q3": 28.27063751220703,
    "k": 32
}