{
    "layer": 3,
    "name": "res_sae_err_norms",
    "shape": "torch.Size([128000])",
    "min": 0.5206968784332275,
    "max": 1189.624755859375,
    "mean": 26.298593521118164,
    "std": 103.42437744140625,
    "median": 15.939360618591309,
    "q1": 12.86221694946289,
    "q3": 19.931076049804688,
    "k": 4
}