{
    "layer": 4,
    "name": "res_sae_err_norms",
    "shape": "torch.Size([128000])",
    "min": 0.27778369188308716,
    "max": 44.097633361816406,
    "mean": 13.86038589477539,
    "std": 4.546278953552246,
    "median": 13.072732925415039,
    "q1": 10.610709190368652,
    "q3": 16.31601333618164,
    "k": 64
}