{
    "layer": 8,
    "name": "res_sae_err_norms",
    "shape": "torch.Size([128000])",
    "min": 0.35191529989242554,
    "max": 64.61482238769531,
    "mean": 28.263269424438477,
    "std": 6.690866947174072,
    "median": 27.96135902404785,
    "q1": 24.299480438232422,
    "q3": 32.139060974121094,
    "k": 64
}