{
    "layer": 8,
    "name": "res_sae_err_norms",
    "shape": "torch.Size([128000])",
    "min": 0.35191529989242554,
    "max": 1231.4522705078125,
    "mean": 56.10530471801758,
    "std": 104.82499694824219,
    "median": 46.01810836791992,
    "q1": 40.34037399291992,
    "q3": 52.89546585083008,
    "k": 4
}