{
    "layer": 4,
    "name": "res_sae_err_norms",
    "shape": "torch.Size([128000])",
    "min": 0.27778369188308716,
    "max": 53.45035934448242,
    "mean": 15.206559181213379,
    "std": 5.60485315322876,
    "median": 14.169974327087402,
    "q1": 11.459274291992188,
    "q3": 17.720924377441406,
    "k": 16
}