{
    "layer": 6,
    "name": "res_sae_err_norms",
    "shape": "torch.Size([128000])",
    "min": 0.33565589785575867,
    "max": 2575.729248046875,
    "mean": 62.09713363647461,
    "std": 223.2489013671875,
    "median": 41.23221969604492,
    "q1": 36.08562088012695,
    "q3": 47.91837692260742,
    "k": 1
}