{
    "layer": 2,
    "name": "res_sae_err_norms",
    "shape": "torch.Size([128000])",
    "min": 2.434890031814575,
    "max": 47.03558349609375,
    "mean": 8.161084175109863,
    "std": 4.451429843902588,
    "median": 6.796777248382568,
    "q1": 5.4435858726501465,
    "q3": 9.20869255065918,
    "k": 16
}