{
    "layer": 8,
    "name": "res_sae_err_norms",
    "shape": "torch.Size([128000])",
    "min": 0.35191529989242554,
    "max": 69.32117462158203,
    "mean": 30.1607608795166,
    "std": 7.656885623931885,
    "median": 29.771657943725586,
    "q1": 25.597721099853516,
    "q3": 34.46508026123047,
    "k": 32
}