{
    "layer": 7,
    "name": "res_sae_err_norms",
    "shape": "torch.Size([128000])",
    "min": 0.3436371088027954,
    "max": 1179.6318359375,
    "mean": 47.462039947509766,
    "std": 100.8901596069336,
    "median": 37.492733001708984,
    "q1": 32.80177307128906,
    "q3": 43.49214172363281,
    "k": 4
}