{
    "layer": 2,
    "name": "res_sae_err_norms",
    "shape": "torch.Size([128000])",
    "min": 3.437549591064453,
    "max": 425.2016906738281,
    "mean": 18.60103988647461,
    "std": 36.77239990234375,
    "median": 13.756244659423828,
    "q1": 10.378225326538086,
    "q3": 18.761566162109375,
    "k": 2
}