{
    "layer": 6,
    "name": "res_sae_err_norms",
    "shape": "torch.Size([128000])",
    "min": 0.33565589785575867,
    "max": 1494.3028564453125,
    "mean": 43.63555145263672,
    "std": 129.02236938476562,
    "median": 31.096309661865234,
    "q1": 26.592811584472656,
    "q3": 36.839744567871094,
    "k": 4
}