{
    "layer": 3,
    "name": "res_sae_err_norms",
    "shape": "torch.Size([128000])",
    "min": 0.5206968784332275,
    "max": 51.99403762817383,
    "mean": 11.471717834472656,
    "std": 4.8326311111450195,
    "median": 10.428719520568848,
    "q1": 8.250397682189941,
    "q3": 13.260838508605957,
    "k": 16
}