{
    "layer": 5,
    "name": "res_sae_err_norms",
    "shape": "torch.Size([128000])",
    "min": 0.22957579791545868,
    "max": 59.95854187011719,
    "mean": 19.075313568115234,
    "std": 6.330801486968994,
    "median": 18.162439346313477,
    "q1": 15.038371086120605,
    "q3": 22.049880981445312,
    "k": 16
}