{
    "layer": 0,
    "name": "res_sae_err_norms",
    "shape": "torch.Size([128000])",
    "min": 0.02735159732401371,
    "max": 3.470628499984741,
    "mean": 0.2647068500518799,
    "std": 0.43989673256874084,
    "median": 0.12680351734161377,
    "q1": 0.11383260786533356,
    "q3": 0.15807639062404633,
    "k": 128
}