{
    "layer": 11,
    "name": "res_sae_err_norms",
    "shape": "torch.Size([128000])",
    "min": 0.9325716495513916,
    "max": 116.09370422363281,
    "mean": 57.60041427612305,
    "std": 11.824042320251465,
    "median": 58.44245147705078,
    "q1": 52.03520965576172,
    "q3": 64.66098022460938,
    "k": 128
}