{
    "layer": 9,
    "name": "res_sae_err_norms",
    "shape": "torch.Size([128000])",
    "min": 0.30782434344291687,
    "max": 90.22911071777344,
    "mean": 42.75299072265625,
    "std": 10.306872367858887,
    "median": 42.955135345458984,
    "q1": 37.038631439208984,
    "q3": 48.88792419433594,
    "k": 16
}