{
    "layer": 6,
    "name": "res_sae_err_norms",
    "shape": "torch.Size([128000])",
    "min": 0.33565589785575867,
    "max": 383.32342529296875,
    "mean": 30.20931053161621,
    "std": 32.36887741088867,
    "median": 26.41929817199707,
    "q1": 22.158863067626953,
    "q3": 31.691875457763672,
    "k": 8
}