{
    "layer": 9,
    "name": "res_sae_err_norms",
    "shape": "torch.Size([128000])",
    "min": 0.30782434344291687,
    "max": 2236.5908203125,
    "mean": 82.01384735107422,
    "std": 191.55357360839844,
    "median": 64.88937377929688,
    "q1": 57.98613357543945,
    "q3": 72.52863311767578,
    "k": 2
}