{
    "layer": 0,
    "name": "res_sae_err_norms",
    "shape": "torch.Size([128000])",
    "min": 0.11321321129798889,
    "max": 6.2212958335876465,
    "mean": 1.3729478120803833,
    "std": 1.022695779800415,
    "median": 1.119623064994812,
    "q1": 0.6198410987854004,
    "q3": 1.8131225109100342,
    "k": 2
}