{
    "layer": 7,
    "name": "res_sae_err_norms",
    "shape": "torch.Size([128000])",
    "min": 0.3436371088027954,
    "max": 78.51227569580078,
    "mean": 32.975494384765625,
    "std": 8.774530410766602,
    "median": 32.05562973022461,
    "q1": 27.626724243164062,
    "q3": 37.45164489746094,
    "k": 8
}