{
    "layer": 11,
    "name": "res_sae_err_norms",
    "shape": "torch.Size([128000])",
    "min": 0.9325716495513916,
    "max": 2606.357421875,
    "mean": 133.9276885986328,
    "std": 220.1635284423828,
    "median": 115.01799011230469,
    "q1": 104.61904907226562,
    "q3": 125.32469177246094,
    "k": 1
}