{
    "layer": 4,
    "name": "res_sae_err_norms",
    "shape": "torch.Size([128000])",
    "min": 0.27778369188308716,
    "max": 1924.44921875,
    "mean": 41.215328216552734,
    "std": 167.27554321289062,
    "median": 25.26425552368164,
    "q1": 21.54412078857422,
    "q3": 30.168140411376953,
    "k": 2
}