{
    "layer": 9,
    "name": "res_sae_err_norms",
    "shape": "torch.Size([128000])",
    "min": 0.39781826734542847,
    "max": 2653.951171875,
    "mean": 92.16083526611328,
    "std": 227.62965393066406,
    "median": 71.8338623046875,
    "q1": 64.8531265258789,
    "q3": 79.44905090332031,
    "k": 1
}