{
    "layer": 6,
    "name": "res_sae_err_norms",
    "shape": "torch.Size([128000])",
    "min": 0.33565589785575867,
    "max": 56.6121826171875,
    "mean": 19.772830963134766,
    "std": 5.401256084442139,
    "median": 19.264694213867188,
    "q1": 16.113689422607422,
    "q3": 22.903894424438477,
    "k": 64
}