{
    "layer": 6,
    "name": "res_sae_err_norms",
    "shape": "torch.Size([128000])",
    "min": 0.33565589785575867,
    "max": 56.54998016357422,
    "mean": 19.74559211730957,
    "std": 5.34910774230957,
    "median": 19.260244369506836,
    "q1": 16.11203956604004,
    "q3": 22.889589309692383,
    "k": 99999999
}