{
    "layer": 11,
    "name": "res_sae_err_norms",
    "shape": "torch.Size([128000])",
    "min": 0.9325716495513916,
    "max": 1309.48779296875,
    "mean": 102.35391235351562,
    "std": 108.520263671875,
    "median": 94.18341827392578,
    "q1": 83.65172576904297,
    "q3": 104.04932403564453,
    "k": 4
}