{
    "layer": 11,
    "name": "res_sae_err_norms",
    "shape": "torch.Size([128000])",
    "min": 0.9325716495513916,
    "max": 156.322998046875,
    "mean": 68.78543090820312,
    "std": 15.343619346618652,
    "median": 70.22114562988281,
    "q1": 61.476539611816406,
    "q3": 78.21269226074219,
    "k": 16
}