{
    "layer": 7,
    "name": "res_sae_err_norms",
    "shape": "torch.Size([128000])",
    "min": 0.3436371088027954,
    "max": 60.272457122802734,
    "mean": 23.571664810180664,
    "std": 5.655385971069336,
    "median": 23.1044921875,
    "q1": 19.88699722290039,
    "q3": 26.86513900756836,
    "k": 64
}