{
    "layer": 7,
    "name": "res_sae_err_norms",
    "shape": "torch.Size([128000])",
    "min": 0.3436371088027954,
    "max": 70.62644958496094,
    "mean": 28.16530990600586,
    "std": 7.685075283050537,
    "median": 27.388586044311523,
    "q1": 23.37176513671875,
    "q3": 32.16200256347656,
    "k": 16
}