{
    "layer": 0,
    "name": "res_sae_err_norms",
    "shape": "torch.Size([128000])",
    "min": 0.02735159732401371,
    "max": 3.9036917686462402,
    "mean": 0.26628580689430237,
    "std": 0.4473726749420166,
    "median": 0.12680351734161377,
    "q1": 0.11383260786533356,
    "q3": 0.15807639062404633,
    "k": 64
}