{
    "layer": 0,
    "name": "res_sae_err_norms",
    "shape": "torch.Size([128000])",
    "min": 0.02735159732401371,
    "max": 4.884801387786865,
    "mean": 0.29596763849258423,
    "std": 0.5666369795799255,
    "median": 0.12684983015060425,
    "q1": 0.113848976790905,
    "q3": 0.15820837020874023,
    "k": 16
}