{
    "layer": 2,
    "name": "res_sae_err_norms",
    "shape": "torch.Size([128000])",
    "min": 5.160641193389893,
    "max": 530.3892211914062,
    "mean": 22.981529235839844,
    "std": 45.63288879394531,
    "median": 17.537078857421875,
    "q1": 13.852618217468262,
    "q3": 22.48090362548828,
    "k": 1
}