{
    "layer": 1,
    "name": "res_sae_err_norms",
    "shape": "torch.Size([128000])",
    "min": 0.7253066897392273,
    "max": 51.141380310058594,
    "mean": 7.343635082244873,
    "std": 5.081076622009277,
    "median": 5.772436618804932,
    "q1": 4.641024112701416,
    "q3": 7.962862014770508,
    "k": 8
}