{
    "layer": 0,
    "name": "res_sae_err_norms",
    "shape": "torch.Size([128000])",
    "min": 0.02735159732401371,
    "max": 5.164832592010498,
    "mean": 0.38104087114334106,
    "std": 0.6529220938682556,
    "median": 0.15458647906780243,
    "q1": 0.12089294195175171,
    "q3": 0.28216028213500977,
    "k": 8
}