{
    "layer": 11,
    "name": "res_sae_err_norms",
    "shape": "torch.Size([128000])",
    "min": 0.9325716495513916,
    "max": 116.09370422363281,
    "mean": 57.60043716430664,
    "std": 11.824092864990234,
    "median": 58.442317962646484,
    "q1": 52.03520965576172,
    "q3": 64.66098022460938,
    "k": 99999999
}