{
    "layer": 1,
    "name": "res_sae_err_norms",
    "shape": "torch.Size([128000])",
    "min": 0.8413974642753601,
    "max": 60.38505554199219,
    "mean": 12.61508846282959,
    "std": 8.168643951416016,
    "median": 10.126309394836426,
    "q1": 7.402096271514893,
    "q3": 15.082443237304688,
    "k": 2
}