{
    "layer": 1,
    "name": "res_sae_err_norms",
    "shape": "torch.Size([128000])",
    "min": 0.7253066897392273,
    "max": 43.6599235534668,
    "mean": 6.524406433105469,
    "std": 4.105066299438477,
    "median": 5.279934406280518,
    "q1": 4.45225191116333,
    "q3": 6.806025505065918,
    "k": 16
}