{
    "layer": 9,
    "name": "res_sae_err_norms",
    "shape": "torch.Size([128000])",
    "min": 0.30782434344291687,
    "max": 71.53215789794922,
    "mean": 34.463478088378906,
    "std": 7.486724853515625,
    "median": 34.57040786743164,
    "q1": 30.24799919128418,
    "q3": 38.95946502685547,
    "k": 128
}