{
    "layer": 7,
    "name": "res_sae_err_norms",
    "shape": "torch.Size([128000])",
    "min": 0.3436371088027954,
    "max": 1990.555419921875,
    "mean": 59.30596923828125,
    "std": 171.64479064941406,
    "median": 43.06562423706055,
    "q1": 38.05451965332031,
    "q3": 49.569828033447266,
    "k": 2
}