{
    "layer": 5,
    "name": "res_sae_err_norms",
    "shape": "torch.Size([128000])",
    "min": 0.22957579791545868,
    "max": 1742.8104248046875,
    "mean": 45.013816833496094,
    "std": 150.86766052246094,
    "median": 30.62041664123535,
    "q1": 26.644271850585938,
    "q3": 35.742164611816406,
    "k": 2
}