{
    "layer": 8,
    "name": "res_sae_err_norms",
    "shape": "torch.Size([128000])",
    "min": 0.35191529989242554,
    "max": 2575.82275390625,
    "mean": 79.0257797241211,
    "std": 221.833984375,
    "median": 58.459781646728516,
    "q1": 52.320556640625,
    "q3": 66.10765075683594,
    "k": 1
}