{
    "layer": 10,
    "name": "res_sae_err_norms",
    "shape": "torch.Size([128000])",
    "min": 4.531312942504883,
    "max": 2538.02880859375,
    "mean": 107.90453338623047,
    "std": 216.07691955566406,
    "median": 89.27674865722656,
    "q1": 81.04753875732422,
    "q3": 97.41940307617188,
    "k": 1
}