{
    "layer": 10,
    "name": "res_sae_err_norms",
    "shape": "torch.Size([128000])",
    "min": 4.529117584228516,
    "max": 133.37857055664062,
    "mean": 62.515357971191406,
    "std": 13.936485290527344,
    "median": 62.82270050048828,
    "q1": 55.10254669189453,
    "q3": 70.25030517578125,
    "k": 8
}