{
    "layer": 9,
    "name": "res_sae_err_norms",
    "shape": "torch.Size([128000])",
    "min": 0.30782434344291687,
    "max": 72.26905059814453,
    "mean": 34.75739669799805,
    "std": 7.6967453956604,
    "median": 34.822242736816406,
    "q1": 30.392061233520508,
    "q3": 39.359031677246094,
    "k": 64
}