{
    "layer": 7,
    "name": "res_sae_err_norms",
    "shape": "torch.Size([128000])",
    "min": 0.3436371088027954,
    "max": 60.103397369384766,
    "mean": 23.515300750732422,
    "std": 5.573834419250488,
    "median": 23.08598518371582,
    "q1": 19.876428604125977,
    "q3": 26.815574645996094,
    "k": 128
}