{
    "layer": 3,
    "name": "res_sae_err_norms",
    "shape": "torch.Size([128000])",
    "min": 0.5206968784332275,
    "max": 42.06304931640625,
    "mean": 10.830718994140625,
    "std": 4.159265995025635,
    "median": 9.922094345092773,
    "q1": 7.8897905349731445,
    "q3": 12.65655517578125,
    "k": 32
}