{
    "layer": 10,
    "name": "res_sae_err_norms",
    "shape": "torch.Size([128000])",
    "min": 4.529117584228516,
    "max": 97.14142608642578,
    "mean": 46.64366912841797,
    "std": 9.513611793518066,
    "median": 46.578609466552734,
    "q1": 41.630149841308594,
    "q3": 51.56695556640625,
    "k": 128
}