{
    "layer": 10,
    "name": "res_sae_err_norms",
    "shape": "torch.Size([128000])",
    "min": 4.529117584228516,
    "max": 103.1851577758789,
    "mean": 48.636165618896484,
    "std": 10.316460609436035,
    "median": 48.665950775146484,
    "q1": 43.013729095458984,
    "q3": 54.223262786865234,
    "k": 32
}