{
    "layer": 4,
    "name": "res_sae_err_norms",
    "shape": "torch.Size([128000])",
    "min": 0.27778369188308716,
    "max": 46.211936950683594,
    "mean": 13.989821434020996,
    "std": 4.781146049499512,
    "median": 13.120548248291016,
    "q1": 10.640085220336914,
    "q3": 16.38924217224121,
    "k": 32
}