{
    "layer": 9,
    "name": "res_sae_err_norms",
    "shape": "torch.Size([128000])",
    "min": 0.30782434344291687,
    "max": 1420.269287109375,
    "mean": 68.24620056152344,
    "std": 120.5252456665039,
    "median": 57.50023651123047,
    "q1": 50.77375411987305,
    "q3": 64.82713317871094,
    "k": 4
}