{
    "layer": 9,
    "name": "res_sae_err_norms",
    "shape": "torch.Size([128000])",
    "min": 0.30782434344291687,
    "max": 79.12346649169922,
    "mean": 37.39082717895508,
    "std": 8.807548522949219,
    "median": 37.496726989746094,
    "q1": 32.39269256591797,
    "q3": 42.66282653808594,
    "k": 32
}