{
    "layer": 3,
    "name": "res_sae_err_norms",
    "shape": "torch.Size([128000])",
    "min": 0.5206968784332275,
    "max": 2144.685546875,
    "mean": 41.426265716552734,
    "std": 186.7701873779297,
    "median": 23.54077911376953,
    "q1": 20.10586166381836,
    "q3": 28.4068603515625,
    "k": 1
}