{
    "layer": 6,
    "name": "res_sae_err_norms",
    "shape": "torch.Size([128000])",
    "min": 0.33565589785575867,
    "max": 2173.76904296875,
    "mean": 53.92262268066406,
    "std": 188.32736206054688,
    "median": 36.14838409423828,
    "q1": 31.376319885253906,
    "q3": 42.32453918457031,
    "k": 2
}