{
    "layer": 3,
    "name": "res_sae_err_norms",
    "shape": "torch.Size([128000])",
    "min": 0.5206968784332275,
    "max": 242.28384399414062,
    "mean": 15.498979568481445,
    "std": 20.916963577270508,
    "median": 12.653571128845215,
    "q1": 9.926946640014648,
    "q3": 15.958025932312012,
    "k": 8
}