{
    "layer": 3,
    "name": "res_sae_err_norms",
    "shape": "torch.Size([128000])",
    "min": 0.5206968784332275,
    "max": 37.79594802856445,
    "mean": 10.783581733703613,
    "std": 4.01718282699585,
    "median": 9.91881275177002,
    "q1": 7.8886590003967285,
    "q3": 12.650267601013184,
    "k": 64
}