{
    "layer": 8,
    "name": "res_sae_err_norms",
    "shape": "torch.Size([128000])",
    "min": 0.35191529989242554,
    "max": 77.51231384277344,
    "mean": 34.470611572265625,
    "std": 9.081332206726074,
    "median": 34.026832580566406,
    "q1": 29.151817321777344,
    "q3": 39.448081970214844,
    "k": 16
}