{
    "layer": 0,
    "name": "res_sae_err_norms",
    "shape": "torch.Size([128000])",
    "min": 0.18231791257858276,
    "max": 7.850847244262695,
    "mean": 1.8820008039474487,
    "std": 1.1296203136444092,
    "median": 1.6155660152435303,
    "q1": 1.0651006698608398,
    "q3": 2.4235382080078125,
    "k": 1
}