{
    "layer": 7,
    "name": "res_sae_mse",
    "shape": "torch.Size([38400])",
    "min": 0.00015375840303022414,
    "max": 5.170411586761475,
    "mean": 0.8248018026351929,
    "std": 0.42899683117866516,
    "median": 0.7363757491111755,
    "q1": 0.5388719439506531,
    "q3": 1.0072158575057983,
    "k": 32
}