{
    "layer": 1,
    "name": "res_sae_mse",
    "shape": "torch.Size([38400])",
    "min": 0.0006849844357930124,
    "max": 2.80735182762146,
    "mean": 0.09707969427108765,
    "std": 0.2046293020248413,
    "median": 0.041523706167936325,
    "q1": 0.027293257415294647,
    "q3": 0.07713765650987625,
    "k": 8
}