{
    "layer": 5,
    "name": "res_sae_mse",
    "shape": "torch.Size([38400])",
    "min": 6.862635927973315e-05,
    "max": 2.9750936031341553,
    "mean": 0.3736218512058258,
    "std": 0.2209102213382721,
    "median": 0.3202718496322632,
    "q1": 0.2202974259853363,
    "q3": 0.46928292512893677,
    "k": 99999999
}