{
    "layer": 0,
    "name": "res_sae_mse",
    "shape": "torch.Size([38400])",
    "min": 9.740980431161006e-07,
    "max": 0.01195936556905508,
    "mean": 0.00031804817263036966,
    "std": 0.0011686766520142555,
    "median": 2.0770361516042612e-05,
    "q1": 1.6818456060718745e-05,
    "q3": 3.145754089928232e-05,
    "k": 128
}