{
    "layer": 10,
    "name": "res_sae_mse",
    "shape": "torch.Size([38400])",
    "min": 0.02670951746404171,
    "max": 5436.00146484375,
    "mean": 50.94869613647461,
    "std": 477.8603210449219,
    "median": 8.472893714904785,
    "q1": 6.770073890686035,
    "q3": 10.251714706420898,
    "k": 2
}