{
    "layer": 5,
    "name": "res_sae_mse",
    "shape": "torch.Size([38400])",
    "min": 6.862635927973315e-05,
    "max": 2.9750936031341553,
    "mean": 0.37362223863601685,
    "std": 0.22091148793697357,
    "median": 0.3202718496322632,
    "q1": 0.2202974259853363,
    "q3": 0.46928292512893677,
    "k": 128
}