{
    "layer": 10,
    "name": "res_sae_mse",
    "shape": "torch.Size([38400])",
    "min": 0.02670951746404171,
    "max": 21.24298095703125,
    "mean": 5.256690979003906,
    "std": 2.4286961555480957,
    "median": 5.065981388092041,
    "q1": 3.8610999584198,
    "q3": 6.359610557556152,
    "k": 8
}