{
    "layer": 5,
    "name": "res_sae_mse",
    "shape": "torch.Size([38400])",
    "min": 6.862635927973315e-05,
    "max": 3954.932373046875,
    "mean": 32.24386978149414,
    "std": 348.08758544921875,
    "median": 1.2004891633987427,
    "q1": 0.9080927968025208,
    "q3": 1.6264710426330566,
    "k": 2
}