{
    "layer": 11,
    "name": "res_sae_mse",
    "shape": "torch.Size([38400])",
    "min": 0.0011324086226522923,
    "max": 8845.1806640625,
    "mean": 86.3257064819336,
    "std": 777.2509155273438,
    "median": 17.136022567749023,
    "q1": 14.167669296264648,
    "q3": 20.321292877197266,
    "k": 1
}