{
    "layer": 5,
    "name": "res_sae_mse",
    "shape": "torch.Size([38400])",
    "min": 6.862635927973315e-05,
    "max": 3.2366034984588623,
    "mean": 0.39744189381599426,
    "std": 0.258474200963974,
    "median": 0.332199364900589,
    "q1": 0.2276608943939209,
    "q3": 0.4874569773674011,
    "k": 32
}