{
    "layer": 0,
    "name": "res_sae_mse",
    "shape": "torch.Size([38400])",
    "min": 9.740980431161006e-07,
    "max": 0.01190813910216093,
    "mean": 0.00031797122210264206,
    "std": 0.0011681162286549807,
    "median": 2.0770361516042612e-05,
    "q1": 1.6818456060718745e-05,
    "q3": 3.145754089928232e-05,
    "k": 99999999
}