{
    "layer": 1,
    "name": "res_sae_mse",
    "shape": "torch.Size([38400])",
    "min": 0.0006849844357930124,
    "max": 2.098867177963257,
    "mean": 0.07251293212175369,
    "std": 0.13931885361671448,
    "median": 0.03516475483775139,
    "q1": 0.025231488049030304,
    "q3": 0.056880924850702286,
    "k": 16
}