{
    "layer": 11,
    "name": "res_sae_mse",
    "shape": "torch.Size([38400])",
    "min": 0.0011324086226522923,
    "max": 25.806610107421875,
    "mean": 6.3986921310424805,
    "std": 2.542695999145508,
    "median": 6.368183135986328,
    "q1": 4.822501182556152,
    "q3": 7.9509358406066895,
    "k": 16
}