{
    "layer": 11,
    "name": "res_sae_mse",
    "shape": "torch.Size([38400])",
    "min": 0.0011324086226522923,
    "max": 14.13564395904541,
    "mean": 4.415682792663574,
    "std": 1.6092877388000488,
    "median": 4.374685764312744,
    "q1": 3.4513041973114014,
    "q3": 5.359210014343262,
    "k": 128
}