{
    "layer": 9,
    "name": "res_sae_mse",
    "shape": "torch.Size([38400])",
    "min": 0.0001233799703186378,
    "max": 6513.4609375,
    "mean": 56.426536560058594,
    "std": 572.9798583984375,
    "median": 5.385055065155029,
    "q1": 4.30842399597168,
    "q3": 6.705801963806152,
    "k": 2
}