{
    "layer": 2,
    "name": "res_sae_mse",
    "shape": "torch.Size([38400])",
    "min": 0.007719647604972124,
    "max": 1.782516360282898,
    "mean": 0.09412433207035065,
    "std": 0.11546633392572403,
    "median": 0.055458348244428635,
    "q1": 0.03699122741818428,
    "q3": 0.10115443915128708,
    "k": 32
}