{
    "layer": 6,
    "name": "res_sae_mse",
    "shape": "torch.Size([38400])",
    "min": 0.0001466990652261302,
    "max": 4.173097610473633,
    "mean": 0.5293067693710327,
    "std": 0.2883170545101166,
    "median": 0.468820720911026,
    "q1": 0.3282029330730438,
    "q3": 0.6617748737335205,
    "k": 64
}