{
    "layer": 6,
    "name": "res_sae_mse",
    "shape": "torch.Size([38400])",
    "min": 0.0001466990652261302,
    "max": 4.1639323234558105,
    "mean": 0.5275038480758667,
    "std": 0.28399428725242615,
    "median": 0.46860766410827637,
    "q1": 0.32812586426734924,
    "q3": 0.6613401174545288,
    "k": 128
}