{
    "layer": 8,
    "name": "res_sae_mse",
    "shape": "torch.Size([38400])",
    "min": 0.00016125570982694626,
    "max": 9.42861270904541,
    "mean": 2.183866500854492,
    "std": 1.072367548942566,
    "median": 2.0019257068634033,
    "q1": 1.497296929359436,
    "q3": 2.6583428382873535,
    "k": 8
}