{
    "layer": 0,
    "name": "res_sae_mse",
    "shape": "torch.Size([38400])",
    "min": 4.3281015678076074e-05,
    "max": 0.0802549496293068,
    "mean": 0.006188678089529276,
    "std": 0.008855286985635757,
    "median": 0.003373249201104045,
    "q1": 0.0014741267077624798,
    "q3": 0.007534926291555166,
    "k": 1
}