{
    "layer": 3,
    "name": "res_sae_mse",
    "shape": "torch.Size([38400])",
    "min": 0.0003530402609612793,
    "max": 2.061785936355591,
    "mean": 0.16687223315238953,
    "std": 0.14568236470222473,
    "median": 0.12269548326730728,
    "q1": 0.07855012267827988,
    "q3": 0.20047448575496674,
    "k": 32
}