{
    "layer": 2,
    "name": "res_sae_mse",
    "shape": "torch.Size([38400])",
    "min": 0.007719647604972124,
    "max": 1.4413957595825195,
    "mean": 0.09269673377275467,
    "std": 0.10747741907835007,
    "median": 0.055458348244428635,
    "q1": 0.03699122741818428,
    "q3": 0.10115443915128708,
    "k": 64
}