{
    "layer": 2,
    "name": "res_sae_mse",
    "shape": "torch.Size([38400])",
    "min": 0.01098210085183382,
    "max": 70.87186431884766,
    "mean": 0.7879713177680969,
    "std": 6.2272748947143555,
    "median": 0.13749679923057556,
    "q1": 0.07441157102584839,
    "q3": 0.27441442012786865,
    "k": 4
}