{
    "layer": 2,
    "name": "res_sae_mse",
    "shape": "torch.Size([38400])",
    "min": 0.010914958082139492,
    "max": 3.2721121311187744,
    "mean": 0.15321989357471466,
    "std": 0.23926179111003876,
    "median": 0.08140624314546585,
    "q1": 0.04587552323937416,
    "q3": 0.1551862210035324,
    "k": 8
}