{
    "layer": 7,
    "name": "res_sae_mse",
    "shape": "torch.Size([38400])",
    "min": 0.00015375840303022414,
    "max": 5.925370693206787,
    "mean": 1.0724127292633057,
    "std": 0.5911710858345032,
    "median": 0.9495663046836853,
    "q1": 0.6890775561332703,
    "q3": 1.3064991235733032,
    "k": 16
}