{
    "layer": 5,
    "name": "res_sae_mse",
    "shape": "torch.Size([38400])",
    "min": 6.862635927973315e-05,
    "max": 6663.40087890625,
    "mean": 53.82075881958008,
    "std": 586.5136108398438,
    "median": 1.5989066362380981,
    "q1": 1.2272558212280273,
    "q3": 2.1490635871887207,
    "k": 1
}