{
    "layer": 8,
    "name": "res_sae_mse",
    "shape": "torch.Size([38400])",
    "min": 0.00016125570982694626,
    "max": 5795.18701171875,
    "mean": 49.02145767211914,
    "std": 509.8986511230469,
    "median": 3.5122861862182617,
    "q1": 2.7638039588928223,
    "q3": 4.545374870300293,
    "k": 2
}