{
    "layer": 7,
    "name": "res_sae_mse",
    "shape": "torch.Size([38400])",
    "min": 0.00015375840303022414,
    "max": 1811.8896484375,
    "mean": 16.134571075439453,
    "std": 159.35250854492188,
    "median": 1.7901853322982788,
    "q1": 1.3738807439804077,
    "q3": 2.3977768421173096,
    "k": 4
}