{
    "layer": 0,
    "name": "res_sae_mse",
    "shape": "torch.Size([38400])",
    "min": 1.668910226726439e-05,
    "max": 0.05039651319384575,
    "mean": 0.0037323797587305307,
    "std": 0.006171558052301407,
    "median": 0.0015972064575180411,
    "q1": 0.000498336274176836,
    "q3": 0.004203855991363525,
    "k": 2
}