{
    "layer": 3,
    "name": "res_sae_mse",
    "shape": "torch.Size([38400])",
    "min": 0.0003530402609612793,
    "max": 5989.16162109375,
    "mean": 47.63664245605469,
    "std": 527.2322387695312,
    "median": 0.705806314945221,
    "q1": 0.517196774482727,
    "q3": 1.0269876718521118,
    "k": 1
}