{
    "layer": 4,
    "name": "res_sae_mse",
    "shape": "torch.Size([38400])",
    "min": 0.00010047367686638609,
    "max": 4822.27197265625,
    "mean": 38.61937713623047,
    "std": 424.4864501953125,
    "median": 0.8121986985206604,
    "q1": 0.5921254754066467,
    "q3": 1.1538910865783691,
    "k": 2
}