{
    "layer": 7,
    "name": "res_sae_mse",
    "shape": "torch.Size([38400])",
    "min": 0.00015375840303022414,
    "max": 7.638044834136963,
    "mean": 1.4694005250930786,
    "std": 0.788618803024292,
    "median": 1.3044341802597046,
    "q1": 0.968848466873169,
    "q3": 1.7728195190429688,
    "k": 8
}