{
    "layer": 1,
    "name": "res_sae_mse",
    "shape": "torch.Size([38400])",
    "min": 0.0006849844357930124,
    "max": 1.3946853876113892,
    "mean": 0.06479937583208084,
    "std": 0.10088717192411423,
    "median": 0.0349205881357193,
    "q1": 0.0251543540507555,
    "q3": 0.05626168102025986,
    "k": 32
}