{
    "layer": 4,
    "name": "res_sae_mse",
    "shape": "torch.Size([38400])",
    "min": 0.00010047367686638609,
    "max": 2.5320327281951904,
    "mean": 0.2657235264778137,
    "std": 0.18190346658229828,
    "median": 0.21327656507492065,
    "q1": 0.14264722168445587,
    "q3": 0.3334793448448181,
    "k": 64
}