{
    "layer": 11,
    "name": "res_sae_mse",
    "shape": "torch.Size([38400])",
    "min": 0.0011324086226522923,
    "max": 35.879066467285156,
    "mean": 8.644277572631836,
    "std": 3.3332948684692383,
    "median": 8.635992050170898,
    "q1": 6.5848493576049805,
    "q3": 10.70044994354248,
    "k": 8
}