{
    "layer": 6,
    "name": "res_sae_mse",
    "shape": "torch.Size([38400])",
    "min": 0.0001466990652261302,
    "max": 191.3240203857422,
    "mean": 2.5180070400238037,
    "std": 16.766149520874023,
    "median": 0.8829943537712097,
    "q1": 0.6201253533363342,
    "q3": 1.2670313119888306,
    "k": 8
}