{
    "layer": 4,
    "name": "res_sae_mse",
    "shape": "torch.Size([38400])",
    "min": 0.00010047367686638609,
    "max": 3.4852731227874756,
    "mean": 0.3269304037094116,
    "std": 0.26865437626838684,
    "median": 0.2515648305416107,
    "q1": 0.16568754613399506,
    "q3": 0.39383378624916077,
    "k": 16
}