{
    "layer": 8,
    "name": "res_sae_mse",
    "shape": "torch.Size([38400])",
    "min": 0.00016125570982694626,
    "max": 5.329239368438721,
    "mean": 1.055120587348938,
    "std": 0.46678170561790466,
    "median": 0.9866344928741455,
    "q1": 0.7463393807411194,
    "q3": 1.297874927520752,
    "k": 99999999
}