{
    "layer": 9,
    "name": "res_sae_mse",
    "shape": "torch.Size([38400])",
    "min": 0.0001233799703186378,
    "max": 2626.5166015625,
    "mean": 24.8787784576416,
    "std": 230.86712646484375,
    "median": 4.212168216705322,
    "q1": 3.2844974994659424,
    "q3": 5.3494367599487305,
    "k": 4
}