{
    "layer": 7,
    "name": "res_sae_mse",
    "shape": "torch.Size([38400])",
    "min": 0.00015375840303022414,
    "max": 5159.25927734375,
    "mean": 42.89169692993164,
    "std": 454.0115661621094,
    "median": 2.374145030975342,
    "q1": 1.8635401725769043,
    "q3": 3.1251182556152344,
    "k": 2
}