{
    "layer": 5,
    "name": "res_sae_mse",
    "shape": "torch.Size([38400])",
    "min": 6.862635927973315e-05,
    "max": 1004.4066772460938,
    "mean": 8.840534210205078,
    "std": 88.34541320800781,
    "median": 0.8598330616950989,
    "q1": 0.6318190097808838,
    "q3": 1.2002309560775757,
    "k": 4
}