{
    "layer": 8,
    "name": "res_sae_mse",
    "shape": "torch.Size([38400])",
    "min": 0.00016125570982694626,
    "max": 7.7907023429870605,
    "mean": 1.6063083410263062,
    "std": 0.8166025280952454,
    "median": 1.4718217849731445,
    "q1": 1.0757476091384888,
    "q3": 1.972912073135376,
    "k": 16
}