{
    "layer": 4,
    "name": "res_sae_mse",
    "shape": "torch.Size([38400])",
    "min": 0.00010047367686638609,
    "max": 2.7806551456451416,
    "mean": 0.2724212110042572,
    "std": 0.19926555454730988,
    "median": 0.2148466557264328,
    "q1": 0.14332406222820282,
    "q3": 0.33636707067489624,
    "k": 32
}