{
    "layer": 3,
    "name": "res_sae_mse",
    "shape": "torch.Size([38400])",
    "min": 0.0003530402609612793,
    "max": 4069.614013671875,
    "mean": 32.40119934082031,
    "std": 358.2496337890625,
    "median": 0.49124518036842346,
    "q1": 0.34426939487457275,
    "q3": 0.733834445476532,
    "k": 2
}