{
    "layer": 10,
    "name": "res_sae_mse",
    "shape": "torch.Size([38400])",
    "min": 0.02670951746404171,
    "max": 16.303043365478516,
    "mean": 3.9349348545074463,
    "std": 1.6807761192321777,
    "median": 3.8174896240234375,
    "q1": 2.8995840549468994,
    "q3": 4.7906694412231445,
    "k": 16
}