{
    "layer": 2,
    "name": "res_sae_mse",
    "shape": "torch.Size([38400])",
    "min": 0.03467736765742302,
    "max": 366.2926025390625,
    "mean": 3.3869237899780273,
    "std": 32.20661544799805,
    "median": 0.3892350494861603,
    "q1": 0.24320897459983826,
    "q3": 0.6476600170135498,
    "k": 1
}