{
    "layer": 0,
    "name": "res_sae_mse",
    "shape": "torch.Size([38400])",
    "min": 9.740980431161006e-07,
    "max": 0.02476399391889572,
    "mean": 0.0004839971079491079,
    "std": 0.0019676510710269213,
    "median": 2.078078432532493e-05,
    "q1": 1.6828873413032852e-05,
    "q3": 3.149798067170195e-05,
    "k": 16
}