{
    "layer": 9,
    "name": "res_sae_mse",
    "shape": "torch.Size([38400])",
    "min": 0.00020606687758117914,
    "max": 9171.16796875,
    "mean": 78.42500305175781,
    "std": 806.8638305664062,
    "median": 6.619234561920166,
    "q1": 5.41029167175293,
    "q3": 8.090657234191895,
    "k": 1
}