{
    "layer": 5,
    "name": "res_sae_mse",
    "shape": "torch.Size([38400])",
    "min": 6.862635927973315e-05,
    "max": 5.548379421234131,
    "mean": 0.710055410861969,
    "std": 0.4832472801208496,
    "median": 0.5925804972648621,
    "q1": 0.41501447558403015,
    "q3": 0.851932942867279,
    "k": 8
}