{
    "layer": 9,
    "name": "res_sae_mse",
    "shape": "torch.Size([38400])",
    "min": 0.0001233799703186378,
    "max": 6.65540075302124,
    "mean": 1.574645757675171,
    "std": 0.6347514390945435,
    "median": 1.5215212106704712,
    "q1": 1.1586331129074097,
    "q3": 1.9271090030670166,
    "k": 99999999
}