{
    "layer": 2,
    "name": "res_sae_mse",
    "shape": "torch.Size([38400])",
    "min": 0.015386485494673252,
    "max": 235.4120635986328,
    "mean": 2.197909355163574,
    "std": 20.698556900024414,
    "median": 0.2364601045846939,
    "q1": 0.1353190839290619,
    "q3": 0.4436376094818115,
    "k": 2
}