{
    "layer": 11,
    "name": "res_sae_mse",
    "shape": "torch.Size([38400])",
    "min": 0.0011324086226522923,
    "max": 18.44886589050293,
    "mean": 4.974477291107178,
    "std": 1.9204524755477905,
    "median": 4.931243896484375,
    "q1": 3.7974939346313477,
    "q3": 6.135589599609375,
    "k": 32
}