{
    "layer": 7,
    "name": "res_sae_mse",
    "shape": "torch.Size([38400])",
    "min": 0.00016328762285411358,
    "max": 7926.86865234375,
    "mean": 65.19397735595703,
    "std": 697.6211547851562,
    "median": 3.032594680786133,
    "q1": 2.404714584350586,
    "q3": 3.968799114227295,
    "k": 1
}