{
    "layer": 10,
    "name": "res_sae_mse",
    "shape": "torch.Size([38400])",
    "min": 0.02673541009426117,
    "max": 8387.4873046875,
    "mean": 75.8242416381836,
    "std": 737.5565795898438,
    "median": 10.278471946716309,
    "q1": 8.461358070373535,
    "q3": 12.185575485229492,
    "k": 1
}