{
    "layer": 1,
    "name": "res_sae_mse",
    "shape": "torch.Size([38400])",
    "min": 0.000921809405554086,
    "max": 4.747858047485352,
    "mean": 0.28277161717414856,
    "std": 0.5305505394935608,
    "median": 0.12659017741680145,
    "q1": 0.06893622875213623,
    "q3": 0.2839329242706299,
    "k": 2
}