{
    "layer": 10,
    "name": "res_sae_mse",
    "shape": "torch.Size([38400])",
    "min": 0.02670951746404171,
    "max": 12.287052154541016,
    "mean": 2.9056084156036377,
    "std": 1.2840174436569214,
    "median": 2.789672613143921,
    "q1": 2.2123656272888184,
    "q3": 3.4237420558929443,
    "k": 64
}