{
    "layer": 9,
    "name": "res_sae_mse",
    "shape": "torch.Size([38400])",
    "min": 0.0001233799703186378,
    "max": 8.15172290802002,
    "mean": 1.8693623542785645,
    "std": 0.8257489800453186,
    "median": 1.7904945611953735,
    "q1": 1.3246078491210938,
    "q3": 2.315045118331909,
    "k": 32
}