{
    "layer": 8,
    "name": "res_sae_mse",
    "shape": "torch.Size([38400])",
    "min": 0.00016125570982694626,
    "max": 5.436295986175537,
    "mean": 1.0681754350662231,
    "std": 0.48316994309425354,
    "median": 0.9941696524620056,
    "q1": 0.7496136426925659,
    "q3": 1.3115313053131104,
    "k": 64
}