{
    "layer": 4,
    "name": "res_sae_mse",
    "shape": "torch.Size([38400])",
    "min": 0.00010047367686638609,
    "max": 2.5303709506988525,
    "mean": 0.26564639806747437,
    "std": 0.18159806728363037,
    "median": 0.21327656507492065,
    "q1": 0.14264722168445587,
    "q3": 0.3334793448448181,
    "k": 99999999
}