{
    "layer": 9,
    "name": "res_sae_mse",
    "shape": "torch.Size([38400])",
    "min": 0.0001233799703186378,
    "max": 6.800540924072266,
    "mean": 1.6048011779785156,
    "std": 0.6633299589157104,
    "median": 1.542576789855957,
    "q1": 1.1690751314163208,
    "q3": 1.9673948287963867,
    "k": 64
}