{
    "layer": 6,
    "name": "res_sae_mse",
    "shape": "torch.Size([38400])",
    "min": 0.0001466990652261302,
    "max": 5.689060211181641,
    "mean": 0.7412331700325012,
    "std": 0.4780902564525604,
    "median": 0.6302588582038879,
    "q1": 0.43088290095329285,
    "q3": 0.911236047744751,
    "k": 16
}