{
    "layer": 10,
    "name": "res_sae_mse",
    "shape": "torch.Size([38400])",
    "min": 0.02670951746404171,
    "max": 12.287052154541016,
    "mean": 3.162529230117798,
    "std": 1.3999736309051514,
    "median": 3.0404179096221924,
    "q1": 2.358158826828003,
    "q3": 3.778240442276001,
    "k": 32
}