{
    "layer": 10,
    "name": "res_sae_mse",
    "shape": "torch.Size([38400])",
    "min": 0.02670951746404171,
    "max": 12.287052154541016,
    "mean": 2.8945610523223877,
    "std": 1.2756129503250122,
    "median": 2.783327341079712,
    "q1": 2.2102789878845215,
    "q3": 3.403085947036743,
    "k": 128
}