{
    "layer": 6,
    "name": "res_sae_mse",
    "shape": "torch.Size([38400])",
    "min": 0.0001466990652261302,
    "max": 8638.517578125,
    "mean": 69.8802719116211,
    "std": 760.354248046875,
    "median": 2.183114528656006,
    "q1": 1.6742404699325562,
    "q3": 2.9376981258392334,
    "k": 1
}