{
    "layer": 3,
    "name": "res_sae_mse",
    "shape": "torch.Size([38400])",
    "min": 0.0003530402609612793,
    "max": 1842.71728515625,
    "mean": 14.811198234558105,
    "std": 162.2029571533203,
    "median": 0.3193780481815338,
    "q1": 0.21032828092575073,
    "q3": 0.49877363443374634,
    "k": 4
}