{
    "layer": 6,
    "name": "res_sae_mse",
    "shape": "torch.Size([38400])",
    "min": 0.0001466990652261302,
    "max": 2907.4755859375,
    "mean": 24.11578369140625,
    "std": 255.86135864257812,
    "median": 1.2308727502822876,
    "q1": 0.8998533487319946,
    "q3": 1.7181644439697266,
    "k": 4
}