{
    "layer": 3,
    "name": "res_sae_mse",
    "shape": "torch.Size([38400])",
    "min": 0.0003530402609612793,
    "max": 2.748904228210449,
    "mean": 0.19138842821121216,
    "std": 0.19493772089481354,
    "median": 0.13654600083827972,
    "q1": 0.0859563946723938,
    "q3": 0.2188536375761032,
    "k": 16
}