{
    "layer": 4,
    "name": "res_sae_mse",
    "shape": "torch.Size([38400])",
    "min": 0.00010047367686638609,
    "max": 4.728204250335693,
    "mean": 0.49819162487983704,
    "std": 0.5279640555381775,
    "median": 0.36867913603782654,
    "q1": 0.2416689693927765,
    "q3": 0.5636869072914124,
    "k": 8
}