{
    "layer": 4,
    "name": "res_sae_mse",
    "shape": "torch.Size([38400])",
    "min": 0.00010047367686638609,
    "max": 1853.7896728515625,
    "mean": 15.15421199798584,
    "std": 163.15533447265625,
    "median": 0.5550749897956848,
    "q1": 0.3848870098590851,
    "q3": 0.8235675096511841,
    "k": 4
}