{
    "layer": 3,
    "name": "res_sae_mse",
    "shape": "torch.Size([38400])",
    "min": 0.0003530402609612793,
    "max": 1.8594098091125488,
    "mean": 0.1645742654800415,
    "std": 0.136111319065094,
    "median": 0.12260577827692032,
    "q1": 0.0785285010933876,
    "q3": 0.20031218230724335,
    "k": 128
}