{
    "layer": 7,
    "name": "res_sae_mse",
    "shape": "torch.Size([38400])",
    "min": 0.00015375840303022414,
    "max": 4.730167865753174,
    "mean": 0.7414990067481995,
    "std": 0.35162353515625,
    "median": 0.675828754901886,
    "q1": 0.5005977153778076,
    "q3": 0.9103971123695374,
    "k": 64
}