{
    "layer": 9,
    "name": "res_sae_mse",
    "shape": "torch.Size([38400])",
    "min": 0.0001233799703186378,
    "max": 10.600640296936035,
    "mean": 2.4518051147460938,
    "std": 1.1018556356430054,
    "median": 2.3467445373535156,
    "q1": 1.736241102218628,
    "q3": 3.0354909896850586,
    "k": 16
}