{
    "layer": 8,
    "name": "res_sae_mse",
    "shape": "torch.Size([38400])",
    "min": 0.00016125570982694626,
    "max": 8639.14453125,
    "mean": 72.1465072631836,
    "std": 760.2100219726562,
    "median": 4.395740032196045,
    "q1": 3.531397819519043,
    "q3": 5.610319137573242,
    "k": 1
}