{
    "layer": 8,
    "name": "res_sae_mse",
    "shape": "torch.Size([38400])",
    "min": 0.00016125570982694626,
    "max": 1974.5765380859375,
    "mean": 18.337207794189453,
    "std": 173.5952606201172,
    "median": 2.706123113632202,
    "q1": 2.0816736221313477,
    "q3": 3.554194688796997,
    "k": 4
}