{
    "layer": 1,
    "name": "res_sae_mse",
    "shape": "torch.Size([38400])",
    "min": 0.0006849844357930124,
    "max": 1.189576506614685,
    "mean": 0.0637814924120903,
    "std": 0.09479451924562454,
    "median": 0.0349205881357193,
    "q1": 0.0251543540507555,
    "q3": 0.05626168102025986,
    "k": 99999999
}