{
    "layer": 2,
    "name": "res_sae_mse",
    "shape": "torch.Size([38400])",
    "min": 0.007719647604972124,
    "max": 2.6569416522979736,
    "mean": 0.10602546483278275,
    "std": 0.16067738831043243,
    "median": 0.05750024691224098,
    "q1": 0.03750191256403923,
    "q3": 0.10513010621070862,
    "k": 16
}