{
    "layer": 5,
    "name": "res_sae_mse",
    "shape": "torch.Size([38400])",
    "min": 6.862635927973315e-05,
    "max": 2.9780054092407227,
    "mean": 0.37419775128364563,
    "std": 0.22265028953552246,
    "median": 0.3202791213989258,
    "q1": 0.2202974259853363,
    "q3": 0.46933409571647644,
    "k": 64
}