{
    "layer": 3,
    "name": "res_sae_mse",
    "shape": "torch.Size([38400])",
    "min": 0.0003530402609612793,
    "max": 76.4341049194336,
    "mean": 0.8689448237419128,
    "std": 6.711121559143066,
    "median": 0.20106758177280426,
    "q1": 0.12465275079011917,
    "q3": 0.3175872266292572,
    "k": 8
}