{
    "layer": 4,
    "name": "res_sae_mse",
    "shape": "torch.Size([38400])",
    "min": 0.00010047367686638609,
    "max": 6996.75927734375,
    "mean": 55.94076919555664,
    "std": 615.9064331054688,
    "median": 1.123691439628601,
    "q1": 0.8404122591018677,
    "q3": 1.5724451541900635,
    "k": 1
}