{
    "layer": 6,
    "name": "res_sae_mse",
    "shape": "torch.Size([38400])",
    "min": 0.0001466990652261302,
    "max": 4.708395004272461,
    "mean": 0.5761628150939941,
    "std": 0.3460463583469391,
    "median": 0.49720534682273865,
    "q1": 0.3444819748401642,
    "q3": 0.7108879685401917,
    "k": 32
}