{
    "layer": 9,
    "name": "res_sae_mse",
    "shape": "torch.Size([38400])",
    "min": 0.0001233799703186378,
    "max": 6.662565231323242,
    "mean": 1.5746612548828125,
    "std": 0.6347717642784119,
    "median": 1.5215212106704712,
    "q1": 1.1586331129074097,
    "q3": 1.9271401166915894,
    "k": 128
}