{
    "layer": 0,
    "name": "res_sae_mse",
    "shape": "torch.Size([38400])",
    "min": 5.14650173499831e-06,
    "max": 0.03265544772148132,
    "mean": 0.0015876422403380275,
    "std": 0.003471438307315111,
    "median": 0.000327130634104833,
    "q1": 5.6818324082996696e-05,
    "q3": 0.001199972117319703,
    "k": 4
}