{
    "layer": 5,
    "name": "res_sae_mse",
    "shape": "torch.Size([38400])",
    "min": 6.862635927973315e-05,
    "max": 3.944211959838867,
    "mean": 0.5053386688232422,
    "std": 0.3557504117488861,
    "median": 0.41632047295570374,
    "q1": 0.28480085730552673,
    "q3": 0.6098619699478149,
    "k": 16
}