{
    "layer": 11,
    "name": "res_sae_mse",
    "shape": "torch.Size([38400])",
    "min": 0.0011324086226522923,
    "max": 14.13564395904541,
    "mean": 4.41569185256958,
    "std": 1.6092935800552368,
    "median": 4.374685764312744,
    "q1": 3.4513041973114014,
    "q3": 5.359086513519287,
    "k": 99999999
}