{
    "layer": 9,
    "name": "res_sae_mse",
    "shape": "torch.Size([38400])",
    "min": 0.0001233799703186378,
    "max": 46.24143981933594,
    "mean": 3.665341854095459,
    "std": 4.025543689727783,
    "median": 3.1921138763427734,
    "q1": 2.4214296340942383,
    "q3": 4.1060895919799805,
    "k": 8
}