{
    "layer": 11,
    "name": "res_sae_mse",
    "shape": "torch.Size([38400])",
    "min": 0.0011324086226522923,
    "max": 2232.75830078125,
    "mean": 28.87312889099121,
    "std": 195.60679626464844,
    "median": 11.486510276794434,
    "q1": 8.974940299987793,
    "q3": 14.036006927490234,
    "k": 4
}