{
    "layer": 11,
    "name": "res_sae_mse",
    "shape": "torch.Size([38400])",
    "min": 0.0011324086226522923,
    "max": 14.142409324645996,
    "mean": 4.448869705200195,
    "std": 1.634170651435852,
    "median": 4.405084609985352,
    "q1": 3.4658963680267334,
    "q3": 5.408040523529053,
    "k": 64
}