{
    "layer": 7,
    "name": "res_sae_mse",
    "shape": "torch.Size([38400])",
    "min": 0.00015375840303022414,
    "max": 4.703670024871826,
    "mean": 0.7374623417854309,
    "std": 0.34435904026031494,
    "median": 0.6745490431785583,
    "q1": 0.500113844871521,
    "q3": 0.9081695079803467,
    "k": 99999999
}