{
    "layer": 1,
    "name": "res_sae_mse",
    "shape": "torch.Size([38400])",
    "min": 0.000895933189895004,
    "max": 3.4906532764434814,
    "mean": 0.15566866099834442,
    "std": 0.2766675055027008,
    "median": 0.06749533116817474,
    "q1": 0.039191778749227524,
    "q3": 0.1580159068107605,
    "k": 4
}