{
    "layer": 10,
    "name": "res_sae_mse",
    "shape": "torch.Size([38400])",
    "min": 0.02670951746404171,
    "max": 1753.12451171875,
    "mean": 20.387439727783203,
    "std": 153.77642822265625,
    "median": 6.654905319213867,
    "q1": 5.1888604164123535,
    "q3": 8.25224494934082,
    "k": 4
}