{
    "layer": 8,
    "name": "res_sae_mse",
    "shape": "torch.Size([38400])",
    "min": 0.00016125570982694626,
    "max": 6.257063388824463,
    "mean": 1.2243412733078003,
    "std": 0.5999271273612976,
    "median": 1.1241668462753296,
    "q1": 0.8289928436279297,
    "q3": 1.5057220458984375,
    "k": 32
}