{
    "layer": 3,
    "name": "res_sae_mse",
    "shape": "torch.Size([38400])",
    "min": 0.0003530402609612793,
    "max": 1.860069751739502,
    "mean": 0.16458699107170105,
    "std": 0.1361803412437439,
    "median": 0.12260577827692032,
    "q1": 0.0785285010933876,
    "q3": 0.20031218230724335,
    "k": 64
}