{
    "layer": 1,
    "name": "res_sae_mse",
    "shape": "torch.Size([38400])",
    "min": 0.02118309587240219,
    "max": 14.97120189666748,
    "mean": 0.4910484850406647,
    "std": 1.3543611764907837,
    "median": 0.23663973808288574,
    "q1": 0.13144034147262573,
    "q3": 0.4496636390686035,
    "k": 1
}