{
    "layer": 6,
    "name": "res_sae_mse",
    "shape": "torch.Size([38400])",
    "min": 0.0001466990652261302,
    "max": 6152.69775390625,
    "mean": 49.92721939086914,
    "std": 541.5411987304688,
    "median": 1.6691926717758179,
    "q1": 1.2597366571426392,
    "q3": 2.2804055213928223,
    "k": 2
}