{
    "layer": 0,
    "name": "res_sae_mse",
    "shape": "torch.Size([38400])",
    "min": 9.740980431161006e-07,
    "max": 0.02882172167301178,
    "mean": 0.000683450314681977,
    "std": 0.002555147046223283,
    "median": 3.062071482418105e-05,
    "q1": 1.892462205432821e-05,
    "q3": 9.975420834962279e-05,
    "k": 8
}