{
    "layer": 11,
    "name": "res_sae_mse",
    "shape": "torch.Size([38400])",
    "min": 0.0011324086226522923,
    "max": 6040.80322265625,
    "mean": 61.60032653808594,
    "std": 530.5963134765625,
    "median": 14.414352416992188,
    "q1": 11.617685317993164,
    "q3": 17.36013412475586,
    "k": 2
}