{
    "layer": 6,
    "name": "res_sae_err_norms",
    "shape": "torch.Size([12, 38400])",
    "min": 0.027351588010787964,
    "max": 104.19291687011719,
    "mean": 21.83591651916504,
    "std": 17.37221908569336,
    "median": 17.635984420776367,
    "q1": 8.235583305358887,
    "q3": 31.08971405029297
}