{
    "layer": 10,
    "name": "ln2_sae_err_norms",
    "shape": "torch.Size([12, 38400])",
    "min": 0.027054820209741592,
    "max": 31.145158767700195,
    "mean": 5.824069499969482,
    "std": 2.554697275161743,
    "median": 6.004396915435791,
    "q1": 4.10994291305542,
    "q3": 7.619030952453613
}