{
    "layer": 9,
    "name": "res_sae_err_norms",
    "shape": "torch.Size([38400])",
    "min": 0.30782434344291687,
    "max": 188.45005798339844,
    "mean": 50.4746208190918,
    "std": 16.349380493164062,
    "median": 49.513065338134766,
    "q1": 43.12375259399414,
    "q3": 56.155826568603516,
    "k": 8
}