{
    "layer": 11,
    "name": "res_sae_err_norms",
    "shape": "torch.Size([38400])",
    "min": 0.9325716495513916,
    "max": 104.2178955078125,
    "mean": 57.21037673950195,
    "std": 11.98781681060791,
    "median": 58.164466857910156,
    "q1": 51.59272003173828,
    "q3": 64.44668579101562,
    "k": 64
}