{
    "layer": 9,
    "name": "res_sae_err_norms",
    "shape": "torch.Size([38400])",
    "min": 0.30782434344291687,
    "max": 71.49369049072266,
    "mean": 33.9863166809082,
    "std": 7.366119861602783,
    "median": 34.18374252319336,
    "q1": 29.830020904541016,
    "q3": 38.47102355957031,
    "k": 99999999
}