{
    "layer": 9,
    "name": "res_sae_err_norms",
    "shape": "torch.Size([38400])",
    "min": 0.39781826734542847,
    "max": 2653.951171875,
    "mean": 91.63993835449219,
    "std": 227.67054748535156,
    "median": 71.2991714477539,
    "q1": 64.46009826660156,
    "q3": 78.82654571533203,
    "k": 1
}