{
    "layer": 8,
    "name": "res_sae_err_norms",
    "shape": "torch.Size([38400])",
    "min": 0.35191529989242554,
    "max": 77.35153198242188,
    "mean": 33.972599029541016,
    "std": 8.916803359985352,
    "median": 33.62081527709961,
    "q1": 28.743247985839844,
    "q3": 38.92552185058594,
    "k": 16
}