{
    "layer": 2,
    "name": "res_sae_err_norms",
    "shape": "torch.Size([38400])",
    "min": 5.160641193389893,
    "max": 530.3892211914062,
    "mean": 22.763835906982422,
    "std": 45.640106201171875,
    "median": 17.28966522216797,
    "q1": 13.666913032531738,
    "q3": 22.302532196044922,
    "k": 1
}