{
    "layer": 9,
    "name": "res_sae_err_norms",
    "shape": "torch.Size([38400])",
    "min": 0.30782434344291687,
    "max": 79.12346649169922,
    "mean": 36.8765983581543,
    "std": 8.70567512512207,
    "median": 37.082340240478516,
    "q1": 31.895122528076172,
    "q3": 42.165802001953125,
    "k": 32
}