{
    "layer": 11,
    "name": "res_sae_err_norms",
    "shape": "torch.Size([38400])",
    "min": 0.9325716495513916,
    "max": 1309.48779296875,
    "mean": 101.87462615966797,
    "std": 108.61136627197266,
    "median": 93.923583984375,
    "q1": 83.02261352539062,
    "q3": 103.82511138916016,
    "k": 4
}