{
    "layer": 5,
    "name": "res_sae_err_norms",
    "shape": "torch.Size([38400])",
    "min": 0.22957579791545868,
    "max": 65.27752685546875,
    "mean": 22.260358810424805,
    "std": 7.056930065155029,
    "median": 21.333114624023438,
    "q1": 17.853042602539062,
    "q3": 25.5789852142334,
    "k": 8
}