{
    "layer": 5,
    "name": "res_sae_err_norms",
    "shape": "torch.Size([38400])",
    "min": 0.22957579791545868,
    "max": 47.80033493041992,
    "mean": 16.26552963256836,
    "std": 4.730224609375,
    "median": 15.683391571044922,
    "q1": 13.007246017456055,
    "q3": 18.984447479248047,
    "k": 128
}