{
    "layer": 9,
    "name": "res_sae_err_norms",
    "shape": "torch.Size([38400])",
    "min": 0.30782434344291687,
    "max": 71.53215789794922,
    "mean": 33.9864501953125,
    "std": 7.36629581451416,
    "median": 34.18374252319336,
    "q1": 29.830020904541016,
    "q3": 38.471336364746094,
    "k": 128
}