{
    "layer": 2,
    "name": "res_sae_err_norms",
    "shape": "torch.Size([38400])",
    "min": 2.434890031814575,
    "max": 45.1722412109375,
    "mean": 7.960087776184082,
    "std": 4.2502970695495605,
    "median": 6.645313262939453,
    "q1": 5.366700172424316,
    "q3": 8.985540390014648,
    "k": 16
}