{
    "layer": 11,
    "name": "res_sae_err_norms",
    "shape": "torch.Size([38400])",
    "min": 0.9325716495513916,
    "max": 119.032470703125,
    "mean": 60.363712310791016,
    "std": 13.29006290435791,
    "median": 61.54019546508789,
    "q1": 54.00440216064453,
    "q3": 68.64498138427734,
    "k": 32
}