{
    "layer": 2,
    "name": "res_sae_err_norms",
    "shape": "torch.Size([38400])",
    "min": 2.434890031814575,
    "max": 36.999629974365234,
    "mean": 7.688133239746094,
    "std": 3.630488157272339,
    "median": 6.5262556076049805,
    "q1": 5.330033779144287,
    "q3": 8.814001083374023,
    "k": 32
}