{
    "layer": 1,
    "name": "res_sae_err_norms",
    "shape": "torch.Size([38400])",
    "min": 0.7253054976463318,
    "max": 32.72794723510742,
    "mean": 6.203425884246826,
    "std": 3.3591253757476807,
    "median": 5.178707599639893,
    "q1": 4.395286560058594,
    "q3": 6.573353290557861,
    "k": 32
}