{
    "layer": 10,
    "name": "res_sae_err_norms",
    "shape": "torch.Size([38400])",
    "min": 4.529117584228516,
    "max": 97.14142608642578,
    "mean": 46.17610168457031,
    "std": 9.528534889221191,
    "median": 46.23413848876953,
    "q1": 41.20065689086914,
    "q3": 51.123085021972656,
    "k": 128
}