{
    "layer": 0,
    "name": "res_sae_err_norms",
    "shape": "torch.Size([38400])",
    "min": 0.02735155075788498,
    "max": 4.361049175262451,
    "mean": 0.2830972671508789,
    "std": 0.5399752855300903,
    "median": 0.12633147835731506,
    "q1": 0.11368630081415176,
    "q3": 0.15553279221057892,
    "k": 16
}