{
    "layer": 6,
    "name": "res_sae_err_norms",
    "shape": "torch.Size([38400])",
    "min": 0.33565589785575867,
    "max": 1494.3028564453125,
    "mean": 43.21236801147461,
    "std": 129.05055236816406,
    "median": 30.745899200439453,
    "q1": 26.28853988647461,
    "q3": 36.32561492919922,
    "k": 4
}