{
    "layer": 9,
    "name": "res_sae_err_norms",
    "shape": "torch.Size([38400])",
    "min": 0.30782434344291687,
    "max": 72.26905059814453,
    "mean": 34.2789421081543,
    "std": 7.5791015625,
    "median": 34.419456481933594,
    "q1": 29.964139938354492,
    "q3": 38.87105941772461,
    "k": 64
}