{
    "layer": 9,
    "name": "res_sae_err_norms",
    "shape": "torch.Size([38400])",
    "min": 0.30782434344291687,
    "max": 1420.269287109375,
    "mean": 67.60005950927734,
    "std": 120.57160949707031,
    "median": 56.87657928466797,
    "q1": 50.22443771362305,
    "q3": 64.09654998779297,
    "k": 4
}