{
    "layer": 1,
    "name": "res_sae_err_norms",
    "shape": "torch.Size([38400])",
    "min": 0.8295038342475891,
    "max": 51.77665328979492,
    "mean": 9.21056842803955,
    "std": 5.892357349395752,
    "median": 7.199750900268555,
    "q1": 5.486281394958496,
    "q3": 11.016179084777832,
    "k": 4
}