{
    "layer": 11,
    "name": "res_sae_err_norms",
    "shape": "torch.Size([38400])",
    "min": 0.9325716495513916,
    "max": 2606.357421875,
    "mean": 133.47544860839844,
    "std": 220.19020080566406,
    "median": 114.71907043457031,
    "q1": 104.3109359741211,
    "q3": 124.92698669433594,
    "k": 1
}