{
    "layer": 6,
    "name": "res_sae_err_norms",
    "shape": "torch.Size([38400])",
    "min": 0.33565589785575867,
    "max": 66.09990692138672,
    "mean": 22.791057586669922,
    "std": 7.05946683883667,
    "median": 22.00088119506836,
    "q1": 18.191152572631836,
    "q3": 26.454288482666016,
    "k": 16
}