{
    "layer": 10,
    "name": "res_sae_err_norms",
    "shape": "torch.Size([38400])",
    "min": 4.529117584228516,
    "max": 97.14142608642578,
    "mean": 46.2559814453125,
    "std": 9.58612060546875,
    "median": 46.286808013916016,
    "q1": 41.22010040283203,
    "q3": 51.27800750732422,
    "k": 64
}