{
    "layer": 3,
    "name": "res_sae_err_norms",
    "shape": "torch.Size([38400])",
    "min": 0.5207061767578125,
    "max": 45.94734573364258,
    "mean": 11.216876983642578,
    "std": 4.600924968719482,
    "median": 10.240474700927734,
    "q1": 8.124931335449219,
    "q3": 12.96455192565918,
    "k": 16
}