{
    "layer": 3,
    "name": "res_sae_err_norms",
    "shape": "torch.Size([38400])",
    "min": 0.5207061767578125,
    "max": 39.792606353759766,
    "mean": 10.600384712219238,
    "std": 3.9736781120300293,
    "median": 9.707220077514648,
    "q1": 7.7670135498046875,
    "q3": 12.408239364624023,
    "k": 32
}