{
    "layer": 7,
    "name": "res_sae_err_norms",
    "shape": "torch.Size([38400])",
    "min": 0.3436371088027954,
    "max": 1179.6318359375,
    "mean": 46.98127746582031,
    "std": 100.91766357421875,
    "median": 37.07913589477539,
    "q1": 32.48292541503906,
    "q3": 42.91261672973633,
    "k": 4
}