{
    "layer": 11,
    "name": "res_sae_err_norms",
    "shape": "torch.Size([38400])",
    "min": 0.9325716495513916,
    "max": 165.9973602294922,
    "mean": 79.51652526855469,
    "std": 17.774599075317383,
    "median": 81.43980407714844,
    "q1": 71.1137466430664,
    "q3": 90.65288543701172,
    "k": 8
}