{
    "layer": 0,
    "name": "res_sae_err_norms",
    "shape": "torch.Size([38400])",
    "min": 0.02735155075788498,
    "max": 3.03064227104187,
    "mean": 0.25499168038368225,
    "std": 0.4233732223510742,
    "median": 0.12629978358745575,
    "q1": 0.11365111172199249,
    "q3": 0.15543290972709656,
    "k": 128
}