{
    "layer": 9,
    "name": "res_sae_err_norms",
    "shape": "torch.Size([38400])",
    "min": 0.30782434344291687,
    "max": 90.22911071777344,
    "mean": 42.174278259277344,
    "std": 10.21368408203125,
    "median": 42.4535026550293,
    "q1": 36.516204833984375,
    "q3": 48.28308868408203,
    "k": 16
}