{
    "layer": 2,
    "name": "res_sae_err_norms",
    "shape": "torch.Size([38400])",
    "min": 3.4375603199005127,
    "max": 425.2016906738281,
    "mean": 18.331615447998047,
    "std": 36.7692985534668,
    "median": 13.47595500946045,
    "q1": 10.194364547729492,
    "q3": 18.458431243896484,
    "k": 2
}