{
    "layer": 6,
    "name": "res_sae_err_norms",
    "shape": "torch.Size([38400])",
    "min": 0.33565589785575867,
    "max": 383.32342529296875,
    "mean": 29.772480010986328,
    "std": 32.36442565917969,
    "median": 26.041114807128906,
    "q1": 21.82329750061035,
    "q3": 31.194231033325195,
    "k": 8
}