{
    "layer": 3,
    "name": "res_sae_err_norms",
    "shape": "torch.Size([38400])",
    "min": 0.5207061767578125,
    "max": 242.28370666503906,
    "mean": 15.216612815856934,
    "std": 20.876195907592773,
    "median": 12.426580429077148,
    "q1": 9.784339904785156,
    "q3": 15.617522239685059,
    "k": 8
}