{
    "layer": 5,
    "name": "res_sae_err_norms",
    "shape": "torch.Size([38400])",
    "min": 0.22957579791545868,
    "max": 55.037757873535156,
    "mean": 18.722583770751953,
    "std": 6.129096031188965,
    "median": 17.88111114501953,
    "q1": 14.789423942565918,
    "q3": 21.641948699951172,
    "k": 16
}