{
    "layer": 11,
    "name": "res_sae_err_norms",
    "shape": "torch.Size([38400])",
    "min": 0.9325716495513916,
    "max": 2153.912109375,
    "mean": 120.01527404785156,
    "std": 181.40078735351562,
    "median": 105.21512603759766,
    "q1": 94.45836639404297,
    "q3": 115.46680450439453,
    "k": 2
}