{
    "layer": 1,
    "name": "res_sae_err_norms",
    "shape": "torch.Size([38400])",
    "min": 4.033437728881836,
    "max": 107.22817993164062,
    "mean": 15.99162769317627,
    "std": 11.017997741699219,
    "median": 13.481072425842285,
    "q1": 10.047197341918945,
    "q3": 18.583370208740234,
    "k": 1
}