{
    "layer": 8,
    "name": "res_sae_err_norms",
    "shape": "torch.Size([38400])",
    "min": 0.35191529989242554,
    "max": 64.61482238769531,
    "mean": 27.879573822021484,
    "std": 6.564244270324707,
    "median": 27.631906509399414,
    "q1": 23.993816375732422,
    "q3": 31.73729705810547,
    "k": 64
}