{
    "layer": 7,
    "name": "res_sae_err_norms",
    "shape": "torch.Size([38400])",
    "min": 0.3436371088027954,
    "max": 1990.555419921875,
    "mean": 58.90293502807617,
    "std": 171.67420959472656,
    "median": 42.700626373291016,
    "q1": 37.83119201660156,
    "q3": 48.99072265625,
    "k": 2
}