{
    "layer": 2,
    "name": "res_sae_err_norms",
    "shape": "torch.Size([38400])",
    "min": 2.9041786193847656,
    "max": 233.301513671875,
    "mean": 13.632293701171875,
    "std": 20.477632522583008,
    "median": 10.276066780090332,
    "q1": 7.559635639190674,
    "q3": 14.517241477966309,
    "k": 4
}