{
    "layer": 1,
    "name": "res_sae_err_norms",
    "shape": "torch.Size([38400])",
    "min": 0.7253054976463318,
    "max": 40.14884567260742,
    "mean": 6.3583083152771,
    "std": 3.9066920280456543,
    "median": 5.196780681610107,
    "q1": 4.402020454406738,
    "q3": 6.609428882598877,
    "k": 16
}