{
    "layer": 6,
    "name": "res_sae_err_norms",
    "shape": "torch.Size([38400])",
    "min": 0.33565589785575867,
    "max": 60.13357925415039,
    "mean": 20.196002960205078,
    "std": 5.883484363555908,
    "median": 19.54107666015625,
    "q1": 16.26536750793457,
    "q3": 23.365829467773438,
    "k": 32
}