{
    "layer": 6,
    "name": "res_sae_err_norms",
    "shape": "torch.Size([38400])",
    "min": 0.33565589785575867,
    "max": 2575.729248046875,
    "mean": 61.78289031982422,
    "std": 223.27609252929688,
    "median": 40.94669723510742,
    "q1": 35.85828399658203,
    "q3": 47.49897003173828,
    "k": 1
}