{
    "layer": 7,
    "name": "res_sae_err_norms",
    "shape": "torch.Size([38400])",
    "min": 0.3436371088027954,
    "max": 76.58993530273438,
    "mean": 32.47706604003906,
    "std": 8.587299346923828,
    "median": 31.651309967041016,
    "q1": 27.27775001525879,
    "q3": 36.89884948730469,
    "k": 8
}