{
    "layer": 10,
    "name": "res_sae_err_norms",
    "shape": "torch.Size([38400])",
    "min": 4.529117584228516,
    "max": 2043.2447509765625,
    "mean": 95.16044616699219,
    "std": 173.41819763183594,
    "median": 80.66710662841797,
    "q1": 72.10697937011719,
    "q3": 88.73170471191406,
    "k": 2
}