{
    "layer": 10,
    "name": "res_sae_err_norms",
    "shape": "torch.Size([38400])",
    "min": 4.529117584228516,
    "max": 127.7286605834961,
    "mean": 61.95586013793945,
    "std": 14.09310245513916,
    "median": 62.375267028808594,
    "q1": 54.454795837402344,
    "q3": 69.88691711425781,
    "k": 8
}