{
    "layer": 0,
    "name": "res_sae_err_norms",
    "shape": "torch.Size([38400])",
    "min": 0.02735155075788498,
    "max": 4.704793453216553,
    "mean": 0.3667295575141907,
    "std": 0.62482750415802,
    "median": 0.1533515900373459,
    "q1": 0.12055749446153641,
    "q3": 0.27678734064102173,
    "k": 8
}