{
    "layer": 4,
    "name": "res_sae_err_norms",
    "shape": "torch.Size([38400])",
    "min": 0.27778369188308716,
    "max": 1924.44921875,
    "mean": 40.883853912353516,
    "std": 167.2989044189453,
    "median": 24.975358963012695,
    "q1": 21.32492446899414,
    "q3": 29.768917083740234,
    "k": 2
}