{
    "layer": 5,
    "name": "res_sae_err_norms",
    "shape": "torch.Size([38400])",
    "min": 0.22957579791545868,
    "max": 1742.8104248046875,
    "mean": 44.670509338378906,
    "std": 150.89212036132812,
    "median": 30.364051818847656,
    "q1": 26.408620834350586,
    "q3": 35.3430290222168,
    "k": 2
}