{
    "layer": 7,
    "name": "res_sae_err_norms",
    "shape": "torch.Size([38400])",
    "min": 0.3541255295276642,
    "max": 2467.353759765625,
    "mean": 68.16709899902344,
    "std": 213.12765502929688,
    "median": 48.26005172729492,
    "q1": 42.97465133666992,
    "q3": 55.20903778076172,
    "k": 1
}