{
    "layer": 2,
    "name": "res_sae_err_norms",
    "shape": "torch.Size([38400])",
    "min": 2.895287036895752,
    "max": 50.12965393066406,
    "mean": 9.417356491088867,
    "std": 5.383961200714111,
    "median": 7.906959056854248,
    "q1": 5.9356889724731445,
    "q3": 10.917098045349121,
    "k": 8
}