{
    "layer": 11,
    "name": "res_sae_err_norms",
    "shape": "torch.Size([38400])",
    "min": 0.9325716495513916,
    "max": 140.7816619873047,
    "mean": 68.33609008789062,
    "std": 15.632685661315918,
    "median": 69.93399810791016,
    "q1": 60.857872009277344,
    "q3": 78.14293670654297,
    "k": 16
}