{
    "layer": 4,
    "name": "res_sae_err_norms",
    "shape": "torch.Size([38400])",
    "min": 0.27778369188308716,
    "max": 2318.08349609375,
    "mean": 48.37138748168945,
    "std": 201.55340576171875,
    "median": 29.37677764892578,
    "q1": 25.405445098876953,
    "q3": 34.75108337402344,
    "k": 1
}