{
    "layer": 10,
    "name": "res_sae_err_norms",
    "shape": "torch.Size([38400])",
    "min": 4.531312942504883,
    "max": 2538.02880859375,
    "mean": 107.37299346923828,
    "std": 216.11402893066406,
    "median": 88.8474349975586,
    "q1": 80.61217498779297,
    "q3": 96.73945617675781,
    "k": 1
}