{
    "layer": 8,
    "name": "res_sae_err_norms",
    "shape": "torch.Size([38400])",
    "min": 0.35191529989242554,
    "max": 69.32117462158203,
    "mean": 29.730087280273438,
    "std": 7.511155128479004,
    "median": 29.38298988342285,
    "q1": 25.23225212097168,
    "q3": 34.005802154541016,
    "k": 32
}