{
    "layer": 8,
    "name": "res_sae_err_norms",
    "shape": "torch.Size([38400])",
    "min": 0.35191529989242554,
    "max": 2109.6689453125,
    "mean": 68.83053588867188,
    "std": 181.41580200195312,
    "median": 51.93684387207031,
    "q1": 46.07170104980469,
    "q3": 59.083396911621094,
    "k": 2
}