{
    "layer": 0,
    "name": "res_sae_err_norms",
    "shape": "torch.Size([38400])",
    "min": 0.18231791257858276,
    "max": 7.850847244262695,
    "mean": 1.8693591356277466,
    "std": 1.121799349784851,
    "median": 1.6095513105392456,
    "q1": 1.0640156269073486,
    "q3": 2.4055817127227783,
    "k": 1
}