{
    "layer": 2,
    "name": "res_sae_err_norms",
    "shape": "torch.Size([38400])",
    "min": 2.434890031814575,
    "max": 33.271488189697266,
    "mean": 7.663498401641846,
    "std": 3.529299736022949,
    "median": 6.5262556076049805,
    "q1": 5.330033779144287,
    "q3": 8.814001083374023,
    "k": 128
}