{
    "layer": 10,
    "name": "res_sae_err_norms",
    "shape": "torch.Size([38400])",
    "min": 4.529117584228516,
    "max": 1160.3446044921875,
    "mean": 79.1634750366211,
    "std": 96.90686798095703,
    "median": 71.49102783203125,
    "q1": 63.12721252441406,
    "q3": 79.60981750488281,
    "k": 4
}