{
    "layer": 7,
    "name": "res_sae_err_norms",
    "shape": "torch.Size([38400])",
    "min": 0.3436371088027954,
    "max": 60.272457122802734,
    "mean": 23.21363639831543,
    "std": 5.531651496887207,
    "median": 22.782371520996094,
    "q1": 19.607627868652344,
    "q3": 26.44210433959961,
    "k": 64
}