{
    "layer": 7,
    "name": "res_sae_err_norms",
    "shape": "torch.Size([38400])",
    "min": 0.3436371088027954,
    "max": 60.103397369384766,
    "mean": 23.163454055786133,
    "std": 5.4613423347473145,
    "median": 22.760791778564453,
    "q1": 19.598148345947266,
    "q3": 26.40973663330078,
    "k": 99999999
}