{
    "layer": 8,
    "name": "res_sae_err_norms",
    "shape": "torch.Size([38400])",
    "min": 0.35191529989242554,
    "max": 2575.82275390625,
    "mean": 78.65702819824219,
    "std": 221.86228942871094,
    "median": 58.10274124145508,
    "q1": 52.07795715332031,
    "q3": 65.64087677001953,
    "k": 1
}