{
    "layer": 7,
    "name": "res_sae_err_norms",
    "shape": "torch.Size([38400])",
    "min": 0.3436371088027954,
    "max": 60.103397369384766,
    "mean": 23.163427352905273,
    "std": 5.461236000061035,
    "median": 22.760791778564453,
    "q1": 19.598148345947266,
    "q3": 26.40973663330078,
    "k": 128
}