{
    "layer": 6,
    "name": "res_sae_err_norms",
    "shape": "torch.Size([38400])",
    "min": 0.33565589785575867,
    "max": 2173.76904296875,
    "mean": 53.54054641723633,
    "std": 188.35720825195312,
    "median": 35.8041877746582,
    "q1": 31.104305267333984,
    "q3": 41.849151611328125,
    "k": 2
}