{
    "layer": 4,
    "name": "res_sae_err_norms",
    "shape": "torch.Size([38400])",
    "min": 0.27778369188308716,
    "max": 1193.193359375,
    "mean": 30.89029312133789,
    "std": 103.36587524414062,
    "median": 20.646974563598633,
    "q1": 17.192825317382812,
    "q3": 25.14954948425293,
    "k": 4
}