{
    "layer": 6,
    "name": "res_sae_err_norms",
    "shape": "torch.Size([38400])",
    "min": 0.33565589785575867,
    "max": 56.6121826171875,
    "mean": 19.459739685058594,
    "std": 5.275128364562988,
    "median": 18.97509765625,
    "q1": 15.876392364501953,
    "q3": 22.544246673583984,
    "k": 64
}