{
    "layer": 5,
    "name": "res_sae_err_norms",
    "shape": "torch.Size([38400])",
    "min": 0.22957579791545868,
    "max": 878.2848510742188,
    "mean": 33.356536865234375,
    "std": 75.34599304199219,
    "median": 25.697311401367188,
    "q1": 22.028095245361328,
    "q3": 30.36078643798828,
    "k": 4
}