{
    "layer": 8,
    "name": "res_sae_err_norms",
    "shape": "torch.Size([38400])",
    "min": 0.35191529989242554,
    "max": 63.975433349609375,
    "mean": 27.73187828063965,
    "std": 6.424685955047607,
    "median": 27.526992797851562,
    "q1": 23.94135856628418,
    "q3": 31.571632385253906,
    "k": 99999999
}