{
    "layer": 3,
    "name": "res_sae_err_norms",
    "shape": "torch.Size([38400])",
    "min": 0.5207061767578125,
    "max": 2144.685546875,
    "mean": 41.179473876953125,
    "std": 186.78892517089844,
    "median": 23.282167434692383,
    "q1": 19.9300537109375,
    "q3": 28.084274291992188,
    "k": 1
}