{
    "layer": 4,
    "name": "res_sae_err_norms",
    "shape": "torch.Size([38400])",
    "min": 0.27778369188308716,
    "max": 46.211936950683594,
    "mean": 13.715384483337402,
    "std": 4.5943756103515625,
    "median": 12.845319747924805,
    "q1": 10.491562843322754,
    "q3": 16.072643280029297,
    "k": 32
}