{
    "layer": 10,
    "name": "res_sae_err_norms",
    "shape": "torch.Size([38400])",
    "min": 4.529117584228516,
    "max": 97.14142608642578,
    "mean": 48.17976379394531,
    "std": 10.369927406311035,
    "median": 48.322261810302734,
    "q1": 42.55662155151367,
    "q3": 53.86732482910156,
    "k": 32
}