{
    "layer": 7,
    "name": "res_sae_err_norms",
    "shape": "torch.Size([38400])",
    "min": 0.3436371088027954,
    "max": 63.014888763427734,
    "mean": 24.376676559448242,
    "std": 6.2631025314331055,
    "median": 23.7810115814209,
    "q1": 20.343393325805664,
    "q3": 27.812620162963867,
    "k": 32
}