{
    "layer": 4,
    "name": "res_sae_err_norms",
    "shape": "torch.Size([38400])",
    "min": 0.27778369188308716,
    "max": 44.083160400390625,
    "mean": 13.595312118530273,
    "std": 4.379998207092285,
    "median": 12.798296928405762,
    "q1": 10.46675968170166,
    "q3": 16.003503799438477,
    "k": 99999999
}