{
    "layer": 10,
    "name": "res_sae_err_norms",
    "shape": "torch.Size([38400])",
    "min": 4.529117584228516,
    "max": 111.8960952758789,
    "mean": 53.67716979980469,
    "std": 11.865702629089355,
    "median": 54.14639663696289,
    "q1": 47.18983459472656,
    "q3": 60.65669250488281,
    "k": 16
}