{
    "layer": 1,
    "name": "res_sae_err_norms",
    "shape": "torch.Size([38400])",
    "min": 0.7253054976463318,
    "max": 30.22572898864746,
    "mean": 6.185185432434082,
    "std": 3.2753548622131348,
    "median": 5.178707599639893,
    "q1": 4.395286560058594,
    "q3": 6.573353290557861,
    "k": 99999999
}