{
    "layer": 3,
    "name": "res_sae_err_norms",
    "shape": "torch.Size([38400])",
    "min": 0.5207061767578125,
    "max": 1767.8980712890625,
    "mean": 34.3032112121582,
    "std": 153.97410583496094,
    "median": 19.423601150512695,
    "q1": 16.260347366333008,
    "q3": 23.73994255065918,
    "k": 2
}