{
    "layer": 3,
    "name": "res_sae_err_norms",
    "shape": "torch.Size([38400])",
    "min": 0.5207061767578125,
    "max": 1189.6246337890625,
    "mean": 26.000059127807617,
    "std": 103.43729400634766,
    "median": 15.661492347717285,
    "q1": 12.709528923034668,
    "q3": 19.571870803833008,
    "k": 4
}