{
    "layer": 0,
    "name": "res_sae_err_norms",
    "shape": "torch.Size([38400])",
    "min": 0.02735155075788498,
    "max": 3.847989320755005,
    "mean": 0.26486578583717346,
    "std": 0.4678700566291809,
    "median": 0.12629978358745575,
    "q1": 0.11365111172199249,
    "q3": 0.15543290972709656,
    "k": 32
}