{
    "layer": 4,
    "name": "res_sae_err_norms",
    "shape": "torch.Size([38400])",
    "min": 0.27778369188308716,
    "max": 51.736732482910156,
    "mean": 14.901549339294434,
    "std": 5.387684345245361,
    "median": 13.899704933166504,
    "q1": 11.280426979064941,
    "q3": 17.391502380371094,
    "k": 16
}