{
    "layer": 0,
    "name": "res_sae_err_norms",
    "shape": "torch.Size([38400])",
    "min": 0.11321321129798889,
    "max": 6.2212958335876465,
    "mean": 1.3588625192642212,
    "std": 1.009943962097168,
    "median": 1.1075443029403687,
    "q1": 0.6186454892158508,
    "q3": 1.7968199253082275,
    "k": 2
}