{
    "layer": 5,
    "name": "res_sae_err_norms",
    "shape": "torch.Size([38400])",
    "min": 0.22957579791545868,
    "max": 2262.1875,
    "mean": 53.39582443237305,
    "std": 196.17398071289062,
    "median": 35.04226303100586,
    "q1": 30.70069122314453,
    "q3": 40.6261100769043,
    "k": 1
}