{
    "layer": 8,
    "name": "res_sae_err_norms",
    "shape": "torch.Size([38400])",
    "min": 0.35191529989242554,
    "max": 1231.4522705078125,
    "mean": 55.58073043823242,
    "std": 104.85247802734375,
    "median": 45.588401794433594,
    "q1": 39.98406219482422,
    "q3": 52.24577713012695,
    "k": 4
}