{
    "layer": 4,
    "name": "res_sae_err_norms",
    "shape": "torch.Size([38400])",
    "min": 0.27778369188308716,
    "max": 60.259944915771484,
    "mean": 18.15313148498535,
    "std": 7.285348415374756,
    "median": 16.826929092407227,
    "q1": 13.623573303222656,
    "q3": 20.80652618408203,
    "k": 8
}