{
    "layer": 3,
    "name": "res_sae_err_norms",
    "shape": "torch.Size([38400])",
    "min": 0.5207061767578125,
    "max": 37.79594802856445,
    "mean": 10.560964584350586,
    "std": 3.8560636043548584,
    "median": 9.7036714553833,
    "q1": 7.765944004058838,
    "q3": 12.403215408325195,
    "k": 64
}