{
    "layer": 5,
    "name": "res_sae_err_norms",
    "shape": "torch.Size([38400])",
    "min": 0.22957579791545868,
    "max": 49.856910705566406,
    "mean": 16.691448211669922,
    "std": 5.160574913024902,
    "median": 15.972762107849121,
    "q1": 13.2228422164917,
    "q3": 19.34856414794922,
    "k": 32
}