{
    "layer": 8,
    "name": "res_sae_err_norms",
    "shape": "torch.Size([38400])",
    "min": 0.35191529989242554,
    "max": 85.0950927734375,
    "mean": 39.6920280456543,
    "std": 10.087360382080078,
    "median": 39.21070098876953,
    "q1": 33.91053009033203,
    "q3": 45.18415069580078,
    "k": 8
}