{
    "layer": 0,
    "name": "res_sae_err_norms",
    "shape": "torch.Size([38400])",
    "min": 0.06286901980638504,
    "max": 5.007932186126709,
    "mean": 0.7653939723968506,
    "std": 0.7959257364273071,
    "median": 0.501234769821167,
    "q1": 0.20889344811439514,
    "q3": 0.9599888920783997,
    "k": 4
}