{
    "layer": 9,
    "name": "res_sae_err_norms",
    "shape": "torch.Size([38400])",
    "min": 0.30782434344291687,
    "max": 2236.5908203125,
    "mean": 81.40005493164062,
    "std": 191.6000213623047,
    "median": 64.30958557128906,
    "q1": 57.52277374267578,
    "q3": 71.76388549804688,
    "k": 2
}