{
    "layer": 11,
    "name": "res_sae_err_norms",
    "shape": "torch.Size([38400])",
    "min": 0.9325716495513916,
    "max": 104.1929702758789,
    "mean": 57.01179504394531,
    "std": 11.870265007019043,
    "median": 57.96342849731445,
    "q1": 51.48399353027344,
    "q3": 64.15507507324219,
    "k": 128
}