{
    "layer": 1,
    "name": "res_sae_err_norms",
    "shape": "torch.Size([38400])",
    "min": 0.7253054976463318,
    "max": 46.43324279785156,
    "mean": 7.139194488525391,
    "std": 4.8569254875183105,
    "median": 5.647141456604004,
    "q1": 4.578342437744141,
    "q3": 7.696864604949951,
    "k": 8
}