{
    "layer": 1,
    "name": "res_sae_err_norms",
    "shape": "torch.Size([38400])",
    "min": 0.8413974642753601,
    "max": 60.38505554199219,
    "mean": 12.349947929382324,
    "std": 8.040465354919434,
    "median": 9.86008358001709,
    "q1": 7.276196002960205,
    "q3": 14.766871452331543,
    "k": 2
}