{
    "layer": 5,
    "name": "res_sae_err_norms",
    "shape": "torch.Size([38400])",
    "min": 0.22957579791545868,
    "max": 47.8237190246582,
    "mean": 16.2735652923584,
    "std": 4.749268054962158,
    "median": 15.68356990814209,
    "q1": 13.007246017456055,
    "q3": 18.985483169555664,
    "k": 64
}