{
    "layer": 7,
    "name": "res_sae_err_norms",
    "shape": "torch.Size([38400])",
    "min": 0.3436371088027954,
    "max": 67.4587631225586,
    "mean": 27.69985008239746,
    "std": 7.505507469177246,
    "median": 27.004941940307617,
    "q1": 23.00459861755371,
    "q3": 31.67635154724121,
    "k": 16
}