{
    "layer": 6,
    "name": "res_sae_err_norms",
    "shape": "torch.Size([38400])",
    "min": 0.33565589785575867,
    "max": 56.54998016357422,
    "mean": 19.4360408782959,
    "std": 5.231057167053223,
    "median": 18.97078514099121,
    "q1": 15.874529838562012,
    "q3": 22.536840438842773,
    "k": 128
}