{
    "layer": 9,
    "name": "res_sae_variance_explained",
    "shape": "torch.Size([128000])",
    "min": 0.32848674058914185,
    "max": 0.9999912977218628,
    "mean": 0.7707808613777161,
    "std": 0.09359792619943619,
    "median": 0.7730552554130554,
    "q1": 0.7123938202857971,
    "q3": 0.8315457701683044,
    "k": 16
}