{
    "layer": 7,
    "name": "res_sae_variance_explained",
    "shape": "torch.Size([128000])",
    "min": 0.24320805072784424,
    "max": 0.9999790787696838,
    "mean": 0.7567377686500549,
    "std": 0.11053601652383804,
    "median": 0.7671451568603516,
    "q1": 0.6945352554321289,
    "q3": 0.8319540023803711,
    "k": 8
}