{
    "layer": 5,
    "name": "res_sae_variance_explained",
    "shape": "torch.Size([128000])",
    "min": 0.09714645147323608,
    "max": 0.9999843239784241,
    "mean": 0.7483205199241638,
    "std": 0.11938703060150146,
    "median": 0.7651865482330322,
    "q1": 0.6886678338050842,
    "q3": 0.8304659128189087,
    "k": 4
}