{
    "layer": 10,
    "name": "res_sae_variance_explained",
    "shape": "torch.Size([128000])",
    "min": 0.31686586141586304,
    "max": 0.9989984631538391,
    "mean": 0.8189831376075745,
    "std": 0.06015936657786369,
    "median": 0.8198909759521484,
    "q1": 0.782852292060852,
    "q3": 0.8543592691421509,
    "k": 99999999
}