{
    "layer": 9,
    "name": "res_sae_variance_explained",
    "shape": "torch.Size([128000])",
    "min": -0.05909872055053711,
    "max": 0.9999766945838928,
    "mean": 0.3687197268009186,
    "std": 0.16153556108474731,
    "median": 0.3442085385322571,
    "q1": 0.25166070461273193,
    "q3": 0.4666772484779358,
    "k": 1
}