{
    "layer": 11,
    "name": "res_sae_variance_explained",
    "shape": "torch.Size([128000])",
    "min": 0.3235121965408325,
    "max": 0.9999954700469971,
    "mean": 0.8131130337715149,
    "std": 0.0668267011642456,
    "median": 0.8134737610816956,
    "q1": 0.7726829648017883,
    "q3": 0.8522740602493286,
    "k": 128
}