{
    "layer": 5,
    "name": "res_sae_variance_explained",
    "shape": "torch.Size([128000])",
    "min": 0.23184514045715332,
    "max": 0.9999973773956299,
    "mean": 0.8215510249137878,
    "std": 0.09525306522846222,
    "median": 0.8369500041007996,
    "q1": 0.7794959545135498,
    "q3": 0.8843638896942139,
    "k": 8
}