{
    "layer": 6,
    "name": "res_sae_variance_explained",
    "shape": "torch.Size([128000])",
    "min": 0.5867375135421753,
    "max": 0.9999898076057434,
    "mean": 0.8931279182434082,
    "std": 0.045780617743730545,
    "median": 0.8979853987693787,
    "q1": 0.8690494894981384,
    "q3": 0.9229114055633545,
    "k": 99999999
}