{
    "layer": 4,
    "name": "res_sae_variance_explained",
    "shape": "torch.Size([128000])",
    "min": 0.5705705881118774,
    "max": 0.9999808669090271,
    "mean": 0.9190679788589478,
    "std": 0.04453844949603081,
    "median": 0.9279952049255371,
    "q1": 0.903278112411499,
    "q3": 0.9467103481292725,
    "k": 32
}