{
    "layer": 6,
    "name": "res_sae_variance_explained",
    "shape": "torch.Size([128000])",
    "min": 0.2119157314300537,
    "max": 0.9999671578407288,
    "mean": 0.7906394004821777,
    "std": 0.10527019202709198,
    "median": 0.8043153882026672,
    "q1": 0.7386325001716614,
    "q3": 0.862421989440918,
    "k": 8
}