{
    "layer": 9,
    "name": "res_sae_variance_explained",
    "shape": "torch.Size([128000])",
    "min": 0.1872057318687439,
    "max": 0.9999822974205017,
    "mean": 0.6899327039718628,
    "std": 0.12199925631284714,
    "median": 0.6901541352272034,
    "q1": 0.6099108457565308,
    "q3": 0.7711678147315979,
    "k": 8
}