{
    "layer": 9,
    "name": "res_sae_variance_explained",
    "shape": "torch.Size([128000])",
    "min": -0.005655765533447266,
    "max": 0.9999822974205017,
    "mean": 0.479550838470459,
    "std": 0.1586376279592514,
    "median": 0.46892809867858887,
    "q1": 0.36384478211402893,
    "q3": 0.5855491161346436,
    "k": 2
}