{
    "layer": 6,
    "name": "res_sae_variance_explained",
    "shape": "torch.Size([128000])",
    "min": -0.024861812591552734,
    "max": 0.9999671578407288,
    "mean": 0.6159445643424988,
    "std": 0.15022940933704376,
    "median": 0.6252084970474243,
    "q1": 0.5217721462249756,
    "q3": 0.7231175899505615,
    "k": 2
}