{
    "layer": 11,
    "name": "res_sae_variance_explained",
    "shape": "torch.Size([128000])",
    "min": -0.030881285667419434,
    "max": 0.9999232292175293,
    "mean": 0.2913025915622711,
    "std": 0.1505417376756668,
    "median": 0.25951993465423584,
    "q1": 0.18394409120082855,
    "q3": 0.365695983171463,
    "k": 1
}