{
    "layer": 1,
    "name": "res_sae_variance_explained",
    "shape": "torch.Size([128000])",
    "min": 0.08208781480789185,
    "max": 0.9994512796401978,
    "mean": 0.9016969203948975,
    "std": 0.1063714474439621,
    "median": 0.9342639446258545,
    "q1": 0.8932870626449585,
    "q3": 0.9553592801094055,
    "k": 4
}