{
    "layer": 10,
    "name": "res_sae_variance_explained",
    "shape": "torch.Size([128000])",
    "min": -0.08261919021606445,
    "max": 0.9974091649055481,
    "mean": 0.33606916666030884,
    "std": 0.1578018069267273,
    "median": 0.3077377676963806,
    "q1": 0.21907952427864075,
    "q3": 0.42491453886032104,
    "k": 1
}