{
    "layer": 10,
    "name": "res_sae_variance_explained",
    "shape": "torch.Size([128000])",
    "min": 0.0988035798072815,
    "max": 0.9974091649055481,
    "mean": 0.5660740733146667,
    "std": 0.14532767236232758,
    "median": 0.5558398962020874,
    "q1": 0.4615107774734497,
    "q3": 0.6618916988372803,
    "k": 4
}