{
    "layer": 10,
    "name": "res_sae_variance_explained",
    "shape": "torch.Size([128000])",
    "min": 0.2262481451034546,
    "max": 0.9982684254646301,
    "mean": 0.6704071760177612,
    "std": 0.1222151666879654,
    "median": 0.6656794548034668,
    "q1": 0.5879663825035095,
    "q3": 0.7484786510467529,
    "k": 8
}