{
    "layer": 7,
    "name": "res_sae_variance_explained",
    "shape": "torch.Size([128000])",
    "min": -0.08142852783203125,
    "max": 0.9999682903289795,
    "mean": 0.464137464761734,
    "std": 0.1640680432319641,
    "median": 0.4544866681098938,
    "q1": 0.3480042815208435,
    "q3": 0.5745570659637451,
    "k": 1
}