{
    "layer": 3,
    "name": "res_sae_variance_explained",
    "shape": "torch.Size([128000])",
    "min": 0.5587539672851562,
    "max": 0.9999802112579346,
    "mean": 0.9384428858757019,
    "std": 0.03776409104466438,
    "median": 0.9475110173225403,
    "q1": 0.9283431768417358,
    "q3": 0.9606139063835144,
    "k": 32
}