{
    "layer": 8,
    "name": "res_sae_variance_explained",
    "shape": "torch.Size([128000])",
    "min": 0.19852858781814575,
    "max": 0.9999945759773254,
    "mean": 0.7236146926879883,
    "std": 0.11761146783828735,
    "median": 0.729772686958313,
    "q1": 0.6514629125595093,
    "q3": 0.8037387132644653,
    "k": 8
}