{
    "layer": 8,
    "name": "res_sae_variance_explained",
    "shape": "torch.Size([128000])",
    "min": 0.07648992538452148,
    "max": 0.9999722838401794,
    "mean": 0.6308906078338623,
    "std": 0.1416160762310028,
    "median": 0.6372984647750854,
    "q1": 0.5369914770126343,
    "q3": 0.7309924960136414,
    "k": 4
}