{
    "layer": 5,
    "name": "res_sae_variance_explained",
    "shape": "torch.Size([128000])",
    "min": 0.6087855100631714,
    "max": 0.9999973773956299,
    "mean": 0.9069312810897827,
    "std": 0.04271140322089195,
    "median": 0.9130123257637024,
    "q1": 0.8868523240089417,
    "q3": 0.9346141815185547,
    "k": 64
}