{
    "layer": 10,
    "name": "res_sae_variance_explained",
    "shape": "torch.Size([128000])",
    "min": -0.03943908214569092,
    "max": 0.9974091649055481,
    "mean": 0.4502335488796234,
    "std": 0.15772537887096405,
    "median": 0.4326459765434265,
    "q1": 0.3322224020957947,
    "q3": 0.553307294845581,
    "k": 2
}