{
    "layer": 5,
    "name": "res_sae_variance_explained",
    "shape": "torch.Size([128000])",
    "min": 0.6087855100631714,
    "max": 0.9999973773956299,
    "mean": 0.9070776700973511,
    "std": 0.042332231998443604,
    "median": 0.9130139946937561,
    "q1": 0.8868705034255981,
    "q3": 0.9346121549606323,
    "k": 99999999
}