{
    "layer": 0,
    "name": "res_sae_variance_explained",
    "shape": "torch.Size([128000])",
    "min": 0.542406439781189,
    "max": 0.9999914765357971,
    "mean": 0.9844174981117249,
    "std": 0.050579722970724106,
    "median": 0.998249351978302,
    "q1": 0.9974856376647949,
    "q3": 0.9986962080001831,
    "k": 128
}