{
    "layer": 9,
    "name": "res_sae_variance_explained",
    "shape": "torch.Size([128000])",
    "min": 0.508762538433075,
    "max": 0.9999912977218628,
    "mean": 0.8536607623100281,
    "std": 0.051947351545095444,
    "median": 0.8553280234336853,
    "q1": 0.8222200274467468,
    "q3": 0.8856754302978516,
    "k": 99999999
}