{
    "layer": 7,
    "name": "res_sae_variance_explained",
    "shape": "torch.Size([128000])",
    "min": -0.029292583465576172,
    "max": 0.9999701380729675,
    "mean": 0.571721076965332,
    "std": 0.15425898134708405,
    "median": 0.5755038261413574,
    "q1": 0.4696287214756012,
    "q3": 0.6806308031082153,
    "k": 2
}