{
    "layer": 11,
    "name": "res_sae_variance_explained",
    "shape": "torch.Size([128000])",
    "min": 0.3235121965408325,
    "max": 0.9999954700469971,
    "mean": 0.7905784845352173,
    "std": 0.07774592936038971,
    "median": 0.7898231148719788,
    "q1": 0.7407549023628235,
    "q3": 0.8377634286880493,
    "k": 32
}