{
    "layer": 1,
    "name": "res_sae_variance_explained",
    "shape": "torch.Size([128000])",
    "min": 0.5551879405975342,
    "max": 0.9999796152114868,
    "mean": 0.9551284909248352,
    "std": 0.03903375566005707,
    "median": 0.9662366509437561,
    "q1": 0.9527654647827148,
    "q3": 0.9747982025146484,
    "k": 128
}