{
    "layer": 11,
    "name": "res_sae_variance_explained",
    "shape": "torch.Size([128000])",
    "min": 0.02179241180419922,
    "max": 0.9999232292175293,
    "mean": 0.40416041016578674,
    "std": 0.15554633736610413,
    "median": 0.37970322370529175,
    "q1": 0.28894859552383423,
    "q3": 0.4968947768211365,
    "k": 2
}