{
    "layer": 1,
    "name": "res_sae_variance_explained",
    "shape": "torch.Size([128000])",
    "min": 0.5163187384605408,
    "max": 0.9999796152114868,
    "mean": 0.9546558260917664,
    "std": 0.04123973846435547,
    "median": 0.9662361741065979,
    "q1": 0.9527652859687805,
    "q3": 0.9747982025146484,
    "k": 32
}