{
    "layer": 10,
    "name": "res_sae_variance_explained",
    "shape": "torch.Size([128000])",
    "min": 0.3030787706375122,
    "max": 0.9989984631538391,
    "mean": 0.7519222497940063,
    "std": 0.09331564605236053,
    "median": 0.7515597343444824,
    "q1": 0.6917240619659424,
    "q3": 0.81085205078125,
    "k": 16
}