{
    "layer": 4,
    "name": "res_sae_variance_explained",
    "shape": "torch.Size([128000])",
    "min": 0.2529093027114868,
    "max": 0.9999706149101257,
    "mean": 0.8613748550415039,
    "std": 0.08352255076169968,
    "median": 0.8778635263442993,
    "q1": 0.8325655460357666,
    "q3": 0.9134237766265869,
    "k": 8
}