{
    "layer": 5,
    "name": "res_sae_variance_explained",
    "shape": "torch.Size([128000])",
    "min": -0.006426453590393066,
    "max": 0.9999843239784241,
    "mean": 0.6576551795005798,
    "std": 0.13987675309181213,
    "median": 0.6695588827133179,
    "q1": 0.578747034072876,
    "q3": 0.7561139464378357,
    "k": 2
}