{
    "layer": 11,
    "name": "res_sae_variance_explained",
    "shape": "torch.Size([128000])",
    "min": 0.28881800174713135,
    "max": 0.9999954700469971,
    "mean": 0.7318121790885925,
    "std": 0.10085432976484299,
    "median": 0.7287527322769165,
    "q1": 0.6643519401550293,
    "q3": 0.793452799320221,
    "k": 16
}