{
    "layer": 2,
    "name": "res_sae_variance_explained",
    "shape": "torch.Size([128000])",
    "min": 0.3974999785423279,
    "max": 0.9999443292617798,
    "mean": 0.9434680938720703,
    "std": 0.05507057532668114,
    "median": 0.9584621787071228,
    "q1": 0.9418029189109802,
    "q3": 0.969119668006897,
    "k": 16
}