{
    "layer": 11,
    "name": "res_sae_variance_explained",
    "shape": "torch.Size([128000])",
    "min": 0.3235121965408325,
    "max": 0.9999954700469971,
    "mean": 0.8131129741668701,
    "std": 0.06682662665843964,
    "median": 0.8134725093841553,
    "q1": 0.7726880311965942,
    "q3": 0.8522740602493286,
    "k": 99999999
}