{
    "layer": 8,
    "name": "res_sae_variance_explained",
    "shape": "torch.Size([128000])",
    "min": -0.04717659950256348,
    "max": 0.9999722838401794,
    "mean": 0.5258809924125671,
    "std": 0.158640056848526,
    "median": 0.5230269432067871,
    "q1": 0.4147406816482544,
    "q3": 0.6355263590812683,
    "k": 2
}