{
    "layer": 0,
    "name": "res_sae_variance_explained",
    "shape": "torch.Size([128000])",
    "min": 0.21186941862106323,
    "max": 0.9999914765357971,
    "mean": 0.976698637008667,
    "std": 0.08470004796981812,
    "median": 0.9982486963272095,
    "q1": 0.9974838495254517,
    "q3": 0.9986949563026428,
    "k": 16
}