{
    "layer": 9,
    "name": "res_sae_variance_explained",
    "shape": "torch.Size([128000])",
    "min": 0.508762538433075,
    "max": 0.9999912977218628,
    "mean": 0.8536590337753296,
    "std": 0.05195034667849541,
    "median": 0.855329692363739,
    "q1": 0.8222177624702454,
    "q3": 0.8856745362281799,
    "k": 128
}