{
    "layer": 6,
    "name": "res_sae_variance_explained",
    "shape": "torch.Size([128000])",
    "min": -0.1117868423461914,
    "max": 0.9999663233757019,
    "mean": 0.5100299119949341,
    "std": 0.1626420021057129,
    "median": 0.5065715312957764,
    "q1": 0.4041673243045807,
    "q3": 0.6218703985214233,
    "k": 1
}