{
    "layer": 7,
    "name": "res_sae_variance_explained",
    "shape": "torch.Size([128000])",
    "min": 0.48885881900787354,
    "max": 0.9999790787696838,
    "mean": 0.8646264672279358,
    "std": 0.05896313488483429,
    "median": 0.870582103729248,
    "q1": 0.8340685367584229,
    "q3": 0.9028213024139404,
    "k": 32
}