{
    "layer": 6,
    "name": "res_sae_variance_explained",
    "shape": "torch.Size([128000])",
    "min": 0.5011152029037476,
    "max": 0.9999898076057434,
    "mean": 0.8832960724830627,
    "std": 0.05626976862549782,
    "median": 0.8911902904510498,
    "q1": 0.8572521209716797,
    "q3": 0.9198333024978638,
    "k": 32
}