{
    "layer": 1,
    "name": "res_sae_variance_explained",
    "shape": "torch.Size([128000])",
    "min": 0.23892241716384888,
    "max": 0.9999796152114868,
    "mean": 0.9377008676528931,
    "std": 0.07900490611791611,
    "median": 0.9595907330513,
    "q1": 0.9418786764144897,
    "q3": 0.9701126217842102,
    "k": 8
}