{
    "layer": 4,
    "name": "res_sae_variance_explained",
    "shape": "torch.Size([128000])",
    "min": 0.6033084392547607,
    "max": 0.9999808669090271,
    "mean": 0.9209063053131104,
    "std": 0.0405985563993454,
    "median": 0.9285094141960144,
    "q1": 0.9044715166091919,
    "q3": 0.9468879699707031,
    "k": 99999999
}