{
    "layer": 6,
    "name": "res_sae_variance_explained",
    "shape": "torch.Size([128000])",
    "min": 0.3405662775039673,
    "max": 0.9999898076057434,
    "mean": 0.849312424659729,
    "std": 0.0784360021352768,
    "median": 0.8605149388313293,
    "q1": 0.8132240176200867,
    "q3": 0.90105140209198,
    "k": 16
}