{
    "layer": 6,
    "name": "res_sae_variance_explained",
    "shape": "torch.Size([128000])",
    "min": 0.5867375135421753,
    "max": 0.9999898076057434,
    "mean": 0.8927780985832214,
    "std": 0.04648352786898613,
    "median": 0.897920548915863,
    "q1": 0.8688749074935913,
    "q3": 0.9229074716567993,
    "k": 64
}