{
    "layer": 11,
    "name": "res_sae_variance_explained",
    "shape": "torch.Size([128000])",
    "min": 0.3235121965408325,
    "max": 0.9999954700469971,
    "mean": 0.8118792772293091,
    "std": 0.06749477237462997,
    "median": 0.8120852708816528,
    "q1": 0.7707582116127014,
    "q3": 0.8516746163368225,
    "k": 64
}