{
    "layer": 3,
    "name": "res_sae_variance_explained",
    "shape": "torch.Size([128000])",
    "min": 0.4045031666755676,
    "max": 0.9999802112579346,
    "mean": 0.9299578070640564,
    "std": 0.050578270107507706,
    "median": 0.9424391388893127,
    "q1": 0.9205477833747864,
    "q3": 0.9574412107467651,
    "k": 16
}