{
    "layer": 5,
    "name": "res_sae_variance_explained",
    "shape": "torch.Size([128000])",
    "min": 0.5505123138427734,
    "max": 0.9999973773956299,
    "mean": 0.9011698961257935,
    "std": 0.050150316208601,
    "median": 0.9095395803451538,
    "q1": 0.8805176019668579,
    "q3": 0.9331238269805908,
    "k": 32
}