{
    "layer": 8,
    "name": "res_sae_variance_explained",
    "shape": "torch.Size([128000])",
    "min": 0.5465819835662842,
    "max": 0.9999945759773254,
    "mean": 0.8663210868835449,
    "std": 0.05033086612820625,
    "median": 0.8689888715744019,
    "q1": 0.837277889251709,
    "q3": 0.8979671001434326,
    "k": 64
}