{
    "layer": 10,
    "name": "res_sae_variance_explained",
    "shape": "torch.Size([128000])",
    "min": 0.31686586141586304,
    "max": 0.9989984631538391,
    "mean": 0.8020609617233276,
    "std": 0.07020192593336105,
    "median": 0.8031890392303467,
    "q1": 0.7584577798843384,
    "q3": 0.8453841209411621,
    "k": 32
}