{
    "layer": 2,
    "name": "res_sae_variance_explained",
    "shape": "torch.Size([128000])",
    "min": -0.028038501739501953,
    "max": 0.9833447337150574,
    "mean": 0.6960468292236328,
    "std": 0.16737377643585205,
    "median": 0.7262292504310608,
    "q1": 0.6084599494934082,
    "q3": 0.8212034702301025,
    "k": 1
}