{
    "layer": 0,
    "name": "res_sae_variance_explained",
    "shape": "torch.Size([128000])",
    "min": -0.10401570796966553,
    "max": 0.9977867007255554,
    "mean": 0.8139994144439697,
    "std": 0.19594240188598633,
    "median": 0.8811824917793274,
    "q1": 0.7396602630615234,
    "q3": 0.9584544897079468,
    "k": 2
}