{
    "layer": 3,
    "name": "res_sae_variance_explained",
    "shape": "torch.Size([128000])",
    "min": 0.2674046754837036,
    "max": 0.9998457431793213,
    "mean": 0.8994336128234863,
    "std": 0.07127367705106735,
    "median": 0.9162154197692871,
    "q1": 0.8841331601142883,
    "q3": 0.9392040967941284,
    "k": 8
}