{
    "layer": 3,
    "name": "res_sae_variance_explained",
    "shape": "torch.Size([128000])",
    "min": 0.12082356214523315,
    "max": 0.9998457431793213,
    "mean": 0.8420632481575012,
    "std": 0.09332529455423355,
    "median": 0.8624112606048584,
    "q1": 0.8116340637207031,
    "q3": 0.8999161720275879,
    "k": 4
}