{
    "layer": 8,
    "name": "res_sae_variance_explained",
    "shape": "torch.Size([128000])",
    "min": -0.09148550033569336,
    "max": 0.9999720454216003,
    "mean": 0.41632208228111267,
    "std": 0.16512341797351837,
    "median": 0.3994477391242981,
    "q1": 0.29587310552597046,
    "q3": 0.5235321521759033,
    "k": 1
}