{
    "layer": 2,
    "name": "res_sae_variance_explained",
    "shape": "torch.Size([128000])",
    "min": 0.11153846979141235,
    "max": 0.9975212812423706,
    "mean": 0.875361442565918,
    "std": 0.10686434060335159,
    "median": 0.9054619073867798,
    "q1": 0.8571153879165649,
    "q3": 0.9358790516853333,
    "k": 4
}