{
    "layer": 3,
    "name": "res_sae_variance_explained",
    "shape": "torch.Size([128000])",
    "min": 0.03440713882446289,
    "max": 0.9998457431793213,
    "mean": 0.7634416818618774,
    "std": 0.11790252476930618,
    "median": 0.7843974828720093,
    "q1": 0.710800290107727,
    "q3": 0.843993067741394,
    "k": 2
}