{
    "layer": 11,
    "name": "res_sae_variance_explained",
    "shape": "torch.Size([128000])",
    "min": 0.10774123668670654,
    "max": 0.9999232292175293,
    "mean": 0.5251262187957764,
    "std": 0.14789681136608124,
    "median": 0.5087578892707825,
    "q1": 0.41777294874191284,
    "q3": 0.6159852147102356,
    "k": 4
}