{
    "layer": 7,
    "name": "res_sae_variance_explained",
    "shape": "torch.Size([128000])",
    "min": 0.368539035320282,
    "max": 0.9999790787696838,
    "mean": 0.8230869174003601,
    "std": 0.08231521397829056,
    "median": 0.8311888575553894,
    "q1": 0.7796339392662048,
    "q3": 0.8775900602340698,
    "k": 16
}