{
    "layer": 7,
    "name": "res_sae_variance_explained",
    "shape": "torch.Size([128000])",
    "min": 0.5479745864868164,
    "max": 0.9999790787696838,
    "mean": 0.878583550453186,
    "std": 0.04767999053001404,
    "median": 0.8821740746498108,
    "q1": 0.8524253368377686,
    "q3": 0.9089171886444092,
    "k": 64
}