{
    "layer": 2,
    "name": "res_sae_variance_explained",
    "shape": "torch.Size([128000])",
    "min": 0.5545933246612549,
    "max": 0.9999443292617798,
    "mean": 0.948380172252655,
    "std": 0.040759652853012085,
    "median": 0.9595558047294617,
    "q1": 0.943601667881012,
    "q3": 0.9699268937110901,
    "k": 32
}