{
    "layer": 9,
    "name": "res_sae_variance_explained",
    "shape": "torch.Size([128000])",
    "min": 0.06738501787185669,
    "max": 0.9999822974205017,
    "mean": 0.589832603931427,
    "std": 0.14403241872787476,
    "median": 0.5881061553955078,
    "q1": 0.4885852634906769,
    "q3": 0.6896194219589233,
    "k": 4
}