{
    "layer": 11,
    "name": "res_sae_variance_explained",
    "shape": "torch.Size([128000])",
    "min": 0.20135873556137085,
    "max": 0.9999954700469971,
    "mean": 0.6395820379257202,
    "std": 0.1286439597606659,
    "median": 0.6305556297302246,
    "q1": 0.549904465675354,
    "q3": 0.7175412774085999,
    "k": 8
}