{
    "layer": 2,
    "name": "res_sae_variance_explained",
    "shape": "torch.Size([128000])",
    "min": 0.026461303234100342,
    "max": 0.9937035441398621,
    "mean": 0.8009030818939209,
    "std": 0.1359843909740448,
    "median": 0.8356161117553711,
    "q1": 0.7537792921066284,
    "q3": 0.8922411203384399,
    "k": 2
}