{
    "layer": 6,
    "name": "res_sae_variance_explained",
    "shape": "torch.Size([128000])",
    "min": 0.08138632774353027,
    "max": 0.9999671578407288,
    "mean": 0.7109771966934204,
    "std": 0.12914755940437317,
    "median": 0.7267544269561768,
    "q1": 0.640332818031311,
    "q3": 0.8012664914131165,
    "k": 4
}