{
    "layer": 5,
    "name": "res_sae_variance_explained",
    "shape": "torch.Size([128000])",
    "min": -0.11071741580963135,
    "max": 0.9999843239784241,
    "mean": 0.5545153617858887,
    "std": 0.15495780110359192,
    "median": 0.5565176606178284,
    "q1": 0.4562770128250122,
    "q3": 0.6629626750946045,
    "k": 1
}