{
    "layer": 0,
    "name": "res_sae_variance_explained",
    "shape": "torch.Size([128000])",
    "min": 0.06823790073394775,
    "max": 0.9999914765357971,
    "mean": 0.9671335220336914,
    "std": 0.10996823012828827,
    "median": 0.9974707961082458,
    "q1": 0.9937881827354431,
    "q3": 0.9982791543006897,
    "k": 8
}