{
    "layer": 7,
    "name": "res_sae_variance_explained",
    "shape": "torch.Size([128000])",
    "min": 0.07762962579727173,
    "max": 0.9999701380729675,
    "mean": 0.6711646914482117,
    "std": 0.13524657487869263,
    "median": 0.6833454370498657,
    "q1": 0.5886414051055908,
    "q3": 0.767037034034729,
    "k": 4
}