{
    "layer": 3,
    "name": "res_sae_variance_explained",
    "shape": "torch.Size([128000])",
    "min": 0.5633098483085632,
    "max": 0.9999802112579346,
    "mean": 0.9391649961471558,
    "std": 0.03528532385826111,
    "median": 0.9475335478782654,
    "q1": 0.9284213781356812,
    "q3": 0.9606210589408875,
    "k": 64
}