{
    "layer": 9,
    "name": "res_sae_variance_explained",
    "shape": "torch.Size([128000])",
    "min": 0.508762538433075,
    "max": 0.9999912977218628,
    "mean": 0.8509567379951477,
    "std": 0.05414518341422081,
    "median": 0.8531010746955872,
    "q1": 0.8183512687683105,
    "q3": 0.8847620487213135,
    "k": 64
}