{
    "layer": 1,
    "name": "res_sae_variance_explained",
    "shape": "torch.Size([128000])",
    "min": -0.04172778129577637,
    "max": 0.9894784092903137,
    "mean": 0.7354941368103027,
    "std": 0.17367757856845856,
    "median": 0.7739673852920532,
    "q1": 0.6450647711753845,
    "q3": 0.8702611923217773,
    "k": 1
}