{
    "layer": 2,
    "name": "res_sae_variance_explained",
    "shape": "torch.Size([128000])",
    "min": 0.55660080909729,
    "max": 0.9999443292617798,
    "mean": 0.9489352703094482,
    "std": 0.0383572056889534,
    "median": 0.9595560431480408,
    "q1": 0.9436076879501343,
    "q3": 0.9699268937110901,
    "k": 64
}