{
    "layer": 1,
    "name": "res_sae_variance_explained",
    "shape": "torch.Size([128000])",
    "min": -0.0034722089767456055,
    "max": 0.9994354248046875,
    "mean": 0.8364073634147644,
    "std": 0.1369791477918625,
    "median": 0.8785741925239563,
    "q1": 0.7970452308654785,
    "q3": 0.9244077801704407,
    "k": 2
}