{
    "layer": 5,
    "name": "res_sae_variance_explained",
    "shape": "torch.Size([128000])",
    "min": 0.4112256169319153,
    "max": 0.9999973773956299,
    "mean": 0.8738391399383545,
    "std": 0.06985202431678772,
    "median": 0.8858721256256104,
    "q1": 0.8458266258239746,
    "q3": 0.9186222553253174,
    "k": 16
}