{
    "layer": 0,
    "name": "res_sae_variance_explained",
    "shape": "torch.Size([128000])",
    "min": -0.15138483047485352,
    "max": 0.9952276945114136,
    "mean": 0.6764521598815918,
    "std": 0.2434590458869934,
    "median": 0.7422456741333008,
    "q1": 0.5397903919219971,
    "q3": 0.8702546954154968,
    "k": 1
}