{
    "layer": 8,
    "name": "res_sae_variance_explained",
    "shape": "torch.Size([128000])",
    "min": 0.48983025550842285,
    "max": 0.9999945759773254,
    "mean": 0.8463817834854126,
    "std": 0.06379116326570511,
    "median": 0.8505865931510925,
    "q1": 0.8103705644607544,
    "q3": 0.887790322303772,
    "k": 32
}