{
    "layer": 4,
    "name": "res_sae_variance_explained",
    "shape": "torch.Size([128000])",
    "min": 0.4235936999320984,
    "max": 0.9999808669090271,
    "mean": 0.9029574990272522,
    "std": 0.060254815965890884,
    "median": 0.9156605005264282,
    "q1": 0.8843023777008057,
    "q3": 0.9394749402999878,
    "k": 16
}