{
    "layer": 4,
    "name": "res_sae_variance_explained",
    "shape": "torch.Size([128000])",
    "min": 0.12510758638381958,
    "max": 0.9999706149101257,
    "mean": 0.7942843437194824,
    "std": 0.10621452331542969,
    "median": 0.8124005198478699,
    "q1": 0.7504833936691284,
    "q3": 0.8639651536941528,
    "k": 4
}