{
    "layer": 2,
    "name": "res_sae_variance_explained",
    "shape": "torch.Size([128000])",
    "min": 0.21397000551223755,
    "max": 0.9988716244697571,
    "mean": 0.9225621223449707,
    "std": 0.07977653294801712,
    "median": 0.944678544998169,
    "q1": 0.9189627766609192,
    "q3": 0.9607079029083252,
    "k": 8
}