{
    "layer": 7,
    "name": "res_sae_variance_explained",
    "shape": "torch.Size([128000])",
    "min": 0.5511038303375244,
    "max": 0.9999790787696838,
    "mean": 0.8792444467544556,
    "std": 0.046690475195646286,
    "median": 0.8823636770248413,
    "q1": 0.8529825210571289,
    "q3": 0.9089919328689575,
    "k": 99999999
}