{
    "layer": 10,
    "name": "res_sae_variance_explained",
    "shape": "torch.Size([128000])",
    "min": 0.31686586141586304,
    "max": 0.9989984631538391,
    "mean": 0.8183431029319763,
    "std": 0.06063535064458847,
    "median": 0.8193154335021973,
    "q1": 0.781784176826477,
    "q3": 0.8541666269302368,
    "k": 64
}