{
    "layer": 4,
    "name": "res_sae_variance_explained",
    "shape": "torch.Size([128000])",
    "min": -0.03134322166442871,
    "max": 0.9999706149101257,
    "mean": 0.7067058086395264,
    "std": 0.13004909455776215,
    "median": 0.72350013256073,
    "q1": 0.6396578550338745,
    "q3": 0.7972514629364014,
    "k": 2
}