{
    "layer": 9,
    "name": "res_sae_variance_explained",
    "shape": "torch.Size([128000])",
    "min": 0.4529228210449219,
    "max": 0.9999912977218628,
    "mean": 0.8260729312896729,
    "std": 0.0686139166355133,
    "median": 0.8288792371749878,
    "q1": 0.7846290469169617,
    "q3": 0.8700170516967773,
    "k": 32
}