{
    "layer": 4,
    "name": "res_sae_variance_explained",
    "shape": "torch.Size([128000])",
    "min": -0.17450463771820068,
    "max": 0.9999706149101257,
    "mean": 0.6042835712432861,
    "std": 0.15090933442115784,
    "median": 0.6115660071372986,
    "q1": 0.5153639316558838,
    "q3": 0.7110312581062317,
    "k": 1
}