{
    "layer": 0,
    "name": "res_sae_variance_explained",
    "shape": "torch.Size([128000])",
    "min": -0.008564352989196777,
    "max": 0.9998432397842407,
    "mean": 0.9229998588562012,
    "std": 0.14295266568660736,
    "median": 0.9755597710609436,
    "q1": 0.9255366921424866,
    "q3": 0.9950003027915955,
    "k": 4
}