{
    "layer": 8,
    "name": "res_sae_variance_explained",
    "shape": "torch.Size([128000])",
    "min": 0.35318344831466675,
    "max": 0.9999945759773254,
    "mean": 0.7973955273628235,
    "std": 0.08859982341527939,
    "median": 0.8026868104934692,
    "q1": 0.7462652921676636,
    "q3": 0.8562226891517639,
    "k": 16
}