{
    "layer": 1,
    "name": "res_sae_variance_explained",
    "shape": "torch.Size([128000])",
    "min": 0.3891637921333313,
    "max": 0.9999796152114868,
    "mean": 0.9511831998825073,
    "std": 0.05489290505647659,
    "median": 0.9660112261772156,
    "q1": 0.9524019956588745,
    "q3": 0.9746192693710327,
    "k": 16
}