{
    "layer": 8,
    "name": "res_sae_variance_explained",
    "shape": "torch.Size([128000])",
    "min": 0.5465819835662842,
    "max": 0.9999945759773254,
    "mean": 0.8679227232933044,
    "std": 0.048647940158843994,
    "median": 0.8700453639030457,
    "q1": 0.8393076062202454,
    "q3": 0.8983169198036194,
    "k": 99999999
}