{
    "layer": 3,
    "name": "res_sae_variance_explained",
    "shape": "torch.Size([128000])",
    "min": -0.08185827732086182,
    "max": 0.9998457431793213,
    "mean": 0.6671018600463867,
    "std": 0.14301130175590515,
    "median": 0.6832489967346191,
    "q1": 0.5863052010536194,
    "q3": 0.7706704139709473,
    "k": 1
}