{
    "layer": 2,
    "name": "res_sae_variance_explained",
    "shape": "torch.Size([12, 38400])",
    "min": -2.2948198318481445,
    "max": 1.0,
    "mean": 0.7183162569999695,
    "std": 0.3142145276069641,
    "median": 0.8309226632118225,
    "q1": 0.5588762760162354,
    "q3": 0.9677391648292542
}