{
    "layer": 2,
    "name": "ln2_sae_variance_explained",
    "shape": "torch.Size([38400])",
    "min": -6.885668754577637,
    "max": 0.9721305966377258,
    "mean": 0.10729864984750748,
    "std": 0.4823443591594696,
    "median": 0.19245868921279907,
    "q1": -0.02645435929298401,
    "q3": 0.37447389960289,
    "k": 2
}