{
    "layer": 11,
    "name": "ln2_sae_variance_explained",
    "shape": "torch.Size([38400])",
    "min": -0.6521221399307251,
    "max": 0.9999927282333374,
    "mean": 0.9400929808616638,
    "std": 0.07434915006160736,
    "median": 0.9562071561813354,
    "q1": 0.9383702278137207,
    "q3": 0.9686881899833679,
    "k": 128
}