{
    "layer": 9,
    "name": "ln2_sae_variance_explained",
    "shape": "torch.Size([38400])",
    "min": -0.794319748878479,
    "max": 0.9999323487281799,
    "mean": 0.6180053353309631,
    "std": 0.17871056497097015,
    "median": 0.643347978591919,
    "q1": 0.5349963903427124,
    "q3": 0.7346928119659424,
    "k": 128
}