{
    "layer": 2,
    "name": "ln2_sae_variance_explained",
    "shape": "torch.Size([38400])",
    "min": -7.793355941772461,
    "max": 0.8504902124404907,
    "mean": -0.24259953200817108,
    "std": 0.5961161851882935,
    "median": -0.1166694164276123,
    "q1": -0.4379744529724121,
    "q3": 0.11342556774616241,
    "k": 1
}