{
    "layer": 0,
    "name": "ln2_sae_variance_explained",
    "shape": "torch.Size([38400])",
    "min": -0.9499636888504028,
    "max": 0.9921633005142212,
    "mean": 0.8512066602706909,
    "std": 0.1768464893102646,
    "median": 0.9082861542701721,
    "q1": 0.8072640895843506,
    "q3": 0.9560844898223877,
    "k": 4
}