{
    "layer": 6,
    "name": "ln2_sae_variance_explained",
    "shape": "torch.Size([38400])",
    "min": -15.317079544067383,
    "max": 0.9990434646606445,
    "mean": -1.819860816001892,
    "std": 1.3046711683273315,
    "median": -1.6876604557037354,
    "q1": -2.3549211025238037,
    "q3": -1.061754822731018,
    "k": 2
}