{
    "layer": 10,
    "name": "ln2_sae_variance_explained",
    "shape": "torch.Size([38400])",
    "min": -1.2497832775115967,
    "max": 0.9999797344207764,
    "mean": 0.7186796069145203,
    "std": 0.14330390095710754,
    "median": 0.7410997152328491,
    "q1": 0.6618258953094482,
    "q3": 0.8075684309005737,
    "k": 128
}