{
    "layer": 3,
    "name": "ln2_sae_variance_explained",
    "shape": "torch.Size([38400])",
    "min": -1.3207108974456787,
    "max": 0.9996144771575928,
    "mean": 0.6692492961883545,
    "std": 0.19963444769382477,
    "median": 0.7160967588424683,
    "q1": 0.5955506563186646,
    "q3": 0.7986180782318115,
    "k": 128
}