{
    "layer": 2,
    "name": "ln2_sae_variance_explained",
    "shape": "torch.Size([38400])",
    "min": -2.9787726402282715,
    "max": 0.9999838471412659,
    "mean": 0.7567463517189026,
    "std": 0.2191520780324936,
    "median": 0.822475790977478,
    "q1": 0.7103912830352783,
    "q3": 0.8838245868682861,
    "k": 16
}