{
    "layer": 8,
    "name": "ln2_sae_variance_explained",
    "shape": "torch.Size([38400])",
    "min": -2.6024112701416016,
    "max": 0.9999138712882996,
    "mean": 0.3766099512577057,
    "std": 0.29511263966560364,
    "median": 0.4149770736694336,
    "q1": 0.24024008214473724,
    "q3": 0.5615904927253723,
    "k": 32
}