{
    "layer": 0,
    "name": "ln2_sae_variance_explained",
    "shape": "torch.Size([38400])",
    "min": -0.1696465015411377,
    "max": 0.999972403049469,
    "mean": 0.9755297899246216,
    "std": 0.08083997666835785,
    "median": 0.9953488707542419,
    "q1": 0.9899444580078125,
    "q3": 0.9973198175430298,
    "k": 16
}