{
    "layer": 5,
    "name": "ln2_sae_variance_explained",
    "shape": "torch.Size([38400])",
    "min": -2.3352530002593994,
    "max": 0.999963104724884,
    "mean": 0.35946330428123474,
    "std": 0.3202473521232605,
    "median": 0.4127865433692932,
    "q1": 0.2193983644247055,
    "q3": 0.5641390085220337,
    "k": 64
}