{
    "layer": 4,
    "name": "ln2_sae_variance_explained",
    "shape": "torch.Size([38400])",
    "min": -4.714318752288818,
    "max": 0.9999189972877502,
    "mean": 0.39272698760032654,
    "std": 0.39400529861450195,
    "median": 0.47638463973999023,
    "q1": 0.26311326026916504,
    "q3": 0.6304078102111816,
    "k": 16
}