{
    "layer": 6,
    "name": "ln2_sae_variance_explained",
    "shape": "torch.Size([38400])",
    "min": -5.644119739532471,
    "max": 0.9998497366905212,
    "mean": -0.0729377269744873,
    "std": 0.6043893694877625,
    "median": 0.02006763219833374,
    "q1": -0.29862743616104126,
    "q3": 0.2878594994544983,
    "k": 16
}