{
    "layer": 1,
    "name": "ln2_sae_variance_explained",
    "shape": "torch.Size([38400])",
    "min": -0.12782621383666992,
    "max": 0.9999833703041077,
    "mean": 0.9231489896774292,
    "std": 0.08469842374324799,
    "median": 0.9473124146461487,
    "q1": 0.9271090626716614,
    "q3": 0.9589142203330994,
    "k": 99999999
}