{
    "layer": 3,
    "name": "ln2_sae_variance_explained",
    "shape": "torch.Size([38400])",
    "min": -1.256650447845459,
    "max": 0.9996144771575928,
    "mean": 0.6692366600036621,
    "std": 0.1996840089559555,
    "median": 0.7160967588424683,
    "q1": 0.5955647230148315,
    "q3": 0.7986181974411011,
    "k": 64
}