{
    "layer": 3,
    "name": "ln2_sae_variance_explained",
    "shape": "torch.Size([38400])",
    "min": -3.2991719245910645,
    "max": 0.9996144771575928,
    "mean": 0.5947247743606567,
    "std": 0.28765031695365906,
    "median": 0.6632815599441528,
    "q1": 0.5112709403038025,
    "q3": 0.7672498822212219,
    "k": 16
}