{
    "layer": 5,
    "name": "ln2_sae_variance_explained",
    "shape": "torch.Size([38400])",
    "min": -5.135035037994385,
    "max": 0.999963104724884,
    "mean": 0.12086226046085358,
    "std": 0.5199308395385742,
    "median": 0.21386808156967163,
    "q1": -0.06459152698516846,
    "q3": 0.4340294599533081,
    "k": 16
}