{
    "layer": 1,
    "name": "ln2_sae_variance_explained",
    "shape": "torch.Size([38400])",
    "min": -0.12782585620880127,
    "max": 0.9999833703041077,
    "mean": 0.9231436252593994,
    "std": 0.0847272276878357,
    "median": 0.9473104476928711,
    "q1": 0.9271074533462524,
    "q3": 0.9589113593101501,
    "k": 64
}