{
    "layer": 4,
    "name": "ln2_sae_variance_explained",
    "shape": "torch.Size([38400])",
    "min": -6.635558128356934,
    "max": 0.9999160766601562,
    "mean": 0.11401046812534332,
    "std": 0.5522326827049255,
    "median": 0.21670842170715332,
    "q1": -0.06907495856285095,
    "q3": 0.43958228826522827,
    "k": 8
}