{
    "layer": 5,
    "name": "ln2_sae_variance_explained",
    "shape": "torch.Size([38400])",
    "min": -14.422347068786621,
    "max": 0.9977221488952637,
    "mean": -2.096902847290039,
    "std": 1.3121285438537598,
    "median": -1.9839270114898682,
    "q1": -2.6545348167419434,
    "q3": -1.3452363014221191,
    "k": 1
}