{
    "layer": 6,
    "name": "ln2_sae_variance_explained",
    "shape": "torch.Size([38400])",
    "min": -12.182760238647461,
    "max": 0.9996785521507263,
    "mean": -1.1119649410247803,
    "std": 1.087213158607483,
    "median": -0.9739654064178467,
    "q1": -1.536210298538208,
    "q3": -0.47411346435546875,
    "k": 4
}