{
    "layer": 5,
    "name": "ln2_sae_variance_explained",
    "shape": "torch.Size([38400])",
    "min": -7.527569770812988,
    "max": 0.999963104724884,
    "mean": -0.24641907215118408,
    "std": 0.7214017510414124,
    "median": -0.12865865230560303,
    "q1": -0.5004633665084839,
    "q3": 0.1812451332807541,
    "k": 8
}