{
    "layer": 1,
    "name": "ln2_sae_variance_explained",
    "shape": "torch.Size([38400])",
    "min": -2.2349250316619873,
    "max": 0.9999833703041077,
    "mean": 0.8685317039489746,
    "std": 0.19251814484596252,
    "median": 0.917132556438446,
    "q1": 0.876282274723053,
    "q3": 0.939875602722168,
    "k": 8
}