{
    "layer": 11,
    "name": "ln2_sae_variance_explained",
    "shape": "torch.Size([38400])",
    "min": -0.6411070823669434,
    "max": 0.9999927282333374,
    "mean": 0.9336785674095154,
    "std": 0.07747919857501984,
    "median": 0.9496439695358276,
    "q1": 0.9295955300331116,
    "q3": 0.9649046659469604,
    "k": 32
}