{
    "layer": 6,
    "name": "ln2_sae_variance_explained",
    "shape": "torch.Size([38400])",
    "min": -2.2816734313964844,
    "max": 0.9998497366905212,
    "mean": 0.2531879246234894,
    "std": 0.3456907570362091,
    "median": 0.2998197674751282,
    "q1": 0.10134457051753998,
    "q3": 0.46749669313430786,
    "k": 128
}