{
    "layer": 9,
    "name": "ln2_sae_variance_explained",
    "shape": "torch.Size([38400])",
    "min": -0.794319748878479,
    "max": 0.9999323487281799,
    "mean": 0.6179885864257812,
    "std": 0.17872898280620575,
    "median": 0.6433443427085876,
    "q1": 0.534986674785614,
    "q3": 0.7346885204315186,
    "k": 99999999
}