{
    "layer": 2,
    "name": "ln2_sae_variance_explained",
    "shape": "torch.Size([38400])",
    "min": -4.020400047302246,
    "max": 0.9999758005142212,
    "mean": 0.5989300608634949,
    "std": 0.3101736605167389,
    "median": 0.664116382598877,
    "q1": 0.49677103757858276,
    "q3": 0.7911837697029114,
    "k": 8
}