{
    "layer": 6,
    "name": "ln2_sae_variance_explained",
    "shape": "torch.Size([38400])",
    "min": -8.383298873901367,
    "max": 0.9997783899307251,
    "mean": -0.5201184153556824,
    "std": 0.8413042426109314,
    "median": -0.39815330505371094,
    "q1": -0.835096001625061,
    "q3": -0.02269032597541809,
    "k": 8
}