{
    "layer": 11,
    "name": "ln2_sae_variance_explained",
    "shape": "torch.Size([38400])",
    "min": -1.0911390781402588,
    "max": 0.9999927282333374,
    "mean": 0.879181444644928,
    "std": 0.136088564991951,
    "median": 0.9060800671577454,
    "q1": 0.8729050159454346,
    "q3": 0.9336499571800232,
    "k": 8
}