{
    "layer": 8,
    "name": "ln2_sae_variance_explained",
    "shape": "torch.Size([38400])",
    "min": -8.279232025146484,
    "max": 0.9993118047714233,
    "mean": -1.0531370639801025,
    "std": 0.8247921466827393,
    "median": -0.9658783674240112,
    "q1": -1.4302732944488525,
    "q3": -0.5599627494812012,
    "k": 2
}