{
    "layer": 5,
    "name": "ln2_sae_variance_explained",
    "shape": "torch.Size([38400])",
    "min": -2.332085609436035,
    "max": 0.999963104724884,
    "mean": 0.3603387773036957,
    "std": 0.31783798336982727,
    "median": 0.41313421726226807,
    "q1": 0.2194671779870987,
    "q3": 0.5642662644386292,
    "k": 128
}