{
    "layer": 10,
    "name": "ln2_sae_variance_explained",
    "shape": "torch.Size([38400])",
    "min": -3.295356273651123,
    "max": 0.9975037574768066,
    "mean": 0.10486321896314621,
    "std": 0.4212566614151001,
    "median": 0.16459441184997559,
    "q1": -0.08930924534797668,
    "q3": 0.37754032015800476,
    "k": 2
}