{
    "layer": 5,
    "name": "ln2_sae_variance_explained",
    "shape": "torch.Size([38400])",
    "min": -10.200507164001465,
    "max": 0.9998553395271301,
    "mean": -0.7510443925857544,
    "std": 0.9385859370231628,
    "median": -0.6205885410308838,
    "q1": -1.098527431488037,
    "q3": -0.19934839010238647,
    "k": 4
}