{
    "layer": 11,
    "name": "ln2_sae_variance_explained",
    "shape": "torch.Size([38400])",
    "min": -0.6513909101486206,
    "max": 0.9999927282333374,
    "mean": 0.939897894859314,
    "std": 0.07285334169864655,
    "median": 0.955758273601532,
    "q1": 0.9378120303153992,
    "q3": 0.9685311317443848,
    "k": 64
}