{
    "layer": 4,
    "name": "ln2_sae_variance_explained",
    "shape": "torch.Size([38400])",
    "min": -12.065458297729492,
    "max": 0.995031476020813,
    "mean": -1.3582226037979126,
    "std": 1.0545483827590942,
    "median": -1.238471508026123,
    "q1": -1.7914823293685913,
    "q3": -0.7380311489105225,
    "k": 1
}