{
    "layer": 6,
    "name": "ln2_sae_variance_explained",
    "shape": "torch.Size([38400])",
    "min": -3.6100006103515625,
    "max": 0.9998497366905212,
    "mean": 0.18340319395065308,
    "std": 0.42717525362968445,
    "median": 0.2523462176322937,
    "q1": 0.01905873417854309,
    "q3": 0.44167470932006836,
    "k": 32
}