{
    "layer": 10,
    "name": "ln2_sae_variance_explained",
    "shape": "torch.Size([38400])",
    "min": -1.2906444072723389,
    "max": 0.9999797344207764,
    "mean": 0.7182150483131409,
    "std": 0.14350232481956482,
    "median": 0.7403725385665894,
    "q1": 0.6612423658370972,
    "q3": 0.8072451949119568,
    "k": 64
}