{
    "layer": 10,
    "name": "ln2_sae_variance_explained",
    "shape": "torch.Size([38400])",
    "min": -1.2497832775115967,
    "max": 0.9999797344207764,
    "mean": 0.718673825263977,
    "std": 0.1433192789554596,
    "median": 0.7410978078842163,
    "q1": 0.6618063449859619,
    "q3": 0.8075610399246216,
    "k": 99999999
}