{
    "layer": 8,
    "name": "ln2_sae_variance_explained",
    "shape": "torch.Size([38400])",
    "min": -1.5723340511322021,
    "max": 0.9999138712882996,
    "mean": 0.4590921401977539,
    "std": 0.2369249314069748,
    "median": 0.4895634055137634,
    "q1": 0.3464280962944031,
    "q3": 0.6085751056671143,
    "k": 64
}