{
    "layer": 5,
    "name": "ln2_sae_variance_explained",
    "shape": "torch.Size([38400])",
    "min": -3.210639476776123,
    "max": 0.999963104724884,
    "mean": 0.3188285231590271,
    "std": 0.3739781677722931,
    "median": 0.38716334104537964,
    "q1": 0.1766165941953659,
    "q3": 0.5507006645202637,
    "k": 32
}