{
    "layer": 5,
    "name": "ln2_sae_variance_explained",
    "shape": "torch.Size([38400])",
    "min": -12.665556907653809,
    "max": 0.9994068741798401,
    "mean": -1.3701359033584595,
    "std": 1.1397734880447388,
    "median": -1.2432212829589844,
    "q1": -1.8168189525604248,
    "q3": -0.7078555226325989,
    "k": 2
}