{
    "layer": 9,
    "name": "ln2_sae_variance_explained",
    "shape": "torch.Size([38400])",
    "min": -1.8385043144226074,
    "max": 0.9999323487281799,
    "mean": 0.5425315499305725,
    "std": 0.22750639915466309,
    "median": 0.5748807191848755,
    "q1": 0.4363058805465698,
    "q3": 0.6902332305908203,
    "k": 32
}