{
    "layer": 6,
    "name": "ln2_sae_variance_explained",
    "shape": "torch.Size([38400])",
    "min": -2.287461996078491,
    "max": 0.9998497366905212,
    "mean": 0.2515290379524231,
    "std": 0.35069575905799866,
    "median": 0.2999343276023865,
    "q1": 0.1013832688331604,
    "q3": 0.46770793199539185,
    "k": 64
}