{
    "layer": 8,
    "name": "ln2_sae_variance_explained",
    "shape": "torch.Size([38400])",
    "min": -3.916591167449951,
    "max": 0.9999138712882996,
    "mean": 0.16529721021652222,
    "std": 0.4096500277519226,
    "median": 0.21359306573867798,
    "q1": -0.01910606026649475,
    "q3": 0.41604912281036377,
    "k": 16
}