{
    "layer": 8,
    "name": "ln2_sae_variance_explained",
    "shape": "torch.Size([38400])",
    "min": -9.165903091430664,
    "max": 0.996132493019104,
    "mean": -1.5827256441116333,
    "std": 0.9471203088760376,
    "median": -1.4764161109924316,
    "q1": -2.016061782836914,
    "q3": -1.0101091861724854,
    "k": 1
}