{
    "layer": 1,
    "name": "ln2_sae_variance_explained",
    "shape": "torch.Size([38400])",
    "min": -0.3109595775604248,
    "max": 0.9999833703041077,
    "mean": 0.9219536185264587,
    "std": 0.08981222659349442,
    "median": 0.9470298290252686,
    "q1": 0.9265702962875366,
    "q3": 0.9587229490280151,
    "k": 32
}