{
    "layer": 3,
    "name": "ln2_sae_variance_explained",
    "shape": "torch.Size([38400])",
    "min": -9.99177360534668,
    "max": 0.999176561832428,
    "mean": -0.17622677981853485,
    "std": 0.6619419455528259,
    "median": -0.05200052261352539,
    "q1": -0.38752254843711853,
    "q3": 0.208124041557312,
    "k": 2
}