{
    "layer": 8,
    "name": "ln2_sae_variance_explained",
    "shape": "torch.Size([38400])",
    "min": -1.3525545597076416,
    "max": 0.9999138712882996,
    "mean": 0.4640374779701233,
    "std": 0.2309509515762329,
    "median": 0.49293237924575806,
    "q1": 0.35172367095947266,
    "q3": 0.6099443435668945,
    "k": 99999999
}