{
    "layer": 0,
    "name": "ln2_sae_variance_explained",
    "shape": "torch.Size([38400])",
    "min": -0.5430020093917847,
    "max": 0.999972403049469,
    "mean": 0.9539986252784729,
    "std": 0.1290767341852188,
    "median": 0.9890015721321106,
    "q1": 0.9758272767066956,
    "q3": 0.9939859509468079,
    "k": 8
}