{
    "layer": 0,
    "name": "ln2_sae_variance_explained",
    "shape": "torch.Size([38400])",
    "min": 0.6558052897453308,
    "max": 0.999972403049469,
    "mean": 0.9893027544021606,
    "std": 0.023072781041264534,
    "median": 0.9962505102157593,
    "q1": 0.993381917476654,
    "q3": 0.9975494742393494,
    "k": 128
}