{
    "layer": 6,
    "name": "ln2_sae_variance_explained",
    "shape": "torch.Size([38400])",
    "min": -16.5855770111084,
    "max": 0.9953504204750061,
    "mean": -2.6284990310668945,
    "std": 1.472621202468872,
    "median": -2.5295777320861816,
    "q1": -3.2666993141174316,
    "q3": -1.78322434425354,
    "k": 1
}