{
    "layer": 7,
    "name": "ln2_sae_variance_explained",
    "shape": "torch.Size([38400])",
    "min": -5.069924354553223,
    "max": 0.9996768832206726,
    "mean": -0.053413696587085724,
    "std": 0.5273839235305786,
    "median": 0.012775778770446777,
    "q1": -0.26863551139831543,
    "q3": 0.25714975595474243,
    "k": 16
}