{
    "layer": 8,
    "name": "ln2_sae_variance_explained",
    "shape": "torch.Size([38400])",
    "min": -5.483580112457275,
    "max": 0.9999138712882996,
    "mean": -0.16129831969738007,
    "std": 0.552187979221344,
    "median": -0.10014665126800537,
    "q1": -0.4059513509273529,
    "q3": 0.17229534685611725,
    "k": 8
}