{
    "layer": 4,
    "name": "ln2_sae_variance_explained",
    "shape": "torch.Size([38400])",
    "min": -10.589051246643066,
    "max": 0.9986191391944885,
    "mean": -0.7673743963241577,
    "std": 0.8969565033912659,
    "median": -0.6449754238128662,
    "q1": -1.0934019088745117,
    "q3": -0.24809882044792175,
    "k": 2
}