{
    "layer": 3,
    "name": "ln2_sae_variance_explained",
    "shape": "torch.Size([38400])",
    "min": -1.9086740016937256,
    "max": 0.9996144771575928,
    "mean": 0.6621847748756409,
    "std": 0.21372480690479279,
    "median": 0.7128891944885254,
    "q1": 0.5892255306243896,
    "q3": 0.797003448009491,
    "k": 32
}