{
    "layer": 10,
    "name": "ln2_sae_variance_explained",
    "shape": "torch.Size([38400])",
    "min": -2.9256129264831543,
    "max": 0.9987477660179138,
    "mean": 0.30520403385162354,
    "std": 0.3520694673061371,
    "median": 0.3544091582298279,
    "q1": 0.14600543677806854,
    "q3": 0.5295270681381226,
    "k": 4
}