{
    "layer": 2,
    "name": "ln2_sae_variance_explained",
    "shape": "torch.Size([38400])",
    "min": -1.5074987411499023,
    "max": 0.9999838471412659,
    "mean": 0.8091374039649963,
    "std": 0.14877794682979584,
    "median": 0.8502823114395142,
    "q1": 0.7737724184989929,
    "q3": 0.8980181217193604,
    "k": 32
}