{
    "layer": 4,
    "name": "ln2_sae_variance_explained",
    "shape": "torch.Size([38400])",
    "min": -1.9257216453552246,
    "max": 0.9999189972877502,
    "mean": 0.5261563062667847,
    "std": 0.2615375518798828,
    "median": 0.5803008079528809,
    "q1": 0.41774046421051025,
    "q3": 0.6963684558868408,
    "k": 64
}