{
    "layer": 8,
    "name": "ln2_sae_variance_explained",
    "shape": "torch.Size([38400])",
    "min": -7.10234260559082,
    "max": 0.9998244047164917,
    "mean": -0.5748044848442078,
    "std": 0.6948421001434326,
    "median": -0.49853014945983887,
    "q1": -0.8820022344589233,
    "q3": -0.1569060981273651,
    "k": 4
}