{
    "layer": 10,
    "name": "ln2_sae_variance_explained",
    "shape": "torch.Size([38400])",
    "min": -1.6144230365753174,
    "max": 0.9999797344207764,
    "mean": 0.6934587359428406,
    "std": 0.16048170626163483,
    "median": 0.7171140909194946,
    "q1": 0.6265099048614502,
    "q3": 0.7938463687896729,
    "k": 32
}