{
    "layer": 10,
    "name": "ln2_sae_variance_explained",
    "shape": "torch.Size([38400])",
    "min": -4.1399407386779785,
    "max": 0.9955394268035889,
    "mean": -0.10465769469738007,
    "std": 0.48591819405555725,
    "median": -0.032440781593322754,
    "q1": -0.3299417495727539,
    "q3": 0.22038733959197998,
    "k": 1
}