{
    "layer": 4,
    "name": "ln2_sae_variance_explained",
    "shape": "torch.Size([38400])",
    "min": -8.091673851013184,
    "max": 0.9997062087059021,
    "mean": -0.28039437532424927,
    "std": 0.7266048789024353,
    "median": -0.15756452083587646,
    "q1": -0.5280657410621643,
    "q3": 0.138978511095047,
    "k": 4
}