{
    "layer": 11,
    "name": "ln2_sae_variance_explained",
    "shape": "torch.Size([38400])",
    "min": -47.80849838256836,
    "max": 0.9887133240699768,
    "mean": 0.35452505946159363,
    "std": 4.2816877365112305,
    "median": 0.8101996779441833,
    "q1": 0.736567497253418,
    "q3": 0.8556035757064819,
    "k": 1
}