{
    "layer": 2,
    "name": "ln2_sae_variance_explained",
    "shape": "torch.Size([38400])",
    "min": -0.9369168281555176,
    "max": 0.9999838471412659,
    "mean": 0.8160600066184998,
    "std": 0.13471364974975586,
    "median": 0.8532274961471558,
    "q1": 0.7802684307098389,
    "q3": 0.8995089530944824,
    "k": 128
}