{
    "layer": 0,
    "name": "ln2_sae_variance_explained",
    "shape": "torch.Size([38400])",
    "min": -1.1106593608856201,
    "max": 0.9773889780044556,
    "mean": 0.6412079930305481,
    "std": 0.283196359872818,
    "median": 0.7381895780563354,
    "q1": 0.44641241431236267,
    "q3": 0.878107488155365,
    "k": 2
}