{
    "layer": 9,
    "name": "ln2_sae_variance_explained",
    "shape": "torch.Size([38400])",
    "min": -0.993476390838623,
    "max": 0.9999323487281799,
    "mean": 0.6115502715110779,
    "std": 0.1842576265335083,
    "median": 0.6382099986076355,
    "q1": 0.5258429050445557,
    "q3": 0.7314894795417786,
    "k": 64
}