{
    "layer": 7,
    "name": "ln2_sae_variance_explained",
    "shape": "torch.Size([38400])",
    "min": -3.138519763946533,
    "max": 0.9996768832206726,
    "mean": 0.20568227767944336,
    "std": 0.3739197552204132,
    "median": 0.2561110258102417,
    "q1": 0.0488620400428772,
    "q3": 0.4292009472846985,
    "k": 32
}