{
    "layer": 11,
    "name": "ln2_sae_variance_explained",
    "shape": "torch.Size([38400])",
    "min": -47.02692794799805,
    "max": 0.999718427658081,
    "mean": 0.45884257555007935,
    "std": 4.217588901519775,
    "median": 0.8738376498222351,
    "q1": 0.8288511037826538,
    "q3": 0.9078433513641357,
    "k": 4
}