{
    "layer": 9,
    "name": "ln2_sae_variance_explained",
    "shape": "torch.Size([38400])",
    "min": -4.571574687957764,
    "max": 0.9996693134307861,
    "mean": -0.15264710783958435,
    "std": 0.522908091545105,
    "median": -0.08165991306304932,
    "q1": -0.39171862602233887,
    "q3": 0.16952858865261078,
    "k": 4
}