{
    "layer": 3,
    "name": "ln2_sae_variance_explained",
    "shape": "torch.Size([38400])",
    "min": -5.1640143394470215,
    "max": 0.9995397329330444,
    "mean": 0.40808746218681335,
    "std": 0.40500959753990173,
    "median": 0.49105775356292725,
    "q1": 0.2908965051174164,
    "q3": 0.6416089534759521,
    "k": 8
}