{
    "layer": 10,
    "name": "ln2_sae_variance_explained",
    "shape": "torch.Size([38400])",
    "min": -2.4041428565979004,
    "max": 0.9999641180038452,
    "mean": 0.4801931381225586,
    "std": 0.2782308757305145,
    "median": 0.5184597969055176,
    "q1": 0.35599321126937866,
    "q3": 0.6561485528945923,
    "k": 8
}