{
    "layer": 3,
    "name": "ln2_sae_variance_explained",
    "shape": "torch.Size([38400])",
    "min": -7.884006500244141,
    "max": 0.9993473291397095,
    "mean": 0.1393771916627884,
    "std": 0.5377668738365173,
    "median": 0.25004100799560547,
    "q1": -0.02189043164253235,
    "q3": 0.4466095566749573,
    "k": 4
}