{
    "layer": 0,
    "name": "ln2_sae_variance_explained",
    "shape": "torch.Size([38400])",
    "min": 0.6558052897453308,
    "max": 0.999972403049469,
    "mean": 0.9893041849136353,
    "std": 0.023067131638526917,
    "median": 0.9962508082389832,
    "q1": 0.9933820962905884,
    "q3": 0.9975494742393494,
    "k": 99999999
}