{
    "layer": 3,
    "name": "ln2_sae_variance_explained",
    "shape": "torch.Size([38400])",
    "min": -11.019451141357422,
    "max": 0.9980092644691467,
    "mean": -0.5782954692840576,
    "std": 0.7885304093360901,
    "median": -0.4419134855270386,
    "q1": -0.8664708137512207,
    "q3": -0.10557597875595093,
    "k": 1
}