{
    "layer": 1,
    "name": "ln2_sae_variance_explained",
    "shape": "torch.Size([38400])",
    "min": -1.13576340675354,
    "max": 0.9999833703041077,
    "mean": 0.9104015827178955,
    "std": 0.12683388590812683,
    "median": 0.9439379572868347,
    "q1": 0.9198441505432129,
    "q3": 0.9570078253746033,
    "k": 16
}