{
    "layer": 9,
    "name": "ln2_sae_variance_explained",
    "shape": "torch.Size([38400])",
    "min": -3.602869987487793,
    "max": 0.9999281167984009,
    "mean": 0.14413033425807953,
    "std": 0.4162577986717224,
    "median": 0.19957798719406128,
    "q1": -0.04421341419219971,
    "q3": 0.40222546458244324,
    "k": 8
}