{
    "layer": 9,
    "name": "ln2_sae_variance_explained",
    "shape": "torch.Size([38400])",
    "min": -6.382928848266602,
    "max": 0.9904249310493469,
    "mean": -0.8381369113922119,
    "std": 0.7152968049049377,
    "median": -0.731354832649231,
    "q1": -1.1760855913162231,
    "q3": -0.3830767869949341,
    "k": 1
}