{
    "layer": 4,
    "name": "ln2_sae_variance_explained",
    "shape": "torch.Size([38400])",
    "min": -1.9076955318450928,
    "max": 0.9999189972877502,
    "mean": 0.526242733001709,
    "std": 0.2612380385398865,
    "median": 0.5802649259567261,
    "q1": 0.4177241325378418,
    "q3": 0.6964012980461121,
    "k": 99999999
}