{
    "layer": 0,
    "name": "ln2_sae_variance_explained",
    "shape": "torch.Size([38400])",
    "min": 0.5329915881156921,
    "max": 0.999972403049469,
    "mean": 0.9890087842941284,
    "std": 0.02448018081486225,
    "median": 0.9962301850318909,
    "q1": 0.9932894706726074,
    "q3": 0.9975466728210449,
    "k": 64
}