{
    "layer": 9,
    "name": "ln2_sae_variance_explained",
    "shape": "torch.Size([38400])",
    "min": -2.5209431648254395,
    "max": 0.9999323487281799,
    "mean": 0.3833918571472168,
    "std": 0.31082460284233093,
    "median": 0.42521941661834717,
    "q1": 0.24075162410736084,
    "q3": 0.580355703830719,
    "k": 16
}