{
    "layer": 11,
    "name": "ln2_sae_variance_explained",
    "shape": "torch.Size([38400])",
    "min": -0.7334978580474854,
    "max": 0.9999927282333374,
    "mean": 0.9134132862091064,
    "std": 0.10099818557500839,
    "median": 0.9328494071960449,
    "q1": 0.9077315926551819,
    "q3": 0.9535173177719116,
    "k": 16
}