{
    "layer": 7,
    "name": "ln2_sae_variance_explained",
    "shape": "torch.Size([38400])",
    "min": -12.66610336303711,
    "max": 0.9976558685302734,
    "mean": -1.6539485454559326,
    "std": 1.1158497333526611,
    "median": -1.5433077812194824,
    "q1": -2.1429686546325684,
    "q3": -1.0106204748153687,
    "k": 2
}