{
    "layer": 1,
    "name": "ln2_sae_variance_explained",
    "shape": "torch.Size([38400])",
    "min": -5.099854469299316,
    "max": 0.7882258892059326,
    "mean": 0.1232331246137619,
    "std": 0.5105631947517395,
    "median": 0.2600865960121155,
    "q1": -0.0577431321144104,
    "q3": 0.4567975401878357,
    "k": 1
}