{
    "layer": 7,
    "name": "ln2_sae_variance_explained",
    "shape": "torch.Size([38400])",
    "min": -1.8532130718231201,
    "max": 0.9996768832206726,
    "mean": 0.28843989968299866,
    "std": 0.30345869064331055,
    "median": 0.3260119557380676,
    "q1": 0.1509428471326828,
    "q3": 0.47225481271743774,
    "k": 64
}