{
    "layer": 0,
    "name": "ln2_sae_variance_explained",
    "shape": "torch.Size([38400])",
    "min": -1.8400745391845703,
    "max": 0.964192271232605,
    "mean": 0.4152834713459015,
    "std": 0.4308117628097534,
    "median": 0.558646559715271,
    "q1": 0.10135415196418762,
    "q3": 0.7836281061172485,
    "k": 1
}