{
    "layer": 1,
    "name": "ln2_sae_variance_explained",
    "shape": "torch.Size([38400])",
    "min": -3.7940382957458496,
    "max": 0.9683182239532471,
    "mean": 0.5187963843345642,
    "std": 0.3509839177131653,
    "median": 0.6052235960960388,
    "q1": 0.45239150524139404,
    "q3": 0.7036038041114807,
    "k": 2
}