{
    "layer": 0,
    "name": "ln2_sae_variance_explained",
    "shape": "torch.Size([38400])",
    "min": 0.27022725343704224,
    "max": 0.999972403049469,
    "mean": 0.9856693744659424,
    "std": 0.03982635587453842,
    "median": 0.9960232377052307,
    "q1": 0.992419958114624,
    "q3": 0.99749755859375,
    "k": 32
}