{
    "layer": 11,
    "name": "ln2_sae_variance_explained",
    "shape": "torch.Size([38400])",
    "min": -47.95254135131836,
    "max": 0.9984700679779053,
    "mean": 0.4023653566837311,
    "std": 4.296696662902832,
    "median": 0.8421328067779541,
    "q1": 0.7841498851776123,
    "q3": 0.8822498321533203,
    "k": 2
}