{
    "layer": 9,
    "name": "ln2_sae_variance_explained",
    "shape": "torch.Size([38400])",
    "min": -5.382956027984619,
    "max": 0.997917115688324,
    "mean": -0.4849601089954376,
    "std": 0.6226274371147156,
    "median": -0.3988773822784424,
    "q1": -0.7733585238456726,
    "q3": -0.09766280651092529,
    "k": 2
}