{
    "layer": 7,
    "name": "ln2_sae_variance_explained",
    "shape": "torch.Size([38400])",
    "min": -14.060978889465332,
    "max": 0.9904728531837463,
    "mean": -2.3894283771514893,
    "std": 1.2763760089874268,
    "median": -2.2876675128936768,
    "q1": -2.968935012817383,
    "q3": -1.6453571319580078,
    "k": 1
}