{
    "layer": 10,
    "name": "ln2_sae_variance_explained",
    "shape": "torch.Size([38400])",
    "min": -1.9159061908721924,
    "max": 0.9999797344207764,
    "mean": 0.6135894060134888,
    "std": 0.2084384560585022,
    "median": 0.6424668431282043,
    "q1": 0.5226817727088928,
    "q3": 0.7444624900817871,
    "k": 16
}