{
    "layer": 7,
    "name": "ln2_sae_variance_explained",
    "shape": "torch.Size([38400])",
    "min": -8.109386444091797,
    "max": 0.9996768832206726,
    "mean": -0.4721856713294983,
    "std": 0.7263752818107605,
    "median": -0.3887985944747925,
    "q1": -0.7666664123535156,
    "q3": -0.05086073279380798,
    "k": 8
}