{
    "layer": 7,
    "name": "ln2_sae_variance_explained",
    "shape": "torch.Size([38400])",
    "min": -1.8368217945098877,
    "max": 0.9996768832206726,
    "mean": 0.2909291684627533,
    "std": 0.29831528663635254,
    "median": 0.3268432021141052,
    "q1": 0.15330545604228973,
    "q3": 0.4722130298614502,
    "k": 128
}