{
    "layer": 4,
    "name": "ln2_sae_variance_explained",
    "shape": "torch.Size([38400])",
    "min": -2.564072370529175,
    "max": 0.9999189972877502,
    "mean": 0.5130674242973328,
    "std": 0.2869109809398651,
    "median": 0.5749738216400146,
    "q1": 0.40722596645355225,
    "q3": 0.6936436891555786,
    "k": 32
}