{
    "layer": 2,
    "name": "ln2_sae_variance_explained",
    "shape": "torch.Size([38400])",
    "min": -0.9369165897369385,
    "max": 0.9999838471412659,
    "mean": 0.8160478472709656,
    "std": 0.13476522266864777,
    "median": 0.8532274961471558,
    "q1": 0.7802613973617554,
    "q3": 0.8994930386543274,
    "k": 64
}