{
    "layer": 8,
    "name": "ln2_sae_variance_explained",
    "shape": "torch.Size([38400])",
    "min": -1.3525545597076416,
    "max": 0.9999138712882996,
    "mean": 0.4640441834926605,
    "std": 0.23094239830970764,
    "median": 0.4929453134536743,
    "q1": 0.3517243266105652,
    "q3": 0.6099443435668945,
    "k": 128
}