{
    "layer": 1,
    "name": "ln2_sae_variance_explained",
    "shape": "torch.Size([38400])",
    "min": -2.9763646125793457,
    "max": 0.9991517066955566,
    "mean": 0.758240282535553,
    "std": 0.2643681466579437,
    "median": 0.8183427453041077,
    "q1": 0.7453395128250122,
    "q3": 0.8712587356567383,
    "k": 4
}