{
    "layer": 7,
    "name": "ln2_sae_variance_explained",
    "shape": "torch.Size([38400])",
    "min": -10.849733352661133,
    "max": 0.999377965927124,
    "mean": -1.012914776802063,
    "std": 0.9308233857154846,
    "median": -0.9091339111328125,
    "q1": -1.4038532972335815,
    "q3": -0.4718860387802124,
    "k": 4
}