{
    "layer": 11,
    "name": "ln2_sae_variance_explained",
    "shape": "torch.Size([38400])",
    "min": -0.6521221399307251,
    "max": 0.9999927282333374,
    "mean": 0.9400854706764221,
    "std": 0.0744643360376358,
    "median": 0.9562067985534668,
    "q1": 0.9383689165115356,
    "q3": 0.9686881899833679,
    "k": 99999999
}