{
    "layer": 2,
    "name": "ln2_sae_variance_explained",
    "shape": "torch.Size([38400])",
    "min": -5.807140350341797,
    "max": 0.9975480437278748,
    "mean": 0.3763168156147003,
    "std": 0.398124098777771,
    "median": 0.4369525909423828,
    "q1": 0.25060737133026123,
    "q3": 0.6084883213043213,
    "k": 4
}