{
    "layer": 6,
    "name": "ln2_sae_mse",
    "shape": "torch.Size([12, 38400])",
    "min": 9.530772331345361e-07,
    "max": 1.2630480527877808,
    "mean": 0.0526643767952919,
    "std": 0.04043657332658768,
    "median": 0.046943724155426025,
    "q1": 0.02199430949985981,
    "q3": 0.07558545470237732
}