{
    "layer": 11,
    "name": "ln2_sae_variance_explained",
    "shape": "torch.Size([128000])",
    "min": -6.0188727378845215,
    "max": 0.9999526739120483,
    "mean": 0.8007081151008606,
    "std": 0.10807326436042786,
    "median": 0.8052136898040771,
    "q1": 0.7566120624542236,
    "q3": 0.8524468541145325,
    "k": 64
}