{
    "layer": 2,
    "name": "ln2_sae_variance_explained",
    "shape": "torch.Size([128000])",
    "min": 0.27083396911621094,
    "max": 0.9999918341636658,
    "mean": 0.8955966830253601,
    "std": 0.08206061273813248,
    "median": 0.9210097789764404,
    "q1": 0.8710171580314636,
    "q3": 0.9484887719154358,
    "k": 16
}