{
    "layer": 5,
    "name": "ln2_sae_variance_explained",
    "shape": "torch.Size([128000])",
    "min": 0.42144888639450073,
    "max": 0.9999979138374329,
    "mean": 0.8661874532699585,
    "std": 0.06383296102285385,
    "median": 0.8754537105560303,
    "q1": 0.8367773294448853,
    "q3": 0.9076323509216309,
    "k": 32
}