{
    "layer": 8,
    "name": "ln2_sae_variance_explained",
    "shape": "torch.Size([128000])",
    "min": -0.3135937452316284,
    "max": 0.9989627003669739,
    "mean": 0.27329519391059875,
    "std": 0.21241389214992523,
    "median": 0.24688172340393066,
    "q1": 0.11698213219642639,
    "q3": 0.4062560200691223,
    "k": 1
}