{
    "layer": 7,
    "name": "ln2_sae_variance_explained",
    "shape": "torch.Size([128000])",
    "min": 0.44592535495758057,
    "max": 0.9999779462814331,
    "mean": 0.852324366569519,
    "std": 0.05629517138004303,
    "median": 0.8554561138153076,
    "q1": 0.8205265998840332,
    "q3": 0.8875407576560974,
    "k": 128
}