{
    "layer": 8,
    "name": "ln2_sae_variance_explained",
    "shape": "torch.Size([128000])",
    "min": 0.1531599760055542,
    "max": 0.9999939799308777,
    "mean": 0.7612059712409973,
    "std": 0.10150934010744095,
    "median": 0.7661924362182617,
    "q1": 0.7004072666168213,
    "q3": 0.8284631967544556,
    "k": 16
}