{
    "layer": 6,
    "name": "ln2_sae_variance_explained",
    "shape": "torch.Size([128000])",
    "min": 0.42760568857192993,
    "max": 0.9999904036521912,
    "mean": 0.8653278946876526,
    "std": 0.05419425666332245,
    "median": 0.8695886135101318,
    "q1": 0.8354576230049133,
    "q3": 0.9000575542449951,
    "k": 128
}