{
    "layer": 3,
    "name": "ln2_sae_variance_explained",
    "shape": "torch.Size([128000])",
    "min": 0.4728981852531433,
    "max": 0.9999813437461853,
    "mean": 0.8984639644622803,
    "std": 0.055022142827510834,
    "median": 0.9103543758392334,
    "q1": 0.8753341436386108,
    "q3": 0.934927225112915,
    "k": 32
}