{
    "layer": 10,
    "name": "ln2_sae_variance_explained",
    "shape": "torch.Size([128000])",
    "min": -0.11394858360290527,
    "max": 0.999567449092865,
    "mean": 0.5168269872665405,
    "std": 0.16937468945980072,
    "median": 0.5091758966445923,
    "q1": 0.40002936124801636,
    "q3": 0.6252678036689758,
    "k": 4
}