{
    "layer": 0,
    "name": "ln2_sae_variance_explained",
    "shape": "torch.Size([128000])",
    "min": -1.3066694736480713,
    "max": 0.9602447152137756,
    "mean": 0.18076717853546143,
    "std": 0.4981110990047455,
    "median": 0.23316168785095215,
    "q1": -0.2395477592945099,
    "q3": 0.6505411863327026,
    "k": 1
}