{
    "layer": 2,
    "name": "ln2_sae_variance_explained",
    "shape": "torch.Size([128000])",
    "min": 0.4326972961425781,
    "max": 0.9999918341636658,
    "mean": 0.9185666441917419,
    "std": 0.05550888180732727,
    "median": 0.9335172176361084,
    "q1": 0.8995633125305176,
    "q3": 0.9548169374465942,
    "k": 32
}