{
    "layer": 6,
    "name": "ln2_sae_variance_explained",
    "shape": "torch.Size([128000])",
    "min": 0.035193562507629395,
    "max": 0.9999858140945435,
    "mean": 0.7265306711196899,
    "std": 0.12567515671253204,
    "median": 0.7396866679191589,
    "q1": 0.6556905508041382,
    "q3": 0.8122400045394897,
    "k": 8
}