{
    "layer": 5,
    "name": "ln2_sae_variance_explained",
    "shape": "torch.Size([128000])",
    "min": -0.18409371376037598,
    "max": 0.9998575448989868,
    "mean": 0.5369259119033813,
    "std": 0.1868310123682022,
    "median": 0.5513055324554443,
    "q1": 0.4138892889022827,
    "q3": 0.6704157590866089,
    "k": 2
}