{
    "layer": 10,
    "name": "ln2_sae_variance_explained",
    "shape": "torch.Size([128000])",
    "min": 0.15267568826675415,
    "max": 0.9999987483024597,
    "mean": 0.731438398361206,
    "std": 0.10353797674179077,
    "median": 0.7335261702537537,
    "q1": 0.6661553382873535,
    "q3": 0.7976024150848389,
    "k": 16
}