{
    "layer": 5,
    "name": "ln2_sae_variance_explained",
    "shape": "torch.Size([128000])",
    "min": -0.24324572086334229,
    "max": 0.9994530081748962,
    "mean": 0.39751702547073364,
    "std": 0.21332402527332306,
    "median": 0.3928619623184204,
    "q1": 0.24151921272277832,
    "q3": 0.550911545753479,
    "k": 1
}