{
    "layer": 4,
    "name": "ln2_sae_variance_explained",
    "shape": "torch.Size([128000])",
    "min": -0.10453355312347412,
    "max": 0.9999083280563354,
    "mean": 0.7055173516273499,
    "std": 0.13632938265800476,
    "median": 0.7244795560836792,
    "q1": 0.6317528486251831,
    "q3": 0.7996020317077637,
    "k": 4
}