{
    "layer": 0,
    "name": "ln2_sae_variance_explained",
    "shape": "torch.Size([128000])",
    "min": 0.16370302438735962,
    "max": 0.9999783039093018,
    "mean": 0.9805002212524414,
    "std": 0.04545123130083084,
    "median": 0.9929913282394409,
    "q1": 0.9867944717407227,
    "q3": 0.9958609342575073,
    "k": 32
}