{
    "layer": 2,
    "name": "ln2_sae_variance_explained",
    "shape": "torch.Size([128000])",
    "min": 0.42663007974624634,
    "max": 0.9999918341636658,
    "mean": 0.9215537309646606,
    "std": 0.05079495906829834,
    "median": 0.9348117709159851,
    "q1": 0.9025952816009521,
    "q3": 0.9554687738418579,
    "k": 99999999
}