{
    "layer": 7,
    "name": "ln2_sae_variance_explained",
    "shape": "torch.Size([128000])",
    "min": 0.017184138298034668,
    "max": 0.9999779462814331,
    "mean": 0.6928008198738098,
    "std": 0.13291051983833313,
    "median": 0.7017278671264648,
    "q1": 0.6121076345443726,
    "q3": 0.783174455165863,
    "k": 8
}