{
    "layer": 11,
    "name": "ln2_sae_variance_explained",
    "shape": "torch.Size([128000])",
    "min": -5.146751403808594,
    "max": 0.9980648159980774,
    "mean": 0.44293174147605896,
    "std": 0.3939824104309082,
    "median": 0.4582235813140869,
    "q1": 0.36092275381088257,
    "q3": 0.5700904130935669,
    "k": 4
}