{
    "layer": 1,
    "name": "ln2_sae_variance_explained",
    "shape": "torch.Size([128000])",
    "min": 0.4986015558242798,
    "max": 0.9999932050704956,
    "mean": 0.9549323916435242,
    "std": 0.03742962330579758,
    "median": 0.9651961922645569,
    "q1": 0.9517735242843628,
    "q3": 0.9741564393043518,
    "k": 99999999
}