{
    "layer": 3,
    "name": "ln2_sae_variance_explained",
    "shape": "torch.Size([128000])",
    "min": 0.32442647218704224,
    "max": 0.9999813437461853,
    "mean": 0.8779811859130859,
    "std": 0.07268419116735458,
    "median": 0.8952552676200867,
    "q1": 0.8495757579803467,
    "q3": 0.9259515404701233,
    "k": 16
}