{
    "layer": 9,
    "name": "ln2_sae_variance_explained",
    "shape": "torch.Size([128000])",
    "min": -0.31834590435028076,
    "max": 0.9956085085868835,
    "mean": 0.22967875003814697,
    "std": 0.20593447983264923,
    "median": 0.1981821060180664,
    "q1": 0.08284087479114532,
    "q3": 0.34722787141799927,
    "k": 1
}