{
    "layer": 4,
    "name": "ln2_sae_variance_explained",
    "shape": "torch.Size([128000])",
    "min": -0.17991864681243896,
    "max": 0.9995871186256409,
    "mean": 0.5923288464546204,
    "std": 0.1717633605003357,
    "median": 0.6103657484054565,
    "q1": 0.48643648624420166,
    "q3": 0.7148239612579346,
    "k": 2
}