{
    "layer": 3,
    "name": "ln2_sae_variance_explained",
    "shape": "torch.Size([128000])",
    "min": 0.4755603075027466,
    "max": 0.9999813437461853,
    "mean": 0.9008338451385498,
    "std": 0.05151333287358284,
    "median": 0.9114122986793518,
    "q1": 0.8775721788406372,
    "q3": 0.935459315776825,
    "k": 64
}