{
    "layer": 11,
    "name": "ln2_sae_variance_explained",
    "shape": "torch.Size([128000])",
    "min": -3.660555839538574,
    "max": 0.9659879803657532,
    "mean": 0.1658204048871994,
    "std": 0.3700439929962158,
    "median": 0.17416560649871826,
    "q1": 0.09929938614368439,
    "q3": 0.27213311195373535,
    "k": 1
}