{
    "layer": 9,
    "name": "ln2_sae_variance_explained",
    "shape": "torch.Size([128000])",
    "min": 0.3553354740142822,
    "max": 0.9999938607215881,
    "mean": 0.8060043454170227,
    "std": 0.0769873559474945,
    "median": 0.809974730014801,
    "q1": 0.7605417966842651,
    "q3": 0.8558695316314697,
    "k": 32
}