{
    "layer": 10,
    "name": "ln2_sae_variance_explained",
    "shape": "torch.Size([128000])",
    "min": 0.03355318307876587,
    "max": 0.9999977350234985,
    "mean": 0.638203501701355,
    "std": 0.137620210647583,
    "median": 0.6370058059692383,
    "q1": 0.5477944016456604,
    "q3": 0.7263558506965637,
    "k": 8
}