{
    "layer": 8,
    "name": "ln2_sae_variance_explained",
    "shape": "torch.Size([128000])",
    "min": 0.4404536485671997,
    "max": 0.9999939799308777,
    "mean": 0.8478471040725708,
    "std": 0.05591575801372528,
    "median": 0.8503002524375916,
    "q1": 0.8151620626449585,
    "q3": 0.8826930522918701,
    "k": 128
}