{
    "layer": 3,
    "name": "ln2_sae_variance_explained",
    "shape": "torch.Size([128000])",
    "min": 0.4755603075027466,
    "max": 0.9999813437461853,
    "mean": 0.9008457064628601,
    "std": 0.05149286985397339,
    "median": 0.9114133715629578,
    "q1": 0.8775847554206848,
    "q3": 0.935461163520813,
    "k": 99999999
}