{
    "layer": 7,
    "name": "ln2_sae_variance_explained",
    "shape": "torch.Size([128000])",
    "min": -0.21087658405303955,
    "max": 0.9994341731071472,
    "mean": 0.4523639380931854,
    "std": 0.19871166348457336,
    "median": 0.45566487312316895,
    "q1": 0.3115708827972412,
    "q3": 0.5893234610557556,
    "k": 2
}