{
    "layer": 4,
    "name": "ln2_sae_variance_explained",
    "shape": "torch.Size([128000])",
    "min": 0.27153778076171875,
    "max": 0.9999958872795105,
    "mean": 0.8607089519500732,
    "std": 0.07490185648202896,
    "median": 0.8750059008598328,
    "q1": 0.8281987905502319,
    "q3": 0.9101498126983643,
    "k": 16
}