{
    "layer": 10,
    "name": "ln2_sae_variance_explained",
    "shape": "torch.Size([128000])",
    "min": 0.31540513038635254,
    "max": 0.9999987483024597,
    "mean": 0.8047069907188416,
    "std": 0.0675390362739563,
    "median": 0.807542622089386,
    "q1": 0.7662867903709412,
    "q3": 0.8450961112976074,
    "k": 128
}