{
    "layer": 2,
    "name": "ln2_sae_variance_explained",
    "shape": "torch.Size([128000])",
    "min": 0.42661231756210327,
    "max": 0.9999918341636658,
    "mean": 0.9215417504310608,
    "std": 0.05082103610038757,
    "median": 0.9348081350326538,
    "q1": 0.9025944471359253,
    "q3": 0.9554632902145386,
    "k": 64
}