{
    "layer": 0,
    "name": "ln2_sae_variance_explained",
    "shape": "torch.Size([128000])",
    "min": -0.3377739191055298,
    "max": 0.9999783039093018,
    "mean": 0.9682556986808777,
    "std": 0.08823227882385254,
    "median": 0.9918125867843628,
    "q1": 0.9826306700706482,
    "q3": 0.995495080947876,
    "k": 16
}