{
    "layer": 10,
    "name": "ln2_sae_variance_explained",
    "shape": "torch.Size([128000])",
    "min": -0.24955546855926514,
    "max": 0.995169997215271,
    "mean": 0.24324370920658112,
    "std": 0.19686086475849152,
    "median": 0.21164804697036743,
    "q1": 0.10258661210536957,
    "q3": 0.3501932621002197,
    "k": 1
}