{
    "layer": 5,
    "name": "ln2_sae_variance_explained",
    "shape": "torch.Size([128000])",
    "min": 0.39760512113571167,
    "max": 0.9999979138374329,
    "mean": 0.8740622997283936,
    "std": 0.055689021944999695,
    "median": 0.8805563449859619,
    "q1": 0.846325159072876,
    "q3": 0.9098564386367798,
    "k": 64
}