{
    "layer": 6,
    "name": "ln2_sae_variance_explained",
    "shape": "torch.Size([128000])",
    "min": -0.3620516061782837,
    "max": 0.9988700151443481,
    "mean": 0.3511231541633606,
    "std": 0.21841108798980713,
    "median": 0.33998948335647583,
    "q1": 0.18898344039916992,
    "q3": 0.5036470293998718,
    "k": 1
}