{
    "layer": 7,
    "name": "ln2_sae_variance_explained",
    "shape": "torch.Size([128000])",
    "min": 0.41536015272140503,
    "max": 0.9999779462814331,
    "mean": 0.8339554071426392,
    "std": 0.07006213814020157,
    "median": 0.8400347232818604,
    "q1": 0.7954220771789551,
    "q3": 0.8794662356376648,
    "k": 32
}