{
    "layer": 0,
    "name": "ln2_sae_variance_explained",
    "shape": "torch.Size([128000])",
    "min": -0.4802361726760864,
    "max": 0.9999783039093018,
    "mean": 0.9402366876602173,
    "std": 0.1382211446762085,
    "median": 0.9818019866943359,
    "q1": 0.9611512422561646,
    "q3": 0.9897581934928894,
    "k": 8
}