{
    "layer": 11,
    "name": "ln2_sae_variance_explained",
    "shape": "torch.Size([128000])",
    "min": -3.6743083000183105,
    "max": 0.9924461841583252,
    "mean": 0.30763348937034607,
    "std": 0.39011168479919434,
    "median": 0.31580883264541626,
    "q1": 0.22427622973918915,
    "q3": 0.4305572509765625,
    "k": 2
}