{
    "layer": 6,
    "name": "ln2_sae_variance_explained",
    "shape": "torch.Size([128000])",
    "min": 0.4320419430732727,
    "max": 0.9999904036521912,
    "mean": 0.8650678396224976,
    "std": 0.05471893027424812,
    "median": 0.8696266412734985,
    "q1": 0.8353937268257141,
    "q3": 0.9000648260116577,
    "k": 64
}