{
    "layer": 8,
    "name": "ln2_sae_variance_explained",
    "shape": "torch.Size([128000])",
    "min": 0.4404536485671997,
    "max": 0.9999939799308777,
    "mean": 0.8478425145149231,
    "std": 0.05592254549264908,
    "median": 0.8502998948097229,
    "q1": 0.8151596784591675,
    "q3": 0.8826931118965149,
    "k": 99999999
}