{
    "layer": 11,
    "name": "ln2_sae_variance_explained",
    "shape": "torch.Size([128000])",
    "min": -6.021472454071045,
    "max": 0.9999526739120483,
    "mean": 0.8018753528594971,
    "std": 0.10824104398488998,
    "median": 0.8066083192825317,
    "q1": 0.7585873007774353,
    "q3": 0.8531988859176636,
    "k": 99999999
}