{
    "layer": 3,
    "name": "ln2_sae_variance_explained",
    "shape": "torch.Size([128000])",
    "min": -0.2255401611328125,
    "max": 0.9994171261787415,
    "mean": 0.528577446937561,
    "std": 0.18990609049797058,
    "median": 0.542316734790802,
    "q1": 0.40160322189331055,
    "q3": 0.669200599193573,
    "k": 1
}