{
    "layer": 3,
    "name": "ln2_sae_variance_explained",
    "shape": "torch.Size([128000])",
    "min": 0.13368433713912964,
    "max": 0.9999777674674988,
    "mean": 0.8238245248794556,
    "std": 0.09747958183288574,
    "median": 0.8429960012435913,
    "q1": 0.7817429304122925,
    "q3": 0.8890016078948975,
    "k": 8
}