{
    "layer": 3,
    "name": "ln2_sae_variance_explained",
    "shape": "torch.Size([128000])",
    "min": -0.17087364196777344,
    "max": 0.9997588992118835,
    "mean": 0.6489681601524353,
    "std": 0.15643060207366943,
    "median": 0.6698558330535889,
    "q1": 0.563041090965271,
    "q3": 0.7597072124481201,
    "k": 2
}