{
    "layer": 11,
    "name": "ln2_sae_variance_explained",
    "shape": "torch.Size([128000])",
    "min": -5.160967826843262,
    "max": 0.9999526739120483,
    "mean": 0.7135091423988342,
    "std": 0.1284734457731247,
    "median": 0.7126203775405884,
    "q1": 0.6401622891426086,
    "q3": 0.7852547764778137,
    "k": 16
}