{
    "layer": 7,
    "name": "ln2_sae_variance_explained",
    "shape": "torch.Size([128000])",
    "min": 0.44592535495758057,
    "max": 0.9999779462814331,
    "mean": 0.852323055267334,
    "std": 0.056297026574611664,
    "median": 0.8554558753967285,
    "q1": 0.820523202419281,
    "q3": 0.8875407576560974,
    "k": 99999999
}