{
    "layer": 9,
    "name": "ln2_sae_variance_explained",
    "shape": "torch.Size([128000])",
    "min": 0.44901353120803833,
    "max": 0.9999938607215881,
    "mean": 0.8383164405822754,
    "std": 0.05839748680591583,
    "median": 0.8413099050521851,
    "q1": 0.8044971823692322,
    "q3": 0.8745095729827881,
    "k": 99999999
}