{
    "layer": 10,
    "name": "ln2_sae_variance_explained",
    "shape": "torch.Size([128000])",
    "min": -0.20309507846832275,
    "max": 0.9975151419639587,
    "mean": 0.38038182258605957,
    "std": 0.19082753360271454,
    "median": 0.3616253137588501,
    "q1": 0.24347339570522308,
    "q3": 0.49711012840270996,
    "k": 2
}