{
    "layer": 4,
    "name": "ln2_sae_variance_explained",
    "shape": "torch.Size([128000])",
    "min": 0.04690146446228027,
    "max": 0.9999957084655762,
    "mean": 0.7963775396347046,
    "std": 0.10385111719369888,
    "median": 0.8141106367111206,
    "q1": 0.7463639974594116,
    "q3": 0.8663426041603088,
    "k": 8
}