{
    "layer": 0,
    "name": "ln2_sae_variance_explained",
    "shape": "torch.Size([128000])",
    "min": 0.5178449153900146,
    "max": 0.9999783039093018,
    "mean": 0.9848445057868958,
    "std": 0.028199512511491776,
    "median": 0.9934238195419312,
    "q1": 0.9883365035057068,
    "q3": 0.9959971904754639,
    "k": 64
}