{
    "layer": 10,
    "name": "ln2_sae_variance_explained",
    "shape": "torch.Size([128000])",
    "min": 0.24028277397155762,
    "max": 0.9999987483024597,
    "mean": 0.7872781753540039,
    "std": 0.07752298563718796,
    "median": 0.7901912927627563,
    "q1": 0.7410672903060913,
    "q3": 0.8356010913848877,
    "k": 32
}