{
    "layer": 1,
    "name": "ln2_sae_variance_explained",
    "shape": "torch.Size([128000])",
    "min": -0.1296635866165161,
    "max": 0.9996540546417236,
    "mean": 0.8586617708206177,
    "std": 0.10814595967531204,
    "median": 0.8845646977424622,
    "q1": 0.8388071060180664,
    "q3": 0.9160571098327637,
    "k": 4
}