{
    "layer": 1,
    "name": "ln2_sae_variance_explained",
    "shape": "torch.Size([128000])",
    "min": -0.5223501920700073,
    "max": 0.9465553760528564,
    "mean": 0.4745529294013977,
    "std": 0.2423037886619568,
    "median": 0.513114869594574,
    "q1": 0.3198304772377014,
    "q3": 0.6677761077880859,
    "k": 1
}