{
    "layer": 2,
    "name": "ln2_sae_variance_explained",
    "shape": "torch.Size([128000])",
    "min": -0.11379420757293701,
    "max": 0.9987605214118958,
    "mean": 0.7386525273323059,
    "std": 0.13595803081989288,
    "median": 0.7622958421707153,
    "q1": 0.6725993752479553,
    "q3": 0.8313143849372864,
    "k": 4
}