{
    "layer": 2,
    "name": "ln2_sae_variance_explained",
    "shape": "torch.Size([128000])",
    "min": 0.040799856185913086,
    "max": 0.999987781047821,
    "mean": 0.8304833173751831,
    "std": 0.11198193579912186,
    "median": 0.8563451170921326,
    "q1": 0.781900942325592,
    "q3": 0.9086853265762329,
    "k": 8
}