{
    "layer": 10,
    "name": "ln2_sae_variance_explained",
    "shape": "torch.Size([128000])",
    "min": 0.3225388526916504,
    "max": 0.9999987483024597,
    "mean": 0.8043755888938904,
    "std": 0.0677027776837349,
    "median": 0.8072134256362915,
    "q1": 0.7655876874923706,
    "q3": 0.8450356721878052,
    "k": 64
}