{
    "layer": 5,
    "name": "ln2_sae_variance_explained",
    "shape": "torch.Size([128000])",
    "min": 0.08586734533309937,
    "max": 0.9999979138374329,
    "mean": 0.7557545304298401,
    "std": 0.11842983216047287,
    "median": 0.7720770835876465,
    "q1": 0.6937233209609985,
    "q3": 0.8367644548416138,
    "k": 8
}