{
    "layer": 8,
    "name": "ln2_sae_variance_explained",
    "shape": "torch.Size([128000])",
    "min": -0.008472084999084473,
    "max": 0.9999939799308777,
    "mean": 0.6673837900161743,
    "std": 0.1368669867515564,
    "median": 0.6717182397842407,
    "q1": 0.5809430480003357,
    "q3": 0.7590892314910889,
    "k": 8
}