{
    "layer": 8,
    "name": "ln2_sae_variance_explained",
    "shape": "torch.Size([128000])",
    "min": 0.3083389401435852,
    "max": 0.9999939799308777,
    "mean": 0.8223811984062195,
    "std": 0.07256661355495453,
    "median": 0.8269131779670715,
    "q1": 0.7802732586860657,
    "q3": 0.8695821166038513,
    "k": 32
}