{
    "layer": 6,
    "name": "ln2_sae_variance_explained",
    "shape": "torch.Size([128000])",
    "min": -0.13364708423614502,
    "max": 0.9999218583106995,
    "mean": 0.6204598546028137,
    "std": 0.16241462528705597,
    "median": 0.6353510022163391,
    "q1": 0.520736038684845,
    "q3": 0.7328798174858093,
    "k": 4
}