{
    "layer": 9,
    "name": "ln2_sae_variance_explained",
    "shape": "torch.Size([128000])",
    "min": 0.20706647634506226,
    "max": 0.9999938607215881,
    "mean": 0.7375723719596863,
    "std": 0.10665770620107651,
    "median": 0.741021454334259,
    "q1": 0.6721179485321045,
    "q3": 0.8070348501205444,
    "k": 16
}