{
    "layer": 4,
    "name": "ln2_sae_variance_explained",
    "shape": "torch.Size([128000])",
    "min": 0.49518078565597534,
    "max": 0.9999958872795105,
    "mean": 0.8911115527153015,
    "std": 0.05077192187309265,
    "median": 0.8989245295524597,
    "q1": 0.8660672307014465,
    "q3": 0.9247803688049316,
    "k": 99999999
}