{
    "layer": 7,
    "name": "ln2_sae_variance_explained",
    "shape": "torch.Size([128000])",
    "min": 0.17531269788742065,
    "max": 0.9999779462814331,
    "mean": 0.7795860171318054,
    "std": 0.09786980599164963,
    "median": 0.7874906659126282,
    "q1": 0.7235945463180542,
    "q3": 0.8451618552207947,
    "k": 16
}