{
    "layer": 6,
    "name": "ln2_sae_variance_explained",
    "shape": "torch.Size([128000])",
    "min": -0.26243162155151367,
    "max": 0.999767541885376,
    "mean": 0.4938735365867615,
    "std": 0.19605499505996704,
    "median": 0.5037672519683838,
    "q1": 0.3601398766040802,
    "q3": 0.6328019499778748,
    "k": 2
}