{
    "layer": 1,
    "name": "ln2_sae_variance_explained",
    "shape": "torch.Size([128000])",
    "min": 0.4986015558242798,
    "max": 0.9999932050704956,
    "mean": 0.9549257755279541,
    "std": 0.03745030239224434,
    "median": 0.9651952385902405,
    "q1": 0.9517687559127808,
    "q3": 0.9741530418395996,
    "k": 64
}