{
    "layer": 8,
    "name": "ln2_sae_variance_explained",
    "shape": "torch.Size([128000])",
    "min": 0.4404370188713074,
    "max": 0.9999939799308777,
    "mean": 0.8463934063911438,
    "std": 0.05741596221923828,
    "median": 0.8493722677230835,
    "q1": 0.8130722045898438,
    "q3": 0.8823913335800171,
    "k": 64
}