{
    "layer": 4,
    "name": "ln2_sae_variance_explained",
    "shape": "torch.Size([128000])",
    "min": 0.4951840043067932,
    "max": 0.9999958872795105,
    "mean": 0.8910849094390869,
    "std": 0.050830237567424774,
    "median": 0.8989183306694031,
    "q1": 0.8660668134689331,
    "q3": 0.9247822761535645,
    "k": 64
}