{
    "layer": 8,
    "name": "ln2_sae_variance_explained",
    "shape": "torch.Size([128000])",
    "min": -0.131638765335083,
    "max": 0.9999535083770752,
    "mean": 0.5500145554542542,
    "std": 0.17102335393428802,
    "median": 0.5524919033050537,
    "q1": 0.43459925055503845,
    "q3": 0.6649414300918579,
    "k": 4
}