{
    "layer": 7,
    "name": "ln2_sae_variance_explained",
    "shape": "torch.Size([128000])",
    "min": -0.16220355033874512,
    "max": 0.9998498558998108,
    "mean": 0.5818527936935425,
    "std": 0.16843146085739136,
    "median": 0.5912262201309204,
    "q1": 0.4723065495491028,
    "q3": 0.6969565749168396,
    "k": 4
}