{
    "layer": 6,
    "name": "ln2_sae_variance_explained",
    "shape": "torch.Size([128000])",
    "min": 0.36608976125717163,
    "max": 0.9999904036521912,
    "mean": 0.8530668020248413,
    "std": 0.06532785296440125,
    "median": 0.8604322671890259,
    "q1": 0.8197804689407349,
    "q3": 0.8956668972969055,
    "k": 32
}