{
    "layer": 9,
    "name": "ln2_sae_variance_explained",
    "shape": "torch.Size([128000])",
    "min": 0.44728654623031616,
    "max": 0.9999938607215881,
    "mean": 0.8355879187583923,
    "std": 0.06055593118071556,
    "median": 0.8389930725097656,
    "q1": 0.8005515336990356,
    "q3": 0.8735504746437073,
    "k": 64
}