{
    "layer": 11,
    "name": "ln2_sae_variance_explained",
    "shape": "torch.Size([128000])",
    "min": -5.731648921966553,
    "max": 0.9999526739120483,
    "mean": 0.7785787582397461,
    "std": 0.11351632326841354,
    "median": 0.7816222310066223,
    "q1": 0.7248637080192566,
    "q3": 0.8369409441947937,
    "k": 32
}