{
    "layer": 6,
    "name": "ln2_sae_variance_explained",
    "shape": "torch.Size([128000])",
    "min": 0.23842573165893555,
    "max": 0.9999904036521912,
    "mean": 0.8067320585250854,
    "std": 0.09129491448402405,
    "median": 0.817462682723999,
    "q1": 0.7587197422981262,
    "q3": 0.867962121963501,
    "k": 16
}