{
    "layer": 9,
    "name": "ln2_sae_variance_explained",
    "shape": "torch.Size([128000])",
    "min": -0.23496615886688232,
    "max": 0.9989364147186279,
    "mean": 0.3711414039134979,
    "std": 0.19731365144252777,
    "median": 0.35519808530807495,
    "q1": 0.2300676852464676,
    "q3": 0.49572235345840454,
    "k": 2
}