{
    "layer": 1,
    "name": "ln2_sae_variance_explained",
    "shape": "torch.Size([128000])",
    "min": 0.1028549075126648,
    "max": 0.9999932050704956,
    "mean": 0.9235497713088989,
    "std": 0.08025121688842773,
    "median": 0.9458462595939636,
    "q1": 0.9196397662162781,
    "q3": 0.9610622525215149,
    "k": 8
}