{
    "layer": 0,
    "name": "ln2_sae_variance_explained",
    "shape": "torch.Size([128000])",
    "min": 0.5178106427192688,
    "max": 0.9999783039093018,
    "mean": 0.9852776527404785,
    "std": 0.026647286489605904,
    "median": 0.9934805035591125,
    "q1": 0.988538920879364,
    "q3": 0.9960110783576965,
    "k": 128
}