{
    "layer": 5,
    "name": "ln2_sae_variance_explained",
    "shape": "torch.Size([128000])",
    "min": -0.11767065525054932,
    "max": 0.9999653697013855,
    "mean": 0.6573069095611572,
    "std": 0.1531074494123459,
    "median": 0.6749961376190186,
    "q1": 0.5689157247543335,
    "q3": 0.7638393640518188,
    "k": 4
}