{
    "layer": 7,
    "name": "ln2_sae_variance_explained",
    "shape": "torch.Size([128000])",
    "min": 0.45193302631378174,
    "max": 0.9999779462814331,
    "mean": 0.8517967462539673,
    "std": 0.057041894644498825,
    "median": 0.8552589416503906,
    "q1": 0.8199082016944885,
    "q3": 0.8875329494476318,
    "k": 64
}