{
    "layer": 2,
    "name": "ln2_sae_variance_explained",
    "shape": "torch.Size([128000])",
    "min": -0.22344279289245605,
    "max": 0.9910372495651245,
    "mean": 0.6264462471008301,
    "std": 0.15905876457691193,
    "median": 0.650910496711731,
    "q1": 0.543872594833374,
    "q3": 0.7349261045455933,
    "k": 2
}