{
    "layer": 4,
    "name": "ln2_sae_variance_explained",
    "shape": "torch.Size([128000])",
    "min": 0.4412538409233093,
    "max": 0.9999958872795105,
    "mean": 0.888182520866394,
    "std": 0.05518193542957306,
    "median": 0.8977500200271606,
    "q1": 0.8635059595108032,
    "q3": 0.9241248965263367,
    "k": 32
}