{
    "layer": 4,
    "name": "ln2_sae_variance_explained",
    "shape": "torch.Size([128000])",
    "min": -0.31105005741119385,
    "max": 0.9985144734382629,
    "mean": 0.4571855366230011,
    "std": 0.20410369336605072,
    "median": 0.4617319703102112,
    "q1": 0.3114127218723297,
    "q3": 0.6068397760391235,
    "k": 1
}