{
    "layer": 7,
    "name": "ln2_sae_variance_explained",
    "shape": "torch.Size([128000])",
    "min": -0.2861737012863159,
    "max": 0.9977002143859863,
    "mean": 0.3067462146282196,
    "std": 0.21735185384750366,
    "median": 0.2878197431564331,
    "q1": 0.14462244510650635,
    "q3": 0.4515082538127899,
    "k": 1
}