{
    "layer": 5,
    "name": "ln2_sae_variance_explained",
    "shape": "torch.Size([128000])",
    "min": 0.3982236981391907,
    "max": 0.9999979138374329,
    "mean": 0.8742419481277466,
    "std": 0.055338114500045776,
    "median": 0.8805972337722778,
    "q1": 0.8464263081550598,
    "q3": 0.9098587036132812,
    "k": 99999999
}