{
    "layer": 9,
    "name": "ln2_sae_variance_explained",
    "shape": "torch.Size([128000])",
    "min": 0.01825767755508423,
    "max": 0.9999901652336121,
    "mean": 0.6351790428161621,
    "std": 0.14151321351528168,
    "median": 0.636031448841095,
    "q1": 0.5439704060554504,
    "q3": 0.7274976968765259,
    "k": 8
}