{
    "layer": 5,
    "name": "ln2_sae_variance_explained",
    "shape": "torch.Size([128000])",
    "min": 0.3012107014656067,
    "max": 0.9999979138374329,
    "mean": 0.8277249932289124,
    "std": 0.08679971843957901,
    "median": 0.8406039476394653,
    "q1": 0.7859373092651367,
    "q3": 0.8857569694519043,
    "k": 16
}