{
    "layer": 1,
    "name": "ln2_sae_variance_explained",
    "shape": "torch.Size([128000])",
    "min": 0.27996426820755005,
    "max": 0.9999932050704956,
    "mean": 0.9477371573448181,
    "std": 0.05465533584356308,
    "median": 0.9629935622215271,
    "q1": 0.9466227889060974,
    "q3": 0.972939133644104,
    "k": 16
}