{
    "layer": 9,
    "name": "ln2_sae_variance_explained",
    "shape": "torch.Size([128000])",
    "min": 0.44901353120803833,
    "max": 0.9999938607215881,
    "mean": 0.8383213877677917,
    "std": 0.058393266052007675,
    "median": 0.8413117527961731,
    "q1": 0.8045060634613037,
    "q3": 0.8745112419128418,
    "k": 128
}