{
    "layer": 0,
    "name": "ln2_sae_variance_explained",
    "shape": "torch.Size([128000])",
    "min": 0.5178106427192688,
    "max": 0.9999783039093018,
    "mean": 0.9852808713912964,
    "std": 0.026637328788638115,
    "median": 0.9934806227684021,
    "q1": 0.9885393977165222,
    "q3": 0.9960111379623413,
    "k": 99999999
}