{
    "layer": 0,
    "name": "ln2_sae_variance_explained",
    "shape": "torch.Size([128000])",
    "min": -0.8091217279434204,
    "max": 0.9915652871131897,
    "mean": 0.7927064299583435,
    "std": 0.19657957553863525,
    "median": 0.8552498817443848,
    "q1": 0.7257677316665649,
    "q3": 0.9252486228942871,
    "k": 4
}