{
    "layer": 10,
    "name": "ln2_sae_variance_explained",
    "shape": "torch.Size([128000])",
    "min": 0.31540513038635254,
    "max": 0.9999987483024597,
    "mean": 0.8047032952308655,
    "std": 0.06754467636346817,
    "median": 0.8075399994850159,
    "q1": 0.7662843465805054,
    "q3": 0.8450948596000671,
    "k": 99999999
}