{
    "layer": 1,
    "name": "ln2_sae_variance_explained",
    "shape": "torch.Size([128000])",
    "min": 0.45154982805252075,
    "max": 0.9999932050704956,
    "mean": 0.954170286655426,
    "std": 0.039653073996305466,
    "median": 0.9649871587753296,
    "q1": 0.9512671828269958,
    "q3": 0.9740357398986816,
    "k": 32
}