{
    "layer": 0,
    "name": "ln2_sae_variance_explained",
    "shape": "torch.Size([128000])",
    "min": -0.7838535308837891,
    "max": 0.9764195680618286,
    "mean": 0.4970896542072296,
    "std": 0.32929229736328125,
    "median": 0.568459153175354,
    "q1": 0.24619244039058685,
    "q3": 0.7892764806747437,
    "k": 2
}