{
    "layer": 2,
    "name": "ln2_sae_variance_explained",
    "shape": "torch.Size([128000])",
    "min": -0.3506280183792114,
    "max": 0.9455090165138245,
    "mean": 0.4795036017894745,
    "std": 0.20171907544136047,
    "median": 0.506581723690033,
    "q1": 0.3532799780368805,
    "q3": 0.6284486055374146,
    "k": 1
}