{
    "layer": 11,
    "name": "ln2_sae_variance_explained",
    "shape": "torch.Size([128000])",
    "min": -6.021472454071045,
    "max": 0.9999526739120483,
    "mean": 0.8018776774406433,
    "std": 0.10823161900043488,
    "median": 0.8066076040267944,
    "q1": 0.7585873007774353,
    "q3": 0.853204071521759,
    "k": 128
}