{
    "layer": 11,
    "name": "ln2_sae_variance_explained",
    "shape": "torch.Size([128000])",
    "min": -5.195394992828369,
    "max": 0.9999526739120483,
    "mean": 0.6069636344909668,
    "std": 0.15399856865406036,
    "median": 0.5980507731437683,
    "q1": 0.5096164345741272,
    "q3": 0.6947634220123291,
    "k": 8
}