{
    "layer": 9,
    "name": "ln2_sae_variance_explained",
    "shape": "torch.Size([128000])",
    "min": -0.13375341892242432,
    "max": 0.9998393654823303,
    "mean": 0.5095060467720032,
    "std": 0.17377178370952606,
    "median": 0.5046625137329102,
    "q1": 0.3910951614379883,
    "q3": 0.6219499111175537,
    "k": 4
}