{
    "layer": 3,
    "name": "ln2_sae_variance_explained",
    "shape": "torch.Size([128000])",
    "min": -0.022623777389526367,
    "max": 0.9998089075088501,
    "mean": 0.744396984577179,
    "std": 0.12611468136310577,
    "median": 0.7655999064445496,
    "q1": 0.6851825714111328,
    "q3": 0.8297563195228577,
    "k": 4
}