{
    "layer": 8,
    "name": "ln2_sae_variance_explained",
    "shape": "torch.Size([128000])",
    "min": -0.23447227478027344,
    "max": 0.9998177886009216,
    "mean": 0.4166211485862732,
    "std": 0.1979943960905075,
    "median": 0.4099096655845642,
    "q1": 0.2739216685295105,
    "q3": 0.5488215088844299,
    "k": 2
}