{
    "layer": 1,
    "name": "ln2_sae_variance_explained",
    "shape": "torch.Size([128000])",
    "min": -0.27659666538238525,
    "max": 0.9878207445144653,
    "mean": 0.7129694819450378,
    "std": 0.15097784996032715,
    "median": 0.7455229163169861,
    "q1": 0.653039276599884,
    "q3": 0.8130108714103699,
    "k": 2
}