{
    "layer": 6,
    "name": "res_sae_mse",
    "shape": "torch.Size([128000])",
    "min": 0.0001466990652261302,
    "max": 4.173097610473633,
    "mean": 0.5470549464225769,
    "std": 0.3017047643661499,
    "median": 0.48324012756347656,
    "q1": 0.3380872309207916,
    "q3": 0.6830577850341797,
    "k": 64
}