{
    "layer": 6,
    "name": "res_sae_mse",
    "shape": "torch.Size([128000])",
    "min": 0.0001466990652261302,
    "max": 191.3240203857422,
    "mean": 2.5525238513946533,
    "std": 16.76399803161621,
    "median": 0.9088273048400879,
    "q1": 0.6393427848815918,
    "q3": 1.3077797889709473,
    "k": 8
}