{
    "layer": 0,
    "name": "res_sae_mse",
    "shape": "torch.Size([128000])",
    "min": 9.741014537212322e-07,
    "max": 0.031069383025169373,
    "mean": 0.0005321247735992074,
    "std": 0.0021109904628247023,
    "median": 2.095166564686224e-05,
    "q1": 1.6877071175258607e-05,
    "q3": 3.2591004128335044e-05,
    "k": 16
}