{
    "layer": 11,
    "name": "res_sae_mse",
    "shape": "torch.Size([128000])",
    "min": 0.0011324086226522923,
    "max": 18.228857040405273,
    "mean": 4.53303337097168,
    "std": 1.6506439447402954,
    "median": 4.476457118988037,
    "q1": 3.5389580726623535,
    "q3": 5.488446235656738,
    "k": 64
}