{
    "layer": 5,
    "name": "res_sae_mse",
    "shape": "torch.Size([128000])",
    "min": 6.862635927973315e-05,
    "max": 1004.4066772460938,
    "mean": 8.870861053466797,
    "std": 88.34212493896484,
    "median": 0.87974613904953,
    "q1": 0.6454986333847046,
    "q3": 1.2374093532562256,
    "k": 4
}