{
    "layer": 3,
    "name": "res_sae_mse",
    "shape": "torch.Size([128000])",
    "min": 0.00035302762989886105,
    "max": 1.860069751739502,
    "mean": 0.17242614924907684,
    "std": 0.14602138102054596,
    "median": 0.12810266017913818,
    "q1": 0.08102986961603165,
    "q3": 0.20837146043777466,
    "k": 64
}