{
    "layer": 9,
    "name": "res_sae_mse",
    "shape": "torch.Size([128000])",
    "min": 0.0001233799703186378,
    "max": 10.600640296936035,
    "mean": 2.5182929039001465,
    "std": 1.1313695907592773,
    "median": 2.4025309085845947,
    "q1": 1.7862762212753296,
    "q3": 3.1120171546936035,
    "k": 16
}