{
    "layer": 9,
    "name": "res_sae_mse",
    "shape": "torch.Size([128000])",
    "min": 0.0001233799703186378,
    "max": 6513.4609375,
    "mean": 56.53483200073242,
    "std": 572.9652099609375,
    "median": 5.4825921058654785,
    "q1": 4.378114700317383,
    "q3": 6.849483013153076,
    "k": 2
}