{
    "layer": 6,
    "name": "res_sae_mse",
    "shape": "torch.Size([128000])",
    "min": 0.0001466990652261302,
    "max": 8638.517578125,
    "mean": 69.91631317138672,
    "std": 760.3441772460938,
    "median": 2.2136664390563965,
    "q1": 1.6955366134643555,
    "q3": 2.9898059368133545,
    "k": 1
}