{
    "layer": 4,
    "name": "res_sae_mse",
    "shape": "torch.Size([128000])",
    "min": 0.00010047367686638609,
    "max": 3.7199747562408447,
    "mean": 0.34199684858322144,
    "std": 0.28889572620391846,
    "median": 0.2614429295063019,
    "q1": 0.17098301649093628,
    "q3": 0.40889474749565125,
    "k": 16
}