{
    "layer": 8,
    "name": "res_sae_mse",
    "shape": "torch.Size([128000])",
    "min": 0.00016125570982694626,
    "max": 5.329239368438721,
    "mean": 1.0845227241516113,
    "std": 0.48325368762016296,
    "median": 1.0108766555786133,
    "q1": 0.7651543617248535,
    "q3": 1.3299894332885742,
    "k": 99999999
}