{
    "layer": 0,
    "name": "res_sae_mse",
    "shape": "torch.Size([128000])",
    "min": 9.741014537212322e-07,
    "max": 0.034733716398477554,
    "mean": 0.0007441356428898871,
    "std": 0.0027269860729575157,
    "median": 3.111586192972027e-05,
    "q1": 1.9030083421966992e-05,
    "q3": 0.00010366462083766237,
    "k": 8
}