{
    "layer": 5,
    "name": "res_sae_mse",
    "shape": "torch.Size([128000])",
    "min": 6.862635927973315e-05,
    "max": 6663.40087890625,
    "mean": 53.84830856323242,
    "std": 586.505859375,
    "median": 1.6186317205429077,
    "q1": 1.2432763576507568,
    "q3": 2.1851887702941895,
    "k": 1
}