{
    "layer": 4,
    "name": "res_sae_mse",
    "shape": "torch.Size([128000])",
    "min": 0.00010047367686638609,
    "max": 6996.75927734375,
    "mean": 55.96461868286133,
    "std": 615.8987426757812,
    "median": 1.1413029432296753,
    "q1": 0.8528832197189331,
    "q3": 1.599890947341919,
    "k": 1
}