{
    "layer": 6,
    "name": "res_sae_mse",
    "shape": "torch.Size([128000])",
    "min": 0.0001466990652261302,
    "max": 4.708395004272461,
    "mean": 0.5969254374504089,
    "std": 0.36383479833602905,
    "median": 0.5120369791984558,
    "q1": 0.35550791025161743,
    "q3": 0.735272228717804,
    "k": 32
}