{
    "layer": 3,
    "name": "res_sae_mse",
    "shape": "torch.Size([128000])",
    "min": 0.00035302762989886105,
    "max": 76.43418884277344,
    "mean": 0.882466733455658,
    "std": 6.710833549499512,
    "median": 0.20848029851913452,
    "q1": 0.1283128559589386,
    "q3": 0.33158671855926514,
    "k": 8
}