{
    "layer": 0,
    "name": "res_sae_mse",
    "shape": "torch.Size([128000])",
    "min": 9.741014537212322e-07,
    "max": 0.014266852289438248,
    "mean": 0.0003430612850934267,
    "std": 0.0012191470013931394,
    "median": 2.0936366126989014e-05,
    "q1": 1.6872218111529946e-05,
    "q3": 3.2536649086978287e-05,
    "k": 99999999
}