{
    "layer": 2,
    "name": "res_sae_mse",
    "shape": "torch.Size([128000])",
    "min": 0.007719647604972124,
    "max": 2.8806591033935547,
    "mean": 0.11252392828464508,
    "std": 0.17372524738311768,
    "median": 0.06015127897262573,
    "q1": 0.0385841503739357,
    "q3": 0.1104167029261589,
    "k": 16
}