{
    "layer": 0,
    "name": "res_sae_mse",
    "shape": "torch.Size([128000])",
    "min": 4.3281015678076074e-05,
    "max": 0.0802549496293068,
    "mean": 0.006273385137319565,
    "std": 0.008918622508645058,
    "median": 0.003398507134988904,
    "q1": 0.0014771346468478441,
    "q3": 0.007647835183888674,
    "k": 1
}