{
    "layer": 8,
    "name": "res_sae_mse",
    "shape": "torch.Size([128000])",
    "min": 0.00016125570982694626,
    "max": 5795.18701171875,
    "mean": 49.09047317504883,
    "std": 509.88800048828125,
    "median": 3.5707809925079346,
    "q1": 2.8022451400756836,
    "q3": 4.635279655456543,
    "k": 2
}