{
    "layer": 2,
    "name": "res_sae_mse",
    "shape": "torch.Size([128000])",
    "min": 0.01098210085183382,
    "max": 70.87186431884766,
    "mean": 0.7996275424957275,
    "std": 6.227099895477295,
    "median": 0.1451648473739624,
    "q1": 0.0773698091506958,
    "q3": 0.2869392931461334,
    "k": 4
}