{
    "layer": 10,
    "name": "res_sae_mse",
    "shape": "torch.Size([128000])",
    "min": 0.02670951746404171,
    "max": 13.863511085510254,
    "mean": 3.2186264991760254,
    "std": 1.40884268283844,
    "median": 3.0838212966918945,
    "q1": 2.4090895652770996,
    "q3": 3.828336238861084,
    "k": 32
}