{
    "layer": 7,
    "name": "res_sae_mse",
    "shape": "torch.Size([128000])",
    "min": 0.00015375840303022414,
    "max": 5159.25927734375,
    "mean": 42.941280364990234,
    "std": 454.00311279296875,
    "median": 2.4149062633514404,
    "q1": 1.8856072425842285,
    "q3": 3.199437141418457,
    "k": 2
}