{
    "layer": 1,
    "name": "res_sae_mse",
    "shape": "torch.Size([128000])",
    "min": 0.0006849866476841271,
    "max": 1.5115233659744263,
    "mean": 0.06728054583072662,
    "std": 0.09982481598854065,
    "median": 0.03604626655578613,
    "q1": 0.025727421045303345,
    "q3": 0.05959244444966316,
    "k": 99999999
}