{
    "layer": 8,
    "name": "res_sae_mse",
    "shape": "torch.Size([128000])",
    "min": 0.00016125570982694626,
    "max": 1974.5765380859375,
    "mean": 18.40625,
    "std": 173.58790588378906,
    "median": 2.757378339767456,
    "q1": 2.1189396381378174,
    "q3": 3.6431384086608887,
    "k": 4
}