{
    "layer": 4,
    "name": "res_sae_mse",
    "shape": "torch.Size([128000])",
    "min": 0.00010047367686638609,
    "max": 2.5303709506988525,
    "mean": 0.27694830298423767,
    "std": 0.19344796240329742,
    "median": 0.22252129018306732,
    "q1": 0.14659786224365234,
    "q3": 0.3466305732727051,
    "k": 128
}