{
    "layer": 4,
    "name": "res_sae_mse",
    "shape": "torch.Size([128000])",
    "min": 0.00010047367686638609,
    "max": 2.5320327281951904,
    "mean": 0.27705568075180054,
    "std": 0.19389401376247406,
    "median": 0.22252129018306732,
    "q1": 0.14659786224365234,
    "q3": 0.3466305732727051,
    "k": 64
}