{
    "layer": 9,
    "name": "res_sae_mse",
    "shape": "torch.Size([128000])",
    "min": 0.0001233799703186378,
    "max": 6.800540924072266,
    "mean": 1.6501508951187134,
    "std": 0.6858770847320557,
    "median": 1.578891396522522,
    "q1": 1.202704906463623,
    "q3": 2.0171010494232178,
    "k": 64
}