{
    "layer": 7,
    "name": "res_sae_mse",
    "shape": "torch.Size([128000])",
    "min": 0.00015375840303022414,
    "max": 4.703670024871826,
    "mean": 0.760464608669281,
    "std": 0.3580586314201355,
    "median": 0.6939618587493896,
    "q1": 0.5144171714782715,
    "q3": 0.9362956285476685,
    "k": 99999999
}