{
    "layer": 1,
    "name": "res_sae_mse",
    "shape": "torch.Size([128000])",
    "min": 0.000921809405554086,
    "max": 4.747857570648193,
    "mean": 0.29409724473953247,
    "std": 0.5400554537773132,
    "median": 0.13351841270923615,
    "q1": 0.07134249061346054,
    "q3": 0.2961980104446411,
    "k": 2
}