{
    "layer": 3,
    "name": "res_sae_mse",
    "shape": "torch.Size([128000])",
    "min": 0.00035302762989886105,
    "max": 3.520026206970215,
    "mean": 0.20176361501216888,
    "std": 0.21316681802272797,
    "median": 0.1416122317314148,
    "q1": 0.08863160014152527,
    "q3": 0.22897112369537354,
    "k": 16
}