{
    "layer": 5,
    "name": "res_sae_mse",
    "shape": "torch.Size([128000])",
    "min": 6.862635927973315e-05,
    "max": 3.3873701095581055,
    "mean": 0.41344013810157776,
    "std": 0.2760469317436218,
    "median": 0.34306034445762634,
    "q1": 0.2358679175376892,
    "q3": 0.5057910680770874,
    "k": 32
}