{
    "layer": 10,
    "name": "res_sae_mse",
    "shape": "torch.Size([128000])",
    "min": 0.02670951746404171,
    "max": 17.726655960083008,
    "mean": 4.000488758087158,
    "std": 1.6878855228424072,
    "median": 3.866518259048462,
    "q1": 2.9646377563476562,
    "q3": 4.844719409942627,
    "k": 16
}