{
    "layer": 10,
    "name": "res_sae_mse",
    "shape": "torch.Size([128000])",
    "min": 0.02670951746404171,
    "max": 12.287052154541016,
    "mean": 2.9614782333374023,
    "std": 1.2945228815078735,
    "median": 2.832627058029175,
    "q1": 2.2595226764678955,
    "q3": 3.4774889945983887,
    "k": 64
}