{
    "layer": 5,
    "name": "res_sae_mse",
    "shape": "torch.Size([128000])",
    "min": 6.862635927973315e-05,
    "max": 2.9750936031341553,
    "mean": 0.3873859643936157,
    "std": 0.23254486918449402,
    "median": 0.3309476673603058,
    "q1": 0.22786733508110046,
    "q3": 0.4847140312194824,
    "k": 99999999
}