{
    "layer": 11,
    "name": "res_sae_mse",
    "shape": "torch.Size([128000])",
    "min": 0.0011324086226522923,
    "max": 23.469518661499023,
    "mean": 5.047832012176514,
    "std": 1.9225397109985352,
    "median": 4.999399185180664,
    "q1": 3.872892141342163,
    "q3": 6.1805620193481445,
    "k": 32
}