{
    "layer": 3,
    "name": "res_sae_mse",
    "shape": "torch.Size([128000])",
    "min": 0.00035302762989886105,
    "max": 4069.614013671875,
    "mean": 32.420196533203125,
    "std": 358.2447204589844,
    "median": 0.5046528577804565,
    "q1": 0.3515482544898987,
    "q3": 0.7557977437973022,
    "k": 2
}