{
    "layer": 7,
    "name": "res_sae_mse",
    "shape": "torch.Size([128000])",
    "min": 0.00015375840303022414,
    "max": 4.730167865753174,
    "mean": 0.7651124596595764,
    "std": 0.3668235242366791,
    "median": 0.6950749754905701,
    "q1": 0.5149643421173096,
    "q3": 0.9397599697113037,
    "k": 64
}