{
    "layer": 10,
    "name": "res_sae_mse",
    "shape": "torch.Size([128000])",
    "min": 0.02670951746404171,
    "max": 1753.12451171875,
    "mean": 20.494422912597656,
    "std": 153.7658233642578,
    "median": 6.751180171966553,
    "q1": 5.2881622314453125,
    "q3": 8.352469444274902,
    "k": 4
}