{
    "layer": 5,
    "name": "res_sae_mse",
    "shape": "torch.Size([128000])",
    "min": 6.862635927973315e-05,
    "max": 3954.932373046875,
    "mean": 32.2748908996582,
    "std": 348.08172607421875,
    "median": 1.2208462953567505,
    "q1": 0.9243713021278381,
    "q3": 1.6634148359298706,
    "k": 2
}