{
    "layer": 11,
    "name": "res_sae_mse",
    "shape": "torch.Size([128000])",
    "min": 0.0011324086226522923,
    "max": 31.8188533782959,
    "mean": 6.4672651290893555,
    "std": 2.524448871612549,
    "median": 6.420584201812744,
    "q1": 4.921048164367676,
    "q3": 7.965136528015137,
    "k": 16
}