{
    "layer": 9,
    "name": "res_sae_mse",
    "shape": "torch.Size([128000])",
    "min": 0.0001233799703186378,
    "max": 46.24153137207031,
    "mean": 3.750363349914551,
    "std": 4.031107425689697,
    "median": 3.260788679122925,
    "q1": 2.4837818145751953,
    "q3": 4.198156356811523,
    "k": 8
}