{
    "layer": 10,
    "name": "res_sae_mse",
    "shape": "torch.Size([128000])",
    "min": 0.02670951746404171,
    "max": 5436.00146484375,
    "mean": 51.07492446899414,
    "std": 477.84503173828125,
    "median": 8.565995216369629,
    "q1": 6.871075630187988,
    "q3": 10.401241302490234,
    "k": 2
}