{
    "layer": 8,
    "name": "res_sae_mse",
    "shape": "torch.Size([128000])",
    "min": 0.00016125570982694626,
    "max": 5.436295986175537,
    "mean": 1.0984110832214355,
    "std": 0.501029908657074,
    "median": 1.0180176496505737,
    "q1": 0.7688343524932861,
    "q3": 1.3449469804763794,
    "k": 64
}