{
    "layer": 3,
    "name": "res_sae_mse",
    "shape": "torch.Size([128000])",
    "min": 0.00035302762989886105,
    "max": 5989.162109375,
    "mean": 47.654903411865234,
    "std": 527.225830078125,
    "median": 0.7215732932090759,
    "q1": 0.5263616442680359,
    "q3": 1.0507158041000366,
    "k": 1
}