{
    "layer": 9,
    "name": "res_sae_mse",
    "shape": "torch.Size([128000])",
    "min": 0.0001233799703186378,
    "max": 6.65540075302124,
    "mean": 1.6194878816604614,
    "std": 0.6571595072746277,
    "median": 1.556136965751648,
    "q1": 1.1913299560546875,
    "q3": 1.9763541221618652,
    "k": 99999999
}