{
    "layer": 5,
    "name": "res_sae_mse",
    "shape": "torch.Size([128000])",
    "min": 6.862635927973315e-05,
    "max": 6.031536102294922,
    "mean": 0.7362636923789978,
    "std": 0.5114945769309998,
    "median": 0.6096954345703125,
    "q1": 0.427543044090271,
    "q3": 0.8808936476707458,
    "k": 8
}