{
    "layer": 2,
    "name": "res_sae_mse",
    "shape": "torch.Size([128000])",
    "min": 0.007719647604972124,
    "max": 1.9094492197036743,
    "mean": 0.09934591501951218,
    "std": 0.12459565699100494,
    "median": 0.05809573829174042,
    "q1": 0.03800194710493088,
    "q3": 0.10577927529811859,
    "k": 32
}