{
    "layer": 0,
    "name": "res_sae_mse",
    "shape": "torch.Size([128000])",
    "min": 9.741014537212322e-07,
    "max": 0.019842199981212616,
    "mean": 0.00035292821121402085,
    "std": 0.0012785079888999462,
    "median": 2.0936366126989014e-05,
    "q1": 1.6872218111529946e-05,
    "q3": 3.2536649086978287e-05,
    "k": 64
}