{
    "layer": 11,
    "name": "res_sae_mse",
    "shape": "torch.Size([128000])",
    "min": 0.0011324086226522923,
    "max": 17.549152374267578,
    "mean": 4.502107620239258,
    "std": 1.627397894859314,
    "median": 4.447271347045898,
    "q1": 3.5256032943725586,
    "q3": 5.444066524505615,
    "k": 99999999
}