{
    "layer": 8,
    "name": "res_sae_mse",
    "shape": "torch.Size([128000])",
    "min": 0.00016125570982694626,
    "max": 9.615248680114746,
    "mean": 2.2448768615722656,
    "std": 1.1123082637786865,
    "median": 2.0462806224823,
    "q1": 1.5308917760849,
    "q3": 2.7348244190216064,
    "k": 8
}