{
    "layer": 6,
    "name": "res_sae_mse",
    "shape": "torch.Size([128000])",
    "min": 0.0001466990652261302,
    "max": 5.689060211181641,
    "mean": 0.7686027884483337,
    "std": 0.5014854073524475,
    "median": 0.6483991742134094,
    "q1": 0.4461142122745514,
    "q3": 0.9420076608657837,
    "k": 16
}