{
    "layer": 2,
    "name": "res_sae_mse",
    "shape": "torch.Size([128000])",
    "min": 0.010757014155387878,
    "max": 3.8912761211395264,
    "mean": 0.16204333305358887,
    "std": 0.25582361221313477,
    "median": 0.08573790639638901,
    "q1": 0.047458384186029434,
    "q3": 0.1624104231595993,
    "k": 8
}