{
    "layer": 8,
    "name": "res_sae_mse",
    "shape": "torch.Size([128000])",
    "min": 0.00016125570982694626,
    "max": 7.823123931884766,
    "mean": 1.6545484066009521,
    "std": 0.8482823967933655,
    "median": 1.5075851678848267,
    "q1": 1.1065473556518555,
    "q3": 2.0262386798858643,
    "k": 16
}