{
    "layer": 3,
    "name": "res_sae_mse",
    "shape": "torch.Size([128000])",
    "min": 0.00035302762989886105,
    "max": 2.3037760257720947,
    "mean": 0.17526540160179138,
    "std": 0.15805107355117798,
    "median": 0.12818743288516998,
    "q1": 0.08105311542749405,
    "q3": 0.20857864618301392,
    "k": 32
}