{
    "layer": 10,
    "name": "res_sae_mse",
    "shape": "torch.Size([128000])",
    "min": 0.02670951746404171,
    "max": 12.287052154541016,
    "mean": 2.9507296085357666,
    "std": 1.2864313125610352,
    "median": 2.8249568939208984,
    "q1": 2.256600856781006,
    "q3": 3.4624719619750977,
    "k": 99999999
}