{
    "layer": 11,
    "name": "res_sae_mse",
    "shape": "torch.Size([128000])",
    "min": 0.0011324086226522923,
    "max": 41.51667404174805,
    "mean": 8.7224702835083,
    "std": 3.3000268936157227,
    "median": 8.677508354187012,
    "q1": 6.704941272735596,
    "q3": 10.712495803833008,
    "k": 8
}