{
    "layer": 10,
    "name": "res_sae_mse",
    "shape": "torch.Size([128000])",
    "min": 0.02673541009426117,
    "max": 8387.4873046875,
    "mean": 75.95346069335938,
    "std": 737.5386962890625,
    "median": 10.378045082092285,
    "q1": 8.552999496459961,
    "q3": 12.357473373413086,
    "k": 1
}