{
    "layer": 4,
    "name": "res_sae_mse",
    "shape": "torch.Size([128000])",
    "min": 0.00010047367686638609,
    "max": 4822.27197265625,
    "mean": 38.64529800415039,
    "std": 424.4803161621094,
    "median": 0.8310971260070801,
    "q1": 0.6043609380722046,
    "q3": 1.1850478649139404,
    "k": 2
}