{
    "layer": 10,
    "name": "res_sae_mse",
    "shape": "torch.Size([128000])",
    "min": 0.02670951746404171,
    "max": 23.163862228393555,
    "mean": 5.341660022735596,
    "std": 2.4321441650390625,
    "median": 5.13892126083374,
    "q1": 3.953503131866455,
    "q3": 6.4259185791015625,
    "k": 8
}