{
    "layer": 7,
    "name": "res_sae_mse",
    "shape": "torch.Size([128000])",
    "min": 0.00016328762285411358,
    "max": 7926.86865234375,
    "mean": 65.23582458496094,
    "std": 697.6111450195312,
    "median": 3.0692484378814697,
    "q1": 2.427994728088379,
    "q3": 4.022592544555664,
    "k": 1
}