{
    "layer": 7,
    "name": "res_sae_mse",
    "shape": "torch.Size([128000])",
    "min": 0.00015375840303022414,
    "max": 6.49491548538208,
    "mean": 1.1098237037658691,
    "std": 0.6200699210166931,
    "median": 0.9767377972602844,
    "q1": 0.7112492322921753,
    "q3": 1.346867561340332,
    "k": 16
}