{
    "layer": 3,
    "name": "res_sae_mse",
    "shape": "torch.Size([128000])",
    "min": 0.00035302762989886105,
    "max": 1.8594098091125488,
    "mean": 0.17239734530448914,
    "std": 0.14585670828819275,
    "median": 0.12810266017913818,
    "q1": 0.08102986961603165,
    "q3": 0.20837146043777466,
    "k": 128
}