{
    "layer": 7,
    "name": "res_sae_mse",
    "shape": "torch.Size([128000])",
    "min": 0.00015375840303022414,
    "max": 1811.8896484375,
    "mean": 16.186704635620117,
    "std": 159.34666442871094,
    "median": 1.8303451538085938,
    "q1": 1.4009846448898315,
    "q3": 2.462977170944214,
    "k": 4
}