{
    "layer": 6,
    "name": "res_sae_mse",
    "shape": "torch.Size([128000])",
    "min": 0.0001466990652261302,
    "max": 2907.4755859375,
    "mean": 24.154565811157227,
    "std": 255.85568237304688,
    "median": 1.2590891122817993,
    "q1": 0.9208042025566101,
    "q3": 1.7671442031860352,
    "k": 4
}