{
    "layer": 6,
    "name": "res_sae_mse",
    "shape": "torch.Size([128000])",
    "min": 0.0001466990652261302,
    "max": 6152.69775390625,
    "mean": 49.96688461303711,
    "std": 541.5327758789062,
    "median": 1.7014398574829102,
    "q1": 1.2818665504455566,
    "q3": 2.3325088024139404,
    "k": 2
}