{
    "layer": 1,
    "name": "res_sae_mse",
    "shape": "torch.Size([128000])",
    "min": 0.000895933189895004,
    "max": 4.345323085784912,
    "mean": 0.16492612659931183,
    "std": 0.2930105924606323,
    "median": 0.07156848162412643,
    "q1": 0.04055964574217796,
    "q3": 0.1674262434244156,
    "k": 4
}