{
    "layer": 1,
    "name": "res_sae_mse",
    "shape": "torch.Size([128000])",
    "min": 0.0006849866476841271,
    "max": 3.4055216312408447,
    "mean": 0.10383608192205429,
    "std": 0.21955189108848572,
    "median": 0.043386753648519516,
    "q1": 0.028045710176229477,
    "q3": 0.0825614184141159,
    "k": 8
}