{
    "layer": 0,
    "name": "res_sae_mse",
    "shape": "torch.Size([128000])",
    "min": 9.741014537212322e-07,
    "max": 0.02561032585799694,
    "mean": 0.0004128006112296134,
    "std": 0.0015848488546907902,
    "median": 2.0936366126989014e-05,
    "q1": 1.6872218111529946e-05,
    "q3": 3.2536649086978287e-05,
    "k": 32
}