{
    "layer": 3,
    "name": "res_sae_mse",
    "shape": "torch.Size([128000])",
    "min": 0.00035302762989886105,
    "max": 1842.7176513671875,
    "mean": 14.828300476074219,
    "std": 162.2000274658203,
    "median": 0.330811470746994,
    "q1": 0.21541224420070648,
    "q3": 0.5172497630119324,
    "k": 4
}