{
    "layer": 8,
    "name": "res_sae_mse",
    "shape": "torch.Size([128000])",
    "min": 0.00016125570982694626,
    "max": 8639.14453125,
    "mean": 72.20704650878906,
    "std": 760.1978149414062,
    "median": 4.449930191040039,
    "q1": 3.564375877380371,
    "q3": 5.690393447875977,
    "k": 1
}