{
    "layer": 2,
    "name": "res_sae_mse",
    "shape": "torch.Size([128000])",
    "min": 0.03467736765742302,
    "max": 366.2926025390625,
    "mean": 3.3990824222564697,
    "std": 32.20543670654297,
    "median": 0.4004546105861664,
    "q1": 0.24986334145069122,
    "q3": 0.658061146736145,
    "k": 1
}