{
    "layer": 6,
    "name": "res_sae_mse",
    "shape": "torch.Size([128000])",
    "min": 0.0001466990652261302,
    "max": 4.1639323234558105,
    "mean": 0.5449236631393433,
    "std": 0.2964255213737488,
    "median": 0.4830169677734375,
    "q1": 0.338018000125885,
    "q3": 0.6822048425674438,
    "k": 128
}