{
    "layer": 7,
    "name": "res_sae_mse",
    "shape": "torch.Size([128000])",
    "min": 0.00015375840303022414,
    "max": 8.026272773742676,
    "mean": 1.5161137580871582,
    "std": 0.8232218623161316,
    "median": 1.3379731178283691,
    "q1": 0.993796706199646,
    "q3": 1.8263355493545532,
    "k": 8
}