{
    "layer": 11,
    "name": "res_sae_mse",
    "shape": "torch.Size([128000])",
    "min": 0.0011324086226522923,
    "max": 8845.1806640625,
    "mean": 86.46903228759766,
    "std": 777.2320556640625,
    "median": 17.225440979003906,
    "q1": 14.251492500305176,
    "q3": 20.450885772705078,
    "k": 1
}