{
    "layer": 4,
    "name": "res_sae_mse",
    "shape": "torch.Size([128000])",
    "min": 0.00010047367686638609,
    "max": 2.7806551456451416,
    "mean": 0.28460192680358887,
    "std": 0.2140600085258484,
    "median": 0.224152073264122,
    "q1": 0.14741070568561554,
    "q3": 0.3497490882873535,
    "k": 32
}