{
    "layer": 11,
    "name": "res_sae_mse",
    "shape": "torch.Size([128000])",
    "min": 0.0011324086226522923,
    "max": 2232.75830078125,
    "mean": 28.97510528564453,
    "std": 195.595703125,
    "median": 11.550150871276855,
    "q1": 9.111473083496094,
    "q3": 14.096693992614746,
    "k": 4
}