{
    "layer": 7,
    "name": "res_sae_mse",
    "shape": "torch.Size([128000])",
    "min": 0.00015375840303022414,
    "max": 5.170411586761475,
    "mean": 0.8532034754753113,
    "std": 0.4502454102039337,
    "median": 0.7583858966827393,
    "q1": 0.5558001399040222,
    "q3": 1.0406626462936401,
    "k": 32
}