{
    "layer": 1,
    "name": "res_sae_mse",
    "shape": "torch.Size([128000])",
    "min": 0.02118309587240219,
    "max": 14.971199989318848,
    "mean": 0.5021475553512573,
    "std": 1.357582449913025,
    "median": 0.24477893114089966,
    "q1": 0.1353446990251541,
    "q3": 0.4623919427394867,
    "k": 1
}