{
    "layer": 8,
    "name": "res_sae_mse",
    "shape": "torch.Size([128000])",
    "min": 0.00016125570982694626,
    "max": 6.257063388824463,
    "mean": 1.2608059644699097,
    "std": 0.6232448816299438,
    "median": 1.1541036367416382,
    "q1": 0.8531813621520996,
    "q3": 1.5466692447662354,
    "k": 32
}