{
    "layer": 4,
    "name": "res_sae_mse",
    "shape": "torch.Size([128000])",
    "min": 0.00010047367686638609,
    "max": 1853.7896728515625,
    "mean": 15.178299903869629,
    "std": 163.15179443359375,
    "median": 0.5728468894958496,
    "q1": 0.39493733644485474,
    "q3": 0.849365770816803,
    "k": 4
}