{
    "layer": 4,
    "name": "res_sae_mse",
    "shape": "torch.Size([128000])",
    "min": 0.00010047367686638609,
    "max": 4.9858880043029785,
    "mean": 0.5178279876708984,
    "std": 0.544803261756897,
    "median": 0.38145509362220764,
    "q1": 0.24946220219135284,
    "q3": 0.5842822194099426,
    "k": 8
}