{
    "layer": 11,
    "name": "res_sae_mse",
    "shape": "torch.Size([128000])",
    "min": 0.0011324086226522923,
    "max": 6040.80322265625,
    "mean": 61.71914291381836,
    "std": 530.5813598632812,
    "median": 14.516998291015625,
    "q1": 11.702404975891113,
    "q3": 17.45359230041504,
    "k": 2
}