{
    "layer": 2,
    "name": "res_sae_mse",
    "shape": "torch.Size([128000])",
    "min": 0.015386390499770641,
    "max": 235.4120635986328,
    "mean": 2.2111942768096924,
    "std": 20.697513580322266,
    "median": 0.24639880657196045,
    "q1": 0.14024421572685242,
    "q3": 0.45832857489585876,
    "k": 2
}