{
    "layer": 1,
    "name": "res_sae_mse",
    "shape": "torch.Size([128000])",
    "min": 0.0006849866476841271,
    "max": 2.4820170402526855,
    "mean": 0.07736890017986298,
    "std": 0.15054255723953247,
    "median": 0.036299098283052444,
    "q1": 0.02581060864031315,
    "q3": 0.0603150837123394,
    "k": 16
}