{
    "layer": 5,
    "name": "res_sae_mse",
    "shape": "torch.Size([128000])",
    "min": 6.862635927973315e-05,
    "max": 2.9780054092407227,
    "mean": 0.3881790041923523,
    "std": 0.23513472080230713,
    "median": 0.3309725224971771,
    "q1": 0.22786733508110046,
    "q3": 0.48478373885154724,
    "k": 64
}