{
    "layer": 5,
    "name": "res_sae_mse",
    "shape": "torch.Size([128000])",
    "min": 6.862635927973315e-05,
    "max": 4.681024551391602,
    "mean": 0.5259718298912048,
    "std": 0.3798529803752899,
    "median": 0.42952367663383484,
    "q1": 0.29446953535079956,
    "q3": 0.6330693960189819,
    "k": 16
}