{
    "layer": 0,
    "name": "res_sae_mse",
    "shape": "torch.Size([128000])",
    "min": 1.668910226726439e-05,
    "max": 0.05039651319384575,
    "mean": 0.003816255135461688,
    "std": 0.006275126710534096,
    "median": 0.0016322341980412602,
    "q1": 0.0005002643447369337,
    "q3": 0.004280486609786749,
    "k": 2
}