{
    "layer": 0,
    "name": "res_sae_mse",
    "shape": "torch.Size([128000])",
    "min": 5.14650173499831e-06,
    "max": 0.04030532017350197,
    "mean": 0.001661235117353499,
    "std": 0.003640376031398773,
    "median": 0.0003454930556472391,
    "q1": 5.8084198826691136e-05,
    "q3": 0.0012198714539408684,
    "k": 4
}