{
    "layer": 2,
    "name": "res_sae_mse",
    "shape": "torch.Size([128000])",
    "min": 0.007719647604972124,
    "max": 1.608223795890808,
    "mean": 0.09760323911905289,
    "std": 0.11519177258014679,
    "median": 0.05809090659022331,
    "q1": 0.03800194710493088,
    "q3": 0.10577927529811859,
    "k": 64
}