{
    "layer": 9,
    "name": "res_sae_mse",
    "shape": "torch.Size([128000])",
    "min": 0.00020606687758117914,
    "max": 9171.16796875,
    "mean": 78.52666473388672,
    "std": 806.8475341796875,
    "median": 6.7188849449157715,
    "q1": 5.476469993591309,
    "q3": 8.218948364257812,
    "k": 1
}