{
    "layer": 9,
    "name": "res_sae_mse",
    "shape": "torch.Size([128000])",
    "min": 0.0001233799703186378,
    "max": 2626.5166015625,
    "mean": 24.978858947753906,
    "std": 230.85646057128906,
    "median": 4.30504846572876,
    "q1": 3.356736898422241,
    "q3": 5.472079753875732,
    "k": 4
}