{
    "layer": 9,
    "name": "res_sae_mse",
    "shape": "torch.Size([128000])",
    "min": 0.0001233799703186378,
    "max": 8.15172290802002,
    "mean": 1.921415090560913,
    "std": 0.8500058650970459,
    "median": 1.8307348489761353,
    "q1": 1.366258144378662,
    "q3": 2.3699440956115723,
    "k": 32
}