{
    "layer": 2,
    "name": "ln2_sae_err_norms",
    "shape": "torch.Size([38400])",
    "min": 0.11408519744873047,
    "max": 20.940866470336914,
    "mean": 6.595299243927002,
    "std": 2.365508556365967,
    "median": 6.380124568939209,
    "q1": 5.017825126647949,
    "q3": 7.826653003692627,
    "k": 8
}