{
    "layer": 1,
    "name": "ln2_sae_err_norms",
    "shape": "torch.Size([38400])",
    "min": 0.08280400186777115,
    "max": 13.707758903503418,
    "mean": 3.2371599674224854,
    "std": 1.4065521955490112,
    "median": 2.8382248878479004,
    "q1": 2.4835541248321533,
    "q3": 3.4129390716552734,
    "k": 128
}