{
    "layer": 1,
    "name": "ln2_sae_err_norms",
    "shape": "torch.Size([38400])",
    "min": 4.852360725402832,
    "max": 26.122690200805664,
    "mean": 11.341693878173828,
    "std": 2.8129661083221436,
    "median": 10.731220245361328,
    "q1": 9.312350273132324,
    "q3": 12.861512184143066,
    "k": 1
}