{
    "layer": 3,
    "name": "ln2_sae_err_norms",
    "shape": "torch.Size([38400])",
    "min": 0.1173715889453888,
    "max": 20.056734085083008,
    "mean": 7.209957599639893,
    "std": 2.193178415298462,
    "median": 6.964354038238525,
    "q1": 5.8536529541015625,
    "q3": 8.281695365905762,
    "k": 8
}