{
    "layer": 4,
    "name": "ln2_sae_err_norms",
    "shape": "torch.Size([38400])",
    "min": 0.1970001757144928,
    "max": 22.67889976501465,
    "mean": 9.847345352172852,
    "std": 2.5461366176605225,
    "median": 9.660823822021484,
    "q1": 8.340167999267578,
    "q3": 11.164813995361328,
    "k": 4
}