{
    "layer": 7,
    "name": "ln2_sae_err_norms",
    "shape": "torch.Size([38400])",
    "min": 0.10493036359548569,
    "max": 18.28781509399414,
    "mean": 7.945034027099609,
    "std": 1.9324249029159546,
    "median": 7.919880390167236,
    "q1": 6.874694347381592,
    "q3": 9.01899528503418,
    "k": 32
}