{
    "layer": 10,
    "name": "ln2_sae_err_norms",
    "shape": "torch.Size([38400])",
    "min": 0.027055006474256516,
    "max": 23.852418899536133,
    "mean": 8.171472549438477,
    "std": 2.105766534805298,
    "median": 8.16471004486084,
    "q1": 6.992345809936523,
    "q3": 9.3038911819458,
    "k": 32
}