{
    "layer": 8,
    "name": "ln2_sae_err_norms",
    "shape": "torch.Size([38400])",
    "min": 0.5914463996887207,
    "max": 35.14927291870117,
    "mean": 16.922256469726562,
    "std": 3.4846129417419434,
    "median": 16.892831802368164,
    "q1": 15.01694107055664,
    "q3": 18.8151912689209,
    "k": 1
}