{
    "layer": 10,
    "name": "ln2_sae_err_norms",
    "shape": "torch.Size([38400])",
    "min": 0.027055006474256516,
    "max": 22.10575294494629,
    "mean": 7.840481758117676,
    "std": 1.9519364833831787,
    "median": 7.808438777923584,
    "q1": 6.775376319885254,
    "q3": 8.86079216003418,
    "k": 99999999
}