{
    "layer": 7,
    "name": "ln2_sae_err_norms",
    "shape": "torch.Size([38400])",
    "min": 0.10493036359548569,
    "max": 15.789942741394043,
    "mean": 7.537285327911377,
    "std": 1.7077267169952393,
    "median": 7.534864902496338,
    "q1": 6.623408794403076,
    "q3": 8.496688842773438,
    "k": 99999999
}