{
    "layer": 3,
    "name": "ln2_sae_err_norms",
    "shape": "torch.Size([38400])",
    "min": 0.10741999745368958,
    "max": 17.00306510925293,
    "mean": 5.940165042877197,
    "std": 1.8931615352630615,
    "median": 5.669672966003418,
    "q1": 4.726353168487549,
    "q3": 6.854596138000488,
    "k": 16
}