{
    "layer": 10,
    "name": "ln2_sae_err_norms",
    "shape": "torch.Size([38400])",
    "min": 0.7017658948898315,
    "max": 36.48843002319336,
    "mean": 14.054643630981445,
    "std": 3.3851518630981445,
    "median": 13.957234382629395,
    "q1": 12.1077880859375,
    "q3": 15.914928436279297,
    "k": 2
}