{
    "layer": 1,
    "name": "ln2_sae_err_norms",
    "shape": "torch.Size([38400])",
    "min": 2.2107903957366943,
    "max": 23.624370574951172,
    "mean": 8.344825744628906,
    "std": 2.46716570854187,
    "median": 7.840634822845459,
    "q1": 6.777669906616211,
    "q3": 9.279363632202148,
    "k": 2
}