{
    "layer": 9,
    "name": "ln2_sae_err_norms",
    "shape": "torch.Size([38400])",
    "min": 0.05683857947587967,
    "max": 19.076513290405273,
    "mean": 7.7027459144592285,
    "std": 1.8492292165756226,
    "median": 7.690479755401611,
    "q1": 6.689899444580078,
    "q3": 8.729131698608398,
    "k": 128
}