{
    "layer": 8,
    "name": "ln2_sae_err_norms",
    "shape": "torch.Size([38400])",
    "min": 0.05486597493290901,
    "max": 16.121503829956055,
    "mean": 7.640568256378174,
    "std": 1.7834707498550415,
    "median": 7.64227819442749,
    "q1": 6.670477390289307,
    "q3": 8.658138275146484,
    "k": 128
}