{
    "layer": 9,
    "name": "ln2_sae_err_norms",
    "shape": "torch.Size([38400])",
    "min": 1.0877605676651,
    "max": 36.78358840942383,
    "mean": 17.086557388305664,
    "std": 3.605177879333496,
    "median": 16.9432430267334,
    "q1": 15.064664840698242,
    "q3": 18.967084884643555,
    "k": 1
}