{
    "layer": 7,
    "name": "ln2_sae_err_norms",
    "shape": "torch.Size([38400])",
    "min": 0.2513282299041748,
    "max": 27.307554244995117,
    "mean": 12.662656784057617,
    "std": 2.9905195236206055,
    "median": 12.656052589416504,
    "q1": 11.033977508544922,
    "q3": 14.366262435913086,
    "k": 4
}