{
    "layer": 10,
    "name": "ln2_sae_err_norms",
    "shape": "torch.Size([38400])",
    "min": 0.027055006474256516,
    "max": 22.118724822998047,
    "mean": 7.8468146324157715,
    "std": 1.9547169208526611,
    "median": 7.815974235534668,
    "q1": 6.777647018432617,
    "q3": 8.869887351989746,
    "k": 64
}