{
    "layer": 3,
    "name": "ln2_sae_err_norms",
    "shape": "torch.Size([38400])",
    "min": 0.10741999745368958,
    "max": 14.174006462097168,
    "mean": 5.414067268371582,
    "std": 1.577788233757019,
    "median": 5.215724945068359,
    "q1": 4.389745712280273,
    "q3": 6.232411861419678,
    "k": 64
}