{
    "layer": 8,
    "name": "ln2_sae_err_norms",
    "shape": "torch.Size([38400])",
    "min": 0.14100781083106995,
    "max": 30.203413009643555,
    "mean": 13.110957145690918,
    "std": 3.139665365219116,
    "median": 13.120351791381836,
    "q1": 11.395723342895508,
    "q3": 14.901211738586426,
    "k": 4
}