{
    "layer": 3,
    "name": "ln2_sae_err_norms",
    "shape": "torch.Size([38400])",
    "min": 0.2867008149623871,
    "max": 24.655019760131836,
    "mean": 10.304595947265625,
    "std": 2.6542088985443115,
    "median": 10.015094757080078,
    "q1": 8.62122631072998,
    "q3": 11.674312591552734,
    "k": 2
}