{
    "layer": 5,
    "name": "ln2_sae_err_norms",
    "shape": "torch.Size([38400])",
    "min": 0.5280787944793701,
    "max": 27.893766403198242,
    "mean": 14.864667892456055,
    "std": 3.198910713195801,
    "median": 14.840336799621582,
    "q1": 13.045387268066406,
    "q3": 16.746131896972656,
    "k": 1
}