{
    "layer": 6,
    "name": "ln2_sae_err_norms",
    "shape": "torch.Size([38400])",
    "min": 0.7138505578041077,
    "max": 30.50853157043457,
    "mean": 15.819674491882324,
    "std": 3.2868943214416504,
    "median": 15.832809448242188,
    "q1": 13.948450088500977,
    "q3": 17.739213943481445,
    "k": 1
}