{
    "layer": 2,
    "name": "ln2_sae_err_norms",
    "shape": "torch.Size([38400])",
    "min": 0.09321975708007812,
    "max": 14.613341331481934,
    "mean": 4.563961505889893,
    "std": 1.640625238418579,
    "median": 4.265995979309082,
    "q1": 3.4798977375030518,
    "q3": 5.276520729064941,
    "k": 32
}