{
    "layer": 0,
    "name": "ln2_sae_err_norms",
    "shape": "torch.Size([38400])",
    "min": 2.6775271892547607,
    "max": 25.41847038269043,
    "mean": 9.893096923828125,
    "std": 4.003117561340332,
    "median": 9.165990829467773,
    "q1": 6.295016288757324,
    "q3": 13.283096313476562,
    "k": 2
}