{
    "layer": 7,
    "name": "ln2_sae_err_norms",
    "shape": "torch.Size([38400])",
    "min": 0.10493036359548569,
    "max": 15.816198348999023,
    "mean": 7.547387599945068,
    "std": 1.719862699508667,
    "median": 7.5388264656066895,
    "q1": 6.626031875610352,
    "q3": 8.509282112121582,
    "k": 64
}