{
    "layer": 3,
    "name": "ln2_sae_err_norms",
    "shape": "torch.Size([38400])",
    "min": 0.2552509009838104,
    "max": 22.754039764404297,
    "mean": 8.7590913772583,
    "std": 2.445080041885376,
    "median": 8.462923049926758,
    "q1": 7.235466957092285,
    "q3": 9.984613418579102,
    "k": 4
}