{
    "layer": 10,
    "name": "ln2_sae_err_norms",
    "shape": "torch.Size([38400])",
    "min": 0.027055006474256516,
    "max": 25.73387336730957,
    "mean": 9.1548433303833,
    "std": 2.4618706703186035,
    "median": 9.176142692565918,
    "q1": 7.768787384033203,
    "q3": 10.544998168945312,
    "k": 16
}