{
    "layer": 7,
    "name": "ln2_sae_err_norms",
    "shape": "torch.Size([38400])",
    "min": 0.5182919502258301,
    "max": 30.68366241455078,
    "mean": 14.605826377868652,
    "std": 3.211738348007202,
    "median": 14.603747367858887,
    "q1": 12.818531036376953,
    "q3": 16.466567993164062,
    "k": 2
}