{
    "layer": 10,
    "name": "ln2_sae_err_norms",
    "shape": "torch.Size([38400])",
    "min": 0.9616413116455078,
    "max": 38.19122314453125,
    "mean": 15.656846046447754,
    "std": 3.52744197845459,
    "median": 15.463708877563477,
    "q1": 13.574832916259766,
    "q3": 17.524118423461914,
    "k": 1
}