{
    "layer": 11,
    "name": "ln2_sae_err_norms",
    "shape": "torch.Size([38400])",
    "min": 1.8785403966903687,
    "max": 54.10890579223633,
    "mean": 10.708489418029785,
    "std": 5.743337154388428,
    "median": 9.274897575378418,
    "q1": 8.242894172668457,
    "q3": 10.777185440063477,
    "k": 1
}