{
    "layer": 5,
    "name": "ln2_sae_err_norms",
    "shape": "torch.Size([38400])",
    "min": 0.033701490610837936,
    "max": 14.659995079040527,
    "mean": 6.686521053314209,
    "std": 1.6836146116256714,
    "median": 6.575004577636719,
    "q1": 5.713751792907715,
    "q3": 7.593709945678711,
    "k": 64
}