{
    "layer": 11,
    "name": "ln2_sae_err_norms",
    "shape": "torch.Size([38400])",
    "min": 0.05859660357236862,
    "max": 31.14597511291504,
    "mean": 4.809975624084473,
    "std": 1.8671939373016357,
    "median": 4.5079169273376465,
    "q1": 3.9023818969726562,
    "q3": 5.249490737915039,
    "k": 64
}