{
    "layer": 2,
    "name": "ln2_sae_err_norms",
    "shape": "torch.Size([38400])",
    "min": 0.09321975708007812,
    "max": 13.821375846862793,
    "mean": 4.4976277351379395,
    "std": 1.565907597541809,
    "median": 4.2221503257751465,
    "q1": 3.4542579650878906,
    "q3": 5.2019853591918945,
    "k": 128
}