{
    "layer": 8,
    "name": "ln2_sae_err_norms",
    "shape": "torch.Size([38400])",
    "min": 0.05486597493290901,
    "max": 18.907991409301758,
    "mean": 8.21190071105957,
    "std": 2.062634229660034,
    "median": 8.20641803741455,
    "q1": 7.0483012199401855,
    "q3": 9.3985595703125,
    "k": 32
}