{
    "layer": 1,
    "name": "ln2_sae_err_norms",
    "shape": "torch.Size([38400])",
    "min": 0.08280400186777115,
    "max": 19.1861515045166,
    "mean": 4.115736484527588,
    "std": 2.0598835945129395,
    "median": 3.577399492263794,
    "q1": 3.001967430114746,
    "q3": 4.466822624206543,
    "k": 8
}