{
    "layer": 0,
    "name": "ln2_sae_err_norms",
    "shape": "torch.Size([38400])",
    "min": 1.6608550548553467,
    "max": 23.67437744140625,
    "mean": 6.133955001831055,
    "std": 3.02763295173645,
    "median": 5.49134635925293,
    "q1": 3.761596918106079,
    "q3": 7.774059295654297,
    "k": 4
}