{
    "layer": 11,
    "name": "ln2_sae_err_norms",
    "shape": "torch.Size([38400])",
    "min": 0.05859660357236862,
    "max": 34.480045318603516,
    "mean": 5.801092147827148,
    "std": 2.260814666748047,
    "median": 5.551315784454346,
    "q1": 4.726053237915039,
    "q3": 6.410987854003906,
    "k": 16
}