{
    "layer": 4,
    "name": "ln2_sae_err_norms",
    "shape": "torch.Size([38400])",
    "min": 0.04988880082964897,
    "max": 20.120615005493164,
    "mean": 8.13624095916748,
    "std": 2.285468578338623,
    "median": 7.937156677246094,
    "q1": 6.745169162750244,
    "q3": 9.3060941696167,
    "k": 8
}