{
    "layer": 5,
    "name": "ln2_sae_err_norms",
    "shape": "torch.Size([38400])",
    "min": 0.033701490610837936,
    "max": 16.203617095947266,
    "mean": 6.8654937744140625,
    "std": 1.8244361877441406,
    "median": 6.714395999908447,
    "q1": 5.798999786376953,
    "q3": 7.805680274963379,
    "k": 32
}