{
    "layer": 4,
    "name": "ln2_sae_err_norms",
    "shape": "torch.Size([38400])",
    "min": 0.04901045188307762,
    "max": 14.135942459106445,
    "mean": 5.981279373168945,
    "std": 1.6070321798324585,
    "median": 5.827398777008057,
    "q1": 4.967832088470459,
    "q3": 6.855262756347656,
    "k": 99999999
}