{
    "layer": 4,
    "name": "ln2_sae_err_norms",
    "shape": "torch.Size([38400])",
    "min": 0.04901045188307762,
    "max": 14.135942459106445,
    "mean": 5.981643199920654,
    "std": 1.607783317565918,
    "median": 5.828166484832764,
    "q1": 4.967765808105469,
    "q3": 6.8545684814453125,
    "k": 64
}