{
    "layer": 6,
    "name": "ln2_sae_err_norms",
    "shape": "torch.Size([38400])",
    "min": 0.07021760195493698,
    "max": 15.299854278564453,
    "mean": 7.113776683807373,
    "std": 1.6820273399353027,
    "median": 7.058037757873535,
    "q1": 6.16806697845459,
    "q3": 8.040458679199219,
    "k": 64
}