{
    "layer": 1,
    "name": "ln2_sae_err_norms",
    "shape": "torch.Size([38400])",
    "min": 0.08280400186777115,
    "max": 13.707758903503418,
    "mean": 3.237213611602783,
    "std": 1.4067387580871582,
    "median": 2.8382277488708496,
    "q1": 2.4835541248321533,
    "q3": 3.413088083267212,
    "k": 64
}