{
    "layer": 5,
    "name": "ln2_sae_err_norms",
    "shape": "torch.Size([38400])",
    "min": 0.12946775555610657,
    "max": 24.376245498657227,
    "mean": 11.034791946411133,
    "std": 2.7776217460632324,
    "median": 10.911497116088867,
    "q1": 9.462989807128906,
    "q3": 12.513471603393555,
    "k": 4
}