{
    "layer": 11,
    "name": "ln2_sae_err_norms",
    "shape": "torch.Size([38400])",
    "min": 0.37476983666419983,
    "max": 53.67393493652344,
    "mean": 8.513715744018555,
    "std": 5.182551860809326,
    "median": 7.58103609085083,
    "q1": 6.593047142028809,
    "q3": 8.739611625671387,
    "k": 4
}