{
    "layer": 6,
    "name": "ln2_sae_err_norms",
    "shape": "torch.Size([38400])",
    "min": 0.34327033162117004,
    "max": 27.15677261352539,
    "mean": 13.848063468933105,
    "std": 3.1250126361846924,
    "median": 13.82308578491211,
    "q1": 12.05612850189209,
    "q3": 15.63211441040039,
    "k": 2
}