{
    "layer": 5,
    "name": "ln2_sae_err_norms",
    "shape": "torch.Size([38400])",
    "min": 0.033701490610837936,
    "max": 14.653032302856445,
    "mean": 6.683432579040527,
    "std": 1.6780365705490112,
    "median": 6.574695110321045,
    "q1": 5.7137250900268555,
    "q3": 7.593033313751221,
    "k": 99999999
}