{
    "layer": 0,
    "name": "ln2_sae_err_norms",
    "shape": "torch.Size([38400])",
    "min": 0.1354219615459442,
    "max": 21.01779556274414,
    "mean": 2.7069756984710693,
    "std": 2.6489810943603516,
    "median": 1.8761576414108276,
    "q1": 1.3962911367416382,
    "q3": 2.755974769592285,
    "k": 8
}