{
    "layer": 2,
    "name": "ln2_sae_err_norms",
    "shape": "torch.Size([38400])",
    "min": 0.09321975708007812,
    "max": 13.821375846862793,
    "mean": 4.4977006912231445,
    "std": 1.56612229347229,
    "median": 4.2221503257751465,
    "q1": 3.4542579650878906,
    "q3": 5.201863765716553,
    "k": 64
}