{
    "layer": 2,
    "name": "ln2_sae_err_norms",
    "shape": "torch.Size([38400])",
    "min": 0.9862329959869385,
    "max": 22.75721549987793,
    "mean": 8.370553970336914,
    "std": 2.448788642883301,
    "median": 8.254378318786621,
    "q1": 6.845452308654785,
    "q3": 9.546266555786133,
    "k": 4
}