{
    "layer": 8,
    "name": "ln2_sae_err_norms",
    "shape": "torch.Size([38400])",
    "min": 0.05486597493290901,
    "max": 16.056442260742188,
    "mean": 7.6721110343933105,
    "std": 1.8104065656661987,
    "median": 7.669187068939209,
    "q1": 6.68071174621582,
    "q3": 8.700031280517578,
    "k": 64
}