{
    "layer": 7,
    "name": "ln2_sae_err_norms",
    "shape": "torch.Size([38400])",
    "min": 0.10492459684610367,
    "max": 23.764062881469727,
    "mean": 10.790823936462402,
    "std": 2.698870897293091,
    "median": 10.787972450256348,
    "q1": 9.319857597351074,
    "q3": 12.312783241271973,
    "k": 8
}