{
    "layer": 9,
    "name": "ln2_sae_err_norms",
    "shape": "torch.Size([38400])",
    "min": 0.07211747020483017,
    "max": 29.796598434448242,
    "mean": 11.528295516967773,
    "std": 2.9399144649505615,
    "median": 11.547807693481445,
    "q1": 9.939712524414062,
    "q3": 13.208353042602539,
    "k": 8
}