{
    "layer": 2,
    "name": "ln2_sae_err_norms",
    "shape": "torch.Size([38400])",
    "min": 4.38283634185791,
    "max": 26.469579696655273,
    "mean": 12.024641990661621,
    "std": 2.4862353801727295,
    "median": 11.610281944274902,
    "q1": 10.335169792175293,
    "q3": 13.172003746032715,
    "k": 1
}