{
    "layer": 4,
    "name": "ln2_sae_err_norms",
    "shape": "torch.Size([38400])",
    "min": 0.04901045188307762,
    "max": 17.623300552368164,
    "mean": 6.7136101722717285,
    "std": 1.9711601734161377,
    "median": 6.5026164054870605,
    "q1": 5.477757930755615,
    "q3": 7.729084014892578,
    "k": 16
}