{
    "layer": 8,
    "name": "ln2_sae_err_norms",
    "shape": "torch.Size([38400])",
    "min": 0.05486597493290901,
    "max": 16.121170043945312,
    "mean": 7.640606880187988,
    "std": 1.783480167388916,
    "median": 7.64227819442749,
    "q1": 6.670477390289307,
    "q3": 8.658241271972656,
    "k": 99999999
}