{
    "layer": 6,
    "name": "ln2_sae_err_norms",
    "shape": "torch.Size([38400])",
    "min": 0.07021760195493698,
    "max": 17.197507858276367,
    "mean": 7.392916679382324,
    "std": 1.864148497581482,
    "median": 7.299307823181152,
    "q1": 6.326066970825195,
    "q3": 8.39232063293457,
    "k": 32
}