{
    "layer": 4,
    "name": "ln2_sae_err_norms",
    "shape": "torch.Size([38400])",
    "min": 0.04901045188307762,
    "max": 14.910637855529785,
    "mean": 6.046208381652832,
    "std": 1.6779241561889648,
    "median": 5.8681769371032715,
    "q1": 4.994967937469482,
    "q3": 6.911810874938965,
    "k": 32
}