{
    "layer": 4,
    "name": "ln2_sae_err_norms",
    "shape": "torch.Size([38400])",
    "min": 0.422010600566864,
    "max": 25.437929153442383,
    "mean": 11.645669937133789,
    "std": 2.7794554233551025,
    "median": 11.501754760742188,
    "q1": 10.002350807189941,
    "q3": 13.159942626953125,
    "k": 2
}