{
    "layer": 9,
    "name": "ln2_sae_err_norms",
    "shape": "torch.Size([38400])",
    "min": 0.5073314905166626,
    "max": 35.06747817993164,
    "mean": 15.313600540161133,
    "std": 3.4661052227020264,
    "median": 15.263824462890625,
    "q1": 13.400035858154297,
    "q3": 17.198238372802734,
    "k": 2
}