{
    "layer": 10,
    "name": "ln2_sae_err_norms",
    "shape": "torch.Size([38400])",
    "min": 0.49748682975769043,
    "max": 34.59811782836914,
    "mean": 12.329859733581543,
    "std": 3.1772477626800537,
    "median": 12.297318458557129,
    "q1": 10.528593063354492,
    "q3": 14.098091125488281,
    "k": 4
}