{
    "layer": 2,
    "name": "ln2_sae_err_norms",
    "shape": "torch.Size([38400])",
    "min": 1.9752296209335327,
    "max": 25.226085662841797,
    "mean": 10.135351181030273,
    "std": 2.4004056453704834,
    "median": 9.854894638061523,
    "q1": 8.682212829589844,
    "q3": 11.17782974243164,
    "k": 2
}