{
    "layer": 9,
    "name": "ln2_sae_err_norms",
    "shape": "torch.Size([38400])",
    "min": 0.05683857947587967,
    "max": 19.07505226135254,
    "mean": 7.702902793884277,
    "std": 1.8493573665618896,
    "median": 7.690479755401611,
    "q1": 6.689948081970215,
    "q3": 8.729190826416016,
    "k": 99999999
}