{
    "layer": 8,
    "name": "ln2_sae_err_norms",
    "shape": "torch.Size([38400])",
    "min": 0.05486597493290901,
    "max": 26.76912498474121,
    "mean": 11.211709022521973,
    "std": 2.851494550704956,
    "median": 11.241436004638672,
    "q1": 9.660140037536621,
    "q3": 12.85596752166748,
    "k": 8
}