{
    "layer": 5,
    "name": "ln2_sae_err_norms",
    "shape": "torch.Size([38400])",
    "min": 0.26947447657585144,
    "max": 26.59974479675293,
    "mean": 12.918444633483887,
    "std": 3.006873846054077,
    "median": 12.864126205444336,
    "q1": 11.22263240814209,
    "q3": 14.583246231079102,
    "k": 2
}