{
    "layer": 7,
    "name": "ln2_sae_err_norms",
    "shape": "torch.Size([38400])",
    "min": 0.9886979460716248,
    "max": 32.779422760009766,
    "mean": 16.58146858215332,
    "std": 3.391134023666382,
    "median": 16.608983993530273,
    "q1": 14.749528884887695,
    "q3": 18.48601531982422,
    "k": 1
}