{
    "layer": 0,
    "name": "ln2_sae_err_norms",
    "shape": "torch.Size([38400])",
    "min": 0.1354219615459442,
    "max": 14.838079452514648,
    "mean": 1.5690476894378662,
    "std": 1.4313606023788452,
    "median": 1.1339035034179688,
    "q1": 0.9006141424179077,
    "q3": 1.5481575727462769,
    "k": 32
}