{
    "layer": 2,
    "name": "ln2_sae_err_norms",
    "shape": "torch.Size([38400])",
    "min": 0.09321975708007812,
    "max": 17.438419342041016,
    "mean": 5.076075077056885,
    "std": 2.0247979164123535,
    "median": 4.642117500305176,
    "q1": 3.7221484184265137,
    "q3": 5.964657306671143,
    "k": 16
}