{
    "layer": 11,
    "name": "ln2_sae_err_norms",
    "shape": "torch.Size([38400])",
    "min": 0.05858979746699333,
    "max": 36.31733703613281,
    "mean": 6.883358478546143,
    "std": 2.7273030281066895,
    "median": 6.554211616516113,
    "q1": 5.6313605308532715,
    "q3": 7.552473068237305,
    "k": 8
}