{
    "layer": 5,
    "name": "ln2_sae_err_norms",
    "shape": "torch.Size([38400])",
    "min": 0.03370142728090286,
    "max": 21.161399841308594,
    "mean": 9.261783599853516,
    "std": 2.5004944801330566,
    "median": 9.10865306854248,
    "q1": 7.812716484069824,
    "q3": 10.563907623291016,
    "k": 8
}