{
    "layer": 8,
    "name": "ln2_sae_err_norms",
    "shape": "torch.Size([38400])",
    "min": 0.05486597493290901,
    "max": 23.37629508972168,
    "mean": 9.486721992492676,
    "std": 2.467069149017334,
    "median": 9.508570671081543,
    "q1": 8.116684913635254,
    "q3": 10.921692848205566,
    "k": 16
}