{
    "layer": 1,
    "name": "ln2_sae_err_norms",
    "shape": "torch.Size([38400])",
    "min": 0.5913576483726501,
    "max": 21.090782165527344,
    "mean": 5.7602858543396,
    "std": 2.3286592960357666,
    "median": 5.297938823699951,
    "q1": 4.419975757598877,
    "q3": 6.356521129608154,
    "k": 4
}