{
    "layer": 6,
    "name": "ln2_sae_err_norms",
    "shape": "torch.Size([38400])",
    "min": 0.07021760195493698,
    "max": 15.28187370300293,
    "mean": 7.1089982986450195,
    "std": 1.6728527545928955,
    "median": 7.05868673324585,
    "q1": 6.168160438537598,
    "q3": 8.040363311767578,
    "k": 128
}