{
    "layer": 10,
    "name": "ln2_sae_err_norms",
    "shape": "torch.Size([38400])",
    "min": 0.027055006474256516,
    "max": 22.10575294494629,
    "mean": 7.840416431427002,
    "std": 1.9518346786499023,
    "median": 7.808253288269043,
    "q1": 6.775293827056885,
    "q3": 8.86079216003418,
    "k": 128
}