{
    "layer": 0,
    "name": "ln2_sae_err_norms",
    "shape": "torch.Size([38400])",
    "min": 0.1354219615459442,
    "max": 12.006196975708008,
    "mean": 1.4592676162719727,
    "std": 1.1575140953063965,
    "median": 1.1030900478363037,
    "q1": 0.8916952610015869,
    "q3": 1.4533774852752686,
    "k": 64
}