{
    "layer": 9,
    "name": "ln2_sae_err_norms",
    "shape": "torch.Size([38400])",
    "min": 0.05683857947587967,
    "max": 20.80059051513672,
    "mean": 8.406749725341797,
    "std": 2.148705244064331,
    "median": 8.403943061828613,
    "q1": 7.2072978019714355,
    "q3": 9.62900447845459,
    "k": 32
}