{
    "layer": 3,
    "name": "ln2_sae_err_norms",
    "shape": "torch.Size([38400])",
    "min": 0.445779412984848,
    "max": 25.7025203704834,
    "mean": 12.000850677490234,
    "std": 2.872743844985962,
    "median": 11.702140808105469,
    "q1": 10.168831825256348,
    "q3": 13.612255096435547,
    "k": 1
}