{
    "layer": 0,
    "name": "ln2_sae_err_norms",
    "shape": "torch.Size([38400])",
    "min": 0.1354219615459442,
    "max": 18.552040100097656,
    "mean": 1.852227807044983,
    "std": 2.053717851638794,
    "median": 1.2253972291946411,
    "q1": 0.9326155185699463,
    "q3": 1.7787379026412964,
    "k": 16
}