{
    "layer": 7,
    "name": "ln2_sae_err_norms",
    "shape": "torch.Size([38400])",
    "min": 0.10493036359548569,
    "max": 20.867738723754883,
    "mean": 9.1211576461792,
    "std": 2.3220996856689453,
    "median": 9.107380867004395,
    "q1": 7.836617946624756,
    "q3": 10.426656723022461,
    "k": 16
}