{
    "layer": 0,
    "name": "ln2_sae_err_norms",
    "shape": "torch.Size([38400])",
    "min": 0.1354219615459442,
    "max": 11.035324096679688,
    "mean": 1.4486117362976074,
    "std": 1.1303513050079346,
    "median": 1.1005029678344727,
    "q1": 0.8910514116287231,
    "q3": 1.4436312913894653,
    "k": 99999999
}