{
    "layer": 4,
    "name": "ln2_sae_err_norms",
    "shape": "torch.Size([38400])",
    "min": 0.8005061745643616,
    "max": 26.624746322631836,
    "mean": 13.537664413452148,
    "std": 2.9803354740142822,
    "median": 13.439361572265625,
    "q1": 11.7586088180542,
    "q3": 15.277016639709473,
    "k": 1
}