{
    "layer": 0,
    "name": "ln2_sae_err_norms",
    "shape": "torch.Size([38400])",
    "min": 0.1354219615459442,
    "max": 11.035324096679688,
    "mean": 1.4486641883850098,
    "std": 1.1304759979248047,
    "median": 1.1005200147628784,
    "q1": 0.8910514116287231,
    "q3": 1.4437041282653809,
    "k": 128
}