{
    "layer": 6,
    "name": "ln2_sae_err_norms",
    "shape": "torch.Size([38400])",
    "min": 0.08527088165283203,
    "max": 23.198150634765625,
    "mean": 10.050058364868164,
    "std": 2.604929208755493,
    "median": 9.964547157287598,
    "q1": 8.574359893798828,
    "q3": 11.463485717773438,
    "k": 8
}