{
    "layer": 11,
    "name": "ln2_sae_err_norms",
    "shape": "torch.Size([38400])",
    "min": 0.05859660357236862,
    "max": 31.145118713378906,
    "mean": 4.7963714599609375,
    "std": 1.8784565925598145,
    "median": 4.486715316772461,
    "q1": 3.8906049728393555,
    "q3": 5.227076530456543,
    "k": 128
}