{
    "layer": 3,
    "name": "ln2_sae_err_norms",
    "shape": "torch.Size([38400])",
    "min": 0.10741999745368958,
    "max": 14.696396827697754,
    "mean": 5.45980978012085,
    "std": 1.6264005899429321,
    "median": 5.243614673614502,
    "q1": 4.410848140716553,
    "q3": 6.278249263763428,
    "k": 32
}