{
    "layer": 1,
    "name": "ln2_sae_err_norms",
    "shape": "torch.Size([38400])",
    "min": 0.08280400186777115,
    "max": 13.749445915222168,
    "mean": 3.2522363662719727,
    "std": 1.4381258487701416,
    "median": 2.845731735229492,
    "q1": 2.488865375518799,
    "q3": 3.4207468032836914,
    "k": 32
}