{
    "layer": 0,
    "name": "ln2_sae_err_norms",
    "shape": "torch.Size([38400])",
    "min": 3.5073678493499756,
    "max": 27.76603126525879,
    "mean": 12.7418794631958,
    "std": 4.887531280517578,
    "median": 11.83312702178955,
    "q1": 8.404350280761719,
    "q3": 16.844758987426758,
    "k": 1
}