{
    "layer": 11,
    "name": "ln2_sae_err_norms",
    "shape": "torch.Size([38400])",
    "min": 0.05859660357236862,
    "max": 31.145118713378906,
    "mean": 4.796449184417725,
    "std": 1.8792674541473389,
    "median": 4.486715316772461,
    "q1": 3.890676975250244,
    "q3": 5.227076530456543,
    "k": 99999999
}