{
    "layer": 10,
    "name": "ln2_sae_err_norms",
    "shape": "torch.Size([38400])",
    "min": 0.03602241352200508,
    "max": 30.568408966064453,
    "mean": 10.624120712280273,
    "std": 2.8698887825012207,
    "median": 10.637761116027832,
    "q1": 9.002462387084961,
    "q3": 12.246191024780273,
    "k": 8
}