{
    "layer": 6,
    "name": "ln2_sae_err_norms",
    "shape": "torch.Size([38400])",
    "min": 0.07021760195493698,
    "max": 15.28187370300293,
    "mean": 7.108994960784912,
    "std": 1.6728463172912598,
    "median": 7.05868673324585,
    "q1": 6.168160438537598,
    "q3": 8.040433883666992,
    "k": 99999999
}