{
    "layer": 9,
    "name": "ln2_sae_err_norms",
    "shape": "torch.Size([38400])",
    "min": 0.05683857947587967,
    "max": 24.5135555267334,
    "mean": 9.75678539276123,
    "std": 2.550896644592285,
    "median": 9.772058486938477,
    "q1": 8.33867073059082,
    "q3": 11.222082138061523,
    "k": 16
}