{
    "layer": 9,
    "name": "ln2_sae_err_norms",
    "shape": "torch.Size([38400])",
    "min": 0.2047099620103836,
    "max": 33.23015213012695,
    "mean": 13.436936378479004,
    "std": 3.2446770668029785,
    "median": 13.44197940826416,
    "q1": 11.679627418518066,
    "q3": 15.246241569519043,
    "k": 4
}