{
    "layer": 5,
    "name": "ln2_sae_err_norms",
    "shape": "torch.Size([38400])",
    "min": 0.033701490610837936,
    "max": 18.535388946533203,
    "mean": 7.764425277709961,
    "std": 2.162625789642334,
    "median": 7.600290298461914,
    "q1": 6.498434543609619,
    "q3": 8.87138557434082,
    "k": 16
}