{
    "layer": 1,
    "name": "ln2_sae_err_norms",
    "shape": "torch.Size([38400])",
    "min": 0.08280400186777115,
    "max": 16.00788116455078,
    "mean": 3.4121956825256348,
    "std": 1.6842294931411743,
    "median": 2.931258201599121,
    "q1": 2.543778419494629,
    "q3": 3.5796985626220703,
    "k": 16
}