{
    "layer": 6,
    "name": "ln2_sae_err_norms",
    "shape": "torch.Size([38400])",
    "min": 0.19811297953128815,
    "max": 25.750009536743164,
    "mean": 11.905789375305176,
    "std": 2.898050546646118,
    "median": 11.832795143127441,
    "q1": 10.278847694396973,
    "q3": 13.50474739074707,
    "k": 4
}