{
    "layer": 11,
    "name": "ln2_sae_err_norms",
    "shape": "torch.Size([38400])",
    "min": 0.05859660357236862,
    "max": 31.62510108947754,
    "mean": 5.0696120262146,
    "std": 1.9401054382324219,
    "median": 4.815542697906494,
    "q1": 4.119313716888428,
    "q3": 5.583909034729004,
    "k": 32
}