{
    "layer": 8,
    "name": "ln2_sae_err_norms",
    "shape": "torch.Size([38400])",
    "min": 0.28051474690437317,
    "max": 33.2618408203125,
    "mean": 15.033912658691406,
    "std": 3.3433470726013184,
    "median": 15.032638549804688,
    "q1": 13.205696105957031,
    "q3": 16.92302894592285,
    "k": 2
}