{
    "layer": 11,
    "name": "ln2_sae_err_norms",
    "shape": "torch.Size([38400])",
    "min": 0.7762438058853149,
    "max": 54.188690185546875,
    "mean": 9.668822288513184,
    "std": 5.53948974609375,
    "median": 8.466879844665527,
    "q1": 7.431396961212158,
    "q3": 9.790782928466797,
    "k": 2
}