{
    "layer": 9,
    "name": "ln2_sae_err_norms",
    "shape": "torch.Size([38400])",
    "min": 0.05683857947587967,
    "max": 19.131641387939453,
    "mean": 7.763526439666748,
    "std": 1.8863722085952759,
    "median": 7.749819278717041,
    "q1": 6.721793174743652,
    "q3": 8.811910629272461,
    "k": 64
}