{
    "layer": 6,
    "name": "ln2_sae_err_norms",
    "shape": "torch.Size([38400])",
    "min": 0.07021760195493698,
    "max": 20.460912704467773,
    "mean": 8.434165000915527,
    "std": 2.238595724105835,
    "median": 8.326057434082031,
    "q1": 7.144964218139648,
    "q3": 9.637836456298828,
    "k": 16
}